evidence_id,question_id,source_id,entity,program_id,cohort_id,metric_type,metric_name,value,value_min,value_max,unit,denominator,period_start,period_end,geography,audience,evidence_text,locator,verification_status,limitation
M-E001,SIZE,M-S001,Tomorrow Marketers,,,lifetime_learners,Học viên tích lũy (tự công bố),15000+,,,học viên,,,,Việt Nam,Người đi làm + sinh viên,"'Với 7+ năm phát triển, 15.000+ học viên'","Mục 'Tại sao là Tomorrow Marketers?' — đoạn trích tìm kiếm, chưa mở trực tiếp",công bố nhà cung cấp,"Tích lũy mọi thời kỳ, KHÔNG phải tuyển sinh năm; chưa rõ định nghĩa (trả phí/học thử/miễn phí); MÂU THUẪN với M-E002 (gần 30.000) |  V2-xác minh 08/10/2026: tiếp cận=đã đọc nguồn gốc; hỗ trợ=hỗ trợ đúng claim; phù hợp=thuộc Category; dùng=tín hiệu-giả thuyết. Lý do: Số tự công bố (lifetime, không kỳ/mẫu kiểm toán). Đối chiếu nội bộ MÂU THUẪN với M-E002 (gần 30.000). Giữ nhãn công bố NCC, không nâng thành kiểm toán."
M-E002,SIZE,M-S002,Tomorrow Marketers,,,lifetime_learners,Học viên tích lũy (tự công bố),~30000,,,học viên,,2015,2025,Việt Nam,,"đơn vị đào tạo Marketing & Data Analytics với 10 năm hoạt động, gần 30.000 học viên và 200 doanh nghiệp đối tác","browser.open 08/10/2026, dòng L27-L28",công bố nhà cung cấp,Tích lũy 10 năm; MÂU THUẪN với M-E001 (15.000+); định nghĩa 'học viên' không nêu; trích dẫn đã rút gọn cho đúng giới hạn ≤25 từ theo QA |  V2-xác minh 08/10/2026: tiếp cận=đã đọc nguồn gốc; hỗ trợ=hỗ trợ đúng claim; phù hợp=thuộc Category; dùng=tín hiệu-giả thuyết. Lý do: Số tự công bố lifetime; mâu thuẫn nội bộ với M-E001 (15.000+). Giữ nhãn công bố NCC.
M-E003,SIZE,M-S004,AIM Academy,,,lifetime_learners,Học viên tự tin tham gia thị trường lao động (tự công bố),9000+,,,học viên,,,2026,Việt Nam,,'9000+ Học viên tự tin tham gia thị trường lao động',"Trang chủ aimacademy.vn — đoạn trích tìm kiếm (crawl ~18 ngày trước), chưa mở trực tiếp",công bố nhà cung cấp,Tích lũy từ 2011; cùng nhãn với M-E004 → chuỗi 7.700+ → 9.000+; chưa đối chiếu trực tiếp | [V2-HẠ MỨC] V2-xác minh 08/10/2026: tiếp cận=chỉ thấy snippet; hỗ trợ=chưa đủ thông tin; phù hợp=thuộc Category; dùng=tín hiệu-giả thuyết. Lý do: Giữ bản ghi pack như snippet; chưa xác nhận độc lập (không phải dòng kết luận).
M-E004,GROWTH,M-S003,AIM Academy,,,lifetime_learners,Học viên tự tin tham gia thị trường lao động (tự công bố),7700+,,,học viên,,,2025,Việt Nam,,'7700+ Học viên tự tin tham gia thị trường lao động',Trang elearning.aimacademy.vn/ve-aim-academy/ — đoạn trích tìm kiếm; browser.open BỊ LỖI ngày 08/10/2026,công bố nhà cung cấp,Điểm đầu chuỗi so với M-E003 (9.000+); trang cũ hơn (~2024-2025); chưa đối chiếu trực tiếp | [V2-HẠ MỨC] V2-xác minh 08/10/2026: tiếp cận=chỉ thấy snippet; hỗ trợ=chưa đủ thông tin; phù hợp=thuộc Category; dùng=tín hiệu-giả thuyết. Lý do: Giữ bản ghi pack như snippet; chưa xác nhận độc lập.
M-E005,GROWTH,M-S003,AIM Academy,,,,Số chương trình đào tạo theo yêu cầu doanh nghiệp đã tổ chức (tích lũy),60+,,,chương trình,,,2025,Việt Nam,Doanh nghiệp B2B,'60+ Chương trình đào tạo theo yêu cầu được tổ chức cho các khách hàng doanh nghiệp',elearning.aimacademy.vn/ve-aim-academy/ — đoạn trích tìm kiếm,công bố nhà cung cấp,Cùng nhãn với M-E006 → chuỗi 60+ → 200+; chưa đối chiếu trực tiếp | [V2-HẠ MỨC] V2-xác minh 08/10/2026: tiếp cận=chỉ thấy snippet; hỗ trợ=chưa đủ thông tin; phù hợp=thuộc Category; dùng=tín hiệu-giả thuyết. Lý do: Giữ bản ghi pack như snippet; chưa xác nhận độc lập.
M-E006,GROWTH,M-S004,AIM Academy,,,,Số chương trình đào tạo theo yêu cầu doanh nghiệp đã tổ chức (tích lũy),200+,,,chương trình,,,2026,Việt Nam,Doanh nghiệp B2B,'200+ Chương trình đào tạo theo yêu cầu được tổ chức cho các khách hàng doanh nghiệp',Trang chủ aimacademy.vn — đoạn trích tìm kiếm (crawl ~18 ngày trước),công bố nhà cung cấp,Điểm cuối chuỗi so với M-E005; chưa đối chiếu trực tiếp | [V2-HẠ MỨC] V2-xác minh 08/10/2026: tiếp cận=chỉ thấy snippet; hỗ trợ=chưa đủ thông tin; phù hợp=thuộc Category; dùng=tín hiệu-giả thuyết. Lý do: Giữ bản ghi pack như snippet; chưa xác nhận độc lập.
M-E007,SIZE,M-S005,Vinalink Academy,,,lifetime_learners,Học viên đã đào tạo (tự công bố trên TopCV),15000+,,,học viên,,,,Việt Nam,,'đã đào tạo hơn 15.000 học viên',"Hồ sơ công ty trên topcv.vn — đoạn trích tìm kiếm, chưa mở trực tiếp",công bố nhà cung cấp,MÂU THUẪN với M-E008 (50.000+) và M-E010 (20.000+); chưa đối chiếu trực tiếp | [V2-HẠ MỨC] V2-xác minh 08/10/2026: tiếp cận=chỉ thấy snippet; hỗ trợ=chưa đủ thông tin; phù hợp=thuộc Category; dùng=tín hiệu-giả thuyết. Lý do: Giữ bản ghi pack ('đã đào tạo hơn 15.000 học viên') như snippet.
M-E008,SIZE,M-S006,Vinalink Academy,,,lifetime_learners,Số học viên tham gia học tại Vinalink Academy (tự công bố),50000+,,,học viên,,,2018,Việt Nam,,'50.000+ Là số học viên tham gia học tại tại Vinalink Academy',"Trang vinalink.com (đăng 07/2018) — đoạn trích tìm kiếm, chưa mở trực tiếp",công bố nhà cung cấp,"Trang 2018 nhưng số CAO HƠN các công bố mới (M-E007, M-E010) → mâu thuẫn; có thể gồm cộng đồng/học viên miễn phí | [V2-HẠ MỨC] V2-xác minh 08/10/2026: tiếp cận=chỉ thấy snippet; hỗ trợ=chưa đủ thông tin; phù hợp=thuộc Category; dùng=tín hiệu-giả thuyết. Lý do: Giữ bản ghi pack ('50.000+') như snippet."
M-E009,SIZE,M-S007,Vinalink Academy,,,actual_enrollment,Học viên trung bình mỗi tháng,350,300,400,học viên/tháng,tháng,,2024,Việt Nam,,'trung bình 300-400 học viên/tháng',"danhgiathuonghieu.vn — đoạn trích tìm kiếm (bài ~2024), chưa mở trực tiếp",chưa xác minh,"Nguồn thứ cấp (review site, dấu hiệu sao chép PR); MÂU THUẪN với M-E011 (500-600/tháng) | [V2-HẠ MỨC] V2-xác minh 08/10/2026: tiếp cận=chỉ thấy snippet; hỗ trợ=chưa đủ thông tin; phù hợp=thuộc Category; dùng=tín hiệu-giả thuyết. Lý do: Giữ bản ghi pack ('trung bình 300-400 học viên/tháng') như snippet."
M-E010,SIZE,M-S008,Vinalink Academy,,,lifetime_learners,Học viên đã đào tạo (theo review site),20000+,,,học viên,,,2026,Việt Nam,,'đã tào tạo hơn 20.000 học viên',"saigonreview.vn — đoạn trích tìm kiếm (cập nhật ~2026), chưa mở trực tiếp",chưa xác minh,Nguồn thứ cấp; MÂU THUẪN với M-E007 (15.000+) | [V2-HẠ MỨC] V2-xác minh 08/10/2026: tiếp cận=chỉ thấy snippet; hỗ trợ=chưa đủ thông tin; phù hợp=thuộc Category; dùng=tín hiệu-giả thuyết. Lý do: Giữ bản ghi pack ('hơn 20.000 học viên') như snippet.
M-E011,SIZE,M-S008,Vinalink Academy,,,actual_enrollment,Học viên trung bình mỗi tháng,550,500,600,học viên/tháng,tháng,,2026,Việt Nam,,'trung bình học viên mỗi tháng từ 500-600 học viên',"saigonreview.vn — đoạn trích tìm kiếm, chưa mở trực tiếp",chưa xác minh,Nguồn thứ cấp; MÂU THUẪN với M-E009 (300-400/tháng) | [V2-HẠ MỨC] V2-xác minh 08/10/2026: tiếp cận=chỉ thấy snippet; hỗ trợ=chưa đủ thông tin; phù hợp=thuộc Category; dùng=tín hiệu-giả thuyết. Lý do: Giữ bản ghi pack ('500-600 học viên/tháng') như snippet.
M-E012,SIZE,M-S009,Vinalink Academy,,,actual_enrollment,Học viên SEO mỗi tháng (lịch sử),400,,,học viên/tháng,tháng,,2016,Việt Nam,,'số lượng học viên là 400 học viên/tháng',"seobenvung.com — đoạn trích tìm kiếm (bài ~2016), chưa mở trực tiếp",chưa xác minh,"Dữ liệu lịch sử 2016, nguồn thứ cấp trích PR của đơn vị | [V2-HẠ MỨC] V2-xác minh 08/10/2026: tiếp cận=chỉ thấy snippet; hỗ trợ=chưa đủ thông tin; phù hợp=thuộc Category; dùng=tín hiệu-giả thuyết. Lý do: Giữ bản ghi pack ('400 học viên/tháng', dữ liệu lịch sử) như snippet."
M-E013,SIZE,M-S009,Vinalink Academy,SEO PRO,,,Số lớp đào tạo mỗi tháng (lịch sử),8,,,lớp/tháng,tháng,,2016,"Việt Nam (HN, HCM, Đà Nẵng, Nha Trang)",,"'hàng tháng tổ chức đều đặn liền 8 lớp đào tạo tại Hà nội, TPHCM, đà nẵng, Nha Trang'",seobenvung.com — đoạn trích tìm kiếm (bài ~2016),chưa xác minh,"Dữ liệu lịch sử 2016, nguồn thứ cấp | [V2-HẠ MỨC] V2-xác minh 08/10/2026: tiếp cận=chỉ thấy snippet; hỗ trợ=chưa đủ thông tin; phù hợp=thuộc Category; dùng=tín hiệu-giả thuyết. Lý do: Giữ bản ghi pack ('8 lớp/tháng', dữ liệu lịch sử) như snippet."
M-E014,SIZE,M-S010,Hướng Nghiệp Á Âu,,,actual_enrollment,Học viên đào tạo mỗi năm — TOÀN BỘ KHỐI NGÀNH,20000+,,,học viên/năm,năm,,,Việt Nam,,"Hơn 20.000 học viên/năm thuộc khối ngành F&B, Chăm sóc sắc đẹp, Digital Marketing, Học Viện Âm Nhạc Á Âu, Media Production","browser.open huongnghiepaau.com 08/10/2026, dòng L10-L13",công bố nhà cung cấp,"KHÔNG tách riêng Digital Marketing — số này KHÔNG dùng được cho Category marketing; ghi để tránh nhầm phạm vi; trích dẫn đã rút gọn cho đúng giới hạn ≤25 từ theo QA |  V2-xác minh 08/10/2026: tiếp cận=đã đọc nguồn gốc; hỗ trợ=hỗ trợ đúng claim; phù hợp=chỉ bối cảnh; dùng=tín hiệu-giả thuyết. Lý do: Toàn khối ngành (F&B, làm đẹp, Digital...), KHÔNG phân tách ngành Marketing → chỉ bối cảnh, không dùng cho quy mô Category."
M-E015,SIZE,M-S010,Hướng Nghiệp Á Âu,,,lifetime_learners,Học viên tích lũy — TOÀN BỘ KHỐI NGÀNH,200083+,,,học viên,,,,Việt Nam,,'200083+ Học viên',"browser.open huongnghiepaau.com 08/10/2026, dòng L31-L33",công bố nhà cung cấp,"KHÔNG tách riêng Digital Marketing; tích lũy mọi thời kỳ |  V2-xác minh 08/10/2026: tiếp cận=đã đọc nguồn gốc; hỗ trợ=hỗ trợ đúng claim; phù hợp=chỉ bối cảnh; dùng=tín hiệu-giả thuyết. Lý do: Toàn khối ngành, không phân tách Marketing → chỉ bối cảnh."
M-E016,SIZE,M-S010,Hướng Nghiệp Á Âu,,,,Số lớp khai giảng tích lũy — TOÀN BỘ KHỐI NGÀNH,13317,,,lớp,,,,Việt Nam,,'13317 Lớp khai giảng',"browser.open huongnghiepaau.com 08/10/2026, dòng L27-L29",công bố nhà cung cấp,"KHÔNG tách riêng Digital Marketing |  V2-xác minh 08/10/2026: tiếp cận=đã đọc nguồn gốc; hỗ trợ=hỗ trợ đúng claim; phù hợp=chỉ bối cảnh; dùng=tín hiệu-giả thuyết. Lý do: Toàn khối ngành, không phân tách Marketing → chỉ bối cảnh."
M-E017,GROWTH,M-S013,BRAND Camp,,,,Số khóa học trên nền tảng (tích lũy),200+,,,khóa học,,,2023-12,Việt Nam,,'hơn 200 khóa học',brandcamp.asia/blog/319 (promo 05.12–07.12.2023) — đoạn trích tìm kiếm,công bố nhà cung cấp,"Điểm đầu chuỗi: 200+ (12/2023) → 200+ (09/2024) → 250+ (08/2025); số khóa học tích lũy, không phải học viên | [V2-HẠ MỨC] V2-xác minh 08/10/2026: tiếp cận=chỉ thấy snippet; hỗ trợ=chưa đủ thông tin; phù hợp=thuộc Category; dùng=tín hiệu-giả thuyết. Lý do: Giữ bản ghi pack ('hơn 200 khóa học', promo 12/2023) như snippet; phù hợp xu hướng promo sau này."
M-E018,GROWTH,M-S012,BRAND Camp,,,,Số khóa học trên nền tảng (tích lũy),200+,,,khóa học,,,2024-09,Việt Nam,,'hơn 200 khóa học',brandcamp.asia/blog/369 (promo đến 05.09.2024) — đoạn trích tìm kiếm,công bố nhà cung cấp,"Điểm giữa chuỗi; cùng nhãn với M-E017/M-E019 | [V2-HẠ MỨC] V2-xác minh 08/10/2026: tiếp cận=chỉ thấy snippet; hỗ trợ=chưa đủ thông tin; phù hợp=thuộc Category; dùng=tín hiệu-giả thuyết. Lý do: Giữ bản ghi pack ('hơn 200 khóa học', promo đến 05/09/2024) như snippet."
M-E019,GROWTH,M-S011,BRAND Camp,,,,Số khóa học trên nền tảng (tích lũy),250+,,,khóa học,,,2025-08,Việt Nam,,"'hiện nay, Brand Camp đã có hơn 250 khóa học'","browser.open 08/10/2026, dòng L15-L16 (promo áp dụng 10.08–15.08.2025)",công bố nhà cung cấp,"Điểm cuối chuỗi; số khóa học tích lũy, không phải học viên |  V2-xác minh 08/10/2026: tiếp cận=đã đọc nguồn thứ cấp; hỗ trợ=hỗ trợ đúng claim; phù hợp=thuộc Category; dùng=tín hiệu-giả thuyết. Lý do: Số tự công bố của NCC tại thời điểm promo; chỉ tín hiệu cung ứng."
M-E020,GROWTH,M-S011,BRAND Camp,,,,Số giảng viên/chuyên gia trên nền tảng,50+,,,giảng viên,,,2025-08,Việt Nam,,"'đội ngũ 50+ giảng viên, chuyên gia đầu ngành tại Việt Nam'","browser.open 08/10/2026, dòng L15-L16",công bố nhà cung cấp,"Tăng từ 40+ (2023–2024, theo M-S012/M-S013) lên 50+ (2025) |  V2-xác minh 08/10/2026: tiếp cận=đã đọc nguồn thứ cấp; hỗ trợ=hỗ trợ đúng claim; phù hợp=thuộc Category; dùng=tín hiệu-giả thuyết. Lý do: Số tự công bố của NCC; chỉ tín hiệu cung ứng."
M-E021,SIZE,M-S014,Google × NIC (Google Career Certificates),,,announced_intake,"Suất học bổng công bố (toàn bộ 10 chứng chỉ, gồm Digital Marketing & E-commerce)",20000,,,suất học bổng,,2022,Việt Nam,Học viên 40+ trường ĐH/trường nghề,,'trao tặng 20.000 suất học bổng cho học viên của hơn 40 trường đại học và trường nghề tại Việt Nam',"mediaonlinevn.com (16/07/2022) — đoạn trích tìm kiếm, chưa mở trực tiếp",chưa xác minh,"CHỈ TIÊU học bổng, KHÔNG phải tuyển sinh thực tế; không tách riêng chứng chỉ marketing; HỌC BỔNG ≠ KHÁCH TRẢ PHÍ | [V2-HẠ MỨC] V2-xác minh 08/10/2026: tiếp cận=đã đọc nguồn thứ cấp; hỗ trợ=hỗ trợ một phần; phù hợp=chỉ bối cảnh; dùng=chỉ tham khảo. Lý do: MÂU THUẪN MỘT PHẦN: bài báo ghi chương trình 2022 có 5 khóa học, pack ghi '10 chứng chỉ' (gồm Digital Marketing & E-commerce) → hỗ trợ một phần. Học bổng ≠ học viên trả phí."
M-E022,SIZE,M-S014,Google × NIC,,,announced_intake,Suất học bổng đăng ký trực tiếp (doanh nghiệp/tổ chức/cá nhân),~3000,,,suất học bổng,,2022,,Việt Nam,,"khoảng 3.000 suất học bổng cho doanh nghiệp, tổ chức và cá nhân đăng ký trực tiếp tại website nhantaiso.nic.gov.vn",mediaonlinevn.com (16/07/2022) — đoạn trích tìm kiếm,chưa xác minh,"Chỉ tiêu, không phải số đăng ký/học thực tế; trích dẫn đã rút gọn cho đúng giới hạn ≤25 từ theo QA |  V2-xác minh 08/10/2026: tiếp cận=đã đọc nguồn thứ cấp; hỗ trợ=hỗ trợ đúng claim; phù hợp=chỉ bối cảnh; dùng=chỉ tham khảo. Lý do: Học bổng, không phải giao dịch trả phí; chỉ bối cảnh."
M-E023,SIZE,M-S016,Google × NIC × ĐH Duy Tân,,,announced_intake,Suất học bổng phân bổ cho ĐH Duy Tân (năm 2025),500,,,suất học bổng,,2025,,Việt Nam (Đà Nẵng),,'cấp 500 suất cho Đại học Duy Tân',"khoamarketing.duytan.edu.vn — đoạn trích tìm kiếm, chưa mở trực tiếp",chưa xác minh,Chỉ tiêu cho 1 trường; không tách chứng chỉ marketing; không phải số học thực tế | [V2-HẠ MỨC] V2-xác minh 08/10/2026: tiếp cận=đã đọc nguồn gốc; hỗ trợ=chưa đủ thông tin; phù hợp=chỉ bối cảnh; dùng=chỉ tham khảo. Lý do: Trang có thể đã đổi nội dung → 'không xác nhận được giá trị lịch sử'. Giữ bản ghi pack như snippet; học bổng ≠ trả phí.
M-E024,SIZE,M-S017,Google × NIC,,,announced_intake,Suất học bổng toàn phần (chương trình 2026),,,,suất học bổng,,2026,,Việt Nam,Công dân VN từ 18 tuổi,'Với hàng nghìn suất học bổng toàn phần',"ybox.vn — đoạn trích tìm kiếm, chưa mở trực tiếp",chưa xác minh,"Không có số chính xác ('hàng nghìn'); chỉ tiêu, không tách chứng chỉ marketing | [V2-HẠ MỨC] V2-xác minh 08/10/2026: tiếp cận=không tiếp cận được; hỗ trợ=chưa đủ thông tin; phù hợp=chỉ bối cảnh; dùng=chỉ tham khảo. Lý do: Giữ bản ghi pack ('hàng nghìn suất học bổng toàn phần') như snippet; học bổng ≠ trả phí."
M-E025,SIZE,M-S018,Unica (iNET Academy),,,lifetime_learners,Học viên toàn nền tảng (mọi lĩnh vực),200000+,,,học viên,,,2025,Việt Nam,,'được vận hành bởi iNET Academy - Học viện Internet Marketing với hơn 200.000 học viên',Mô tả video YouTube youtube.com/watch?v=7gTfrrsRCUk (đăng ~02/2025) — đoạn trích tìm kiếm,công bố nhà cung cấp,"Toàn nền tảng, mọi lĩnh vực — KHÔNG tách riêng marketing | [V2-HẠ MỨC] V2-xác minh 08/10/2026: tiếp cận=chỉ thấy snippet; hỗ trợ=chưa đủ thông tin; phù hợp=thuộc Category; dùng=tín hiệu-giả thuyết. Lý do: Giữ bản ghi pack ('200.000+ học viên toàn nền tảng iNET/Unica') như snippet."
M-E026,SIZE,M-S019,Unica,Facebook Marketing từ A - Z,,lifetime_learners,Người học khóa 'Facebook Marketing từ A - Z' (bộ đếm trên trang khóa học),9753,,,người học,,,2024,Việt Nam,,'Đã có 9753 người học',"mytour.vn — đoạn trích tìm kiếm (bài ~2024), chưa mở trực tiếp",chưa xác minh,"Nguồn thứ cấp trích lại counter trang Unica; chưa rõ gồm học thử miễn phí hay chỉ trả phí |  V2-xác minh 08/10/2026: tiếp cận=đã đọc nguồn thứ cấp; hỗ trợ=hỗ trợ đúng claim; phù hợp=thuộc Category; dùng=chỉ tham khảo. Lý do: Bài affiliate thứ cấp; 'người học' = bộ đếm đăng ký, không phải giao dịch trả phí được kiểm toán."
M-E027,SIZE,M-S021,Kyna,,,lifetime_learners,Học viên toàn nền tảng (lịch sử),300000,,,học viên,,,2017-02,Việt Nam,,'nhận được sự tin tưởng của hơn 300.000 học viên trên khắp cả nước' (số liệu tháng 2/2017),"agiare.vn — đoạn trích tìm kiếm, chưa mở trực tiếp",chưa xác minh,"Dữ liệu lịch sử 02/2017; Kyna sau đó đã ngừng hoạt động; mọi lĩnh vực, không tách marketing | [V2-HẠ MỨC] V2-xác minh 08/10/2026: tiếp cận=chỉ thấy snippet; hỗ trợ=chưa đủ thông tin; phù hợp=thuộc Category; dùng=tín hiệu-giả thuyết. Lý do: Giữ bản ghi pack ('300.000 học viên', dữ liệu lịch sử) như snippet."
M-E028,SIZE,M-S022,Tomorrow Marketers,,,lifetime_learners,Cộng đồng học viên (theo review site),3000+,,,học viên,,,2024,Việt Nam,,'Cộng đồng hơn 3000 học viên đa dạng',"mytour.vn — đoạn trích tìm kiếm (bài ~2024), chưa mở trực tiếp",chưa xác minh,Nguồn thứ cấp; MÂU THUẪN với tự công bố của TM (M-E001/M-E002); không nêu nguồn số liệu |  V2-xác minh 08/10/2026: tiếp cận=đã đọc nguồn thứ cấp; hỗ trợ=hỗ trợ đúng claim; phù hợp=thuộc Category; dùng=chỉ tham khảo. Lý do: Review site thứ cấp; số tự thuật của TM qua báo thứ ba; chỉ tham khảo.
M-E029,SIZE,M-S022,Tomorrow Marketers,,,,Số lớp học đã tổ chức (theo review site),120+,,,lớp,,,2024,"Việt Nam (TP.HCM, Hà Nội)",,'hỗ trợ đào tạo cho hàng nghìn học viên với hơn 120 lớp học',"mytour.vn — đoạn trích tìm kiếm (bài ~2024), chưa mở trực tiếp",chưa xác minh,Nguồn thứ cấp; không nêu nguồn số liệu; không rõ gồm online/offline |  V2-xác minh 08/10/2026: tiếp cận=đã đọc nguồn thứ cấp; hỗ trợ=hỗ trợ đúng claim; phù hợp=thuộc Category; dùng=chỉ tham khảo. Lý do: Như M-E028.
M-E030,SIZE,M-S023,MOA Vietnam,,,cohort_capacity,Sĩ số tối đa mỗi lớp,,3,6,học viên/lớp,lớp,,,Việt Nam,,"'Lớp học chỉ tối đa 6 người' (M-S023); 'mô hình lớp học tối đa 6 học viên/lớp' (kenh14, 2020); 'số lượng học viên mỗi lớp chỉ từ 3 – 5 người' (wisebusiness)",,công bố nhà cung cấp,"Sức chứa lớp, KHÔNG phải tuyển sinh thực tế; không có số lớp/năm | [V2-HẠ MỨC] V2-xác minh 08/10/2026: tiếp cận=chỉ thấy snippet; hỗ trợ=chưa đủ thông tin; phù hợp=thuộc Category; dùng=tín hiệu-giả thuyết. Lý do: Giữ bản ghi pack ('lớp tối đa 6 người') như snippet."
M-E031,SIZE,M-S026,Tomorrow Marketers,Marketing Foundation,,,Mã số lớp (gợi ý số lớp tích lũy),142+,,,lớp,,,,Việt Nam,,'buổi học cuối cùng của lớp TM142' (mô tả video YouTube) ,"youtube.com/watch?v=XsZBtJSfx50 — đoạn trích tìm kiếm, chưa mở trực tiếp",công bố nhà cung cấp,Suy từ mã lớp TM142 → số thứ tự lớp Marketing Foundation ≥142; chưa xác minh trực tiếp; không rõ gồm online/offline hay lớp bị hủy | [V2-HẠ MỨC] V2-xác minh 08/10/2026: tiếp cận=chỉ thấy snippet; hỗ trợ=chưa đủ thông tin; phù hợp=thuộc Category; dùng=tín hiệu-giả thuyết. Lý do: Giữ bản ghi pack ('lớp TM142') như snippet; mã lớp ≠ số lớp tích lũy được kiểm toán.
M-E032,SIZE,M-S014,Bệ phóng Việt Nam Digital 4.0 (Google),,,lifetime_learners,Lao động được đào tạo (toàn bộ kỹ năng số),650000,,,lao động,,,2022,Việt Nam,"DN nhỏ, hộ kinh doanh",'Bệ phóng Việt Nam Digital 4.0 đã đào tạo 650.000 lao động trên khắp cả nước từ các doanh nghiệp nhỏ',mediaonlinevn.com (16/07/2022) — đoạn trích tìm kiếm,chưa xác minh,"NGOÀI PHẠM VI Category: gồm toàn bộ kỹ năng số, không tách marketing; ghi để tránh nhầm phạm vi |  V2-xác minh 08/10/2026: tiếp cận=đã đọc nguồn thứ cấp; hỗ trợ=hỗ trợ đúng claim; phù hợp=chỉ bối cảnh; dùng=chỉ tham khảo. Lý do: Kỹ năng số nói chung, không phải khóa marketing trả phí; chỉ bối cảnh."
M-E101,WHERE,M-S104,Vinalink Academy,,,,,,,,,,2026-09-28,2026-11-09,Việt Nam,,"Vinalink công bố lịch khai giảng: Facebook AI Marketing 02/10/2026 (mã FBZK320, 8 buổi - Tối T2,4,6); Agentic Content Marketing 09/10/2026 (3CZK133, 6 buổi - Tối T2,4,6); SEO AI 5.0 27/10/2026 (SEO AI K238, 6 buổi - Tối T3,5,7); AI Marketing Plan 2026 09/11/2026 (DMPZK220, 6 buổi - Tối T2,4,6); Tiktok Marketing 28/09/2026 (TIKTOK K20, 8 buổi). Tất cả online qua Zoom.",,đối chiếu nguồn gốc,"Các lớp khai giảng sau 08/10/2026 là kế hoạch tương lai; Quan sát ngày 08/10/2026. |  V2-xác minh 08/10/2026: tiếp cận=đã đọc nguồn gốc; hỗ trợ=hỗ trợ đúng claim; phù hợp=thuộc Category; dùng=chỉ tham khảo. Lý do: Per QA2-02 (ràng buộc): ngày trong quá khứ ≠ lớp đã diễn ra. Chỉ dùng như 'lịch công bố', không phải bằng chứng lớp đã tổ chức."
M-E102,SIZE,M-S101;M-S103,Tomorrow Marketers,M-P101,,,,,,,,,,,Việt Nam,,Tomorrow Marketers — Performance Marketing with AI: học phí Standard 8.910.000đ; giá ưu đãi 4.899.000đ; Silver Alumni 5.249.000đ; Gold Alumni 4.249.000đ.,,công bố nhà cung cấp,"Giá promo 4.899.000đ xuất hiện trên trang chính sách giá cựu học viên; điều kiện áp dụng promo chưa công bố rõ; (qua snippet trang chính thức); Quan sát ngày 08/10/2026. |  V2-xác minh 08/10/2026: tiếp cận=đã đọc nguồn gốc; hỗ trợ=hỗ trợ đúng claim; phù hợp=thuộc Category; dùng=tín hiệu-giả thuyết. Lý do: M-S101 chưa đọc độc lập; M-S103 (cùng NCC) xác nhận giá. Bảng giá niêm yết, không phải giao dịch."
M-E103,SIZE,M-S106,Vinalink Academy,M-P106,,,,,,,,,,,Việt Nam,,"Vinalink — Facebook AI Marketing 2026: học phí gốc 9.900.000đ (gạch bỏ); ưu đãi đăng ký sớm 7.400.000đ (đã bao gồm VAT 08%), giảm trực tiếp 2.500.000đ.",,đối chiếu nguồn gốc,"MÂU THUẪN: search snippet cũ của cùng trang ghi gốc 7.900.000đ / sớm 5.900.000đ — giữ cả hai, chưa xác minh mức đang áp dụng; Quan sát ngày 08/10/2026. |  V2-xác minh 08/10/2026: tiếp cận=đã đọc nguồn gốc; hỗ trợ=hỗ trợ đúng claim; phù hợp=thuộc Category; dùng=tín hiệu-giả thuyết. Lý do: Số liệu cũ trong snippet (7.9M/5.9M) vẫn là mâu thuẫn lịch sử đã ghi; bảng giá niêm yết."
M-E104,SIZE,M-S107,Vinalink Academy,M-P103,,,,,,,,,,,Việt Nam,,Vinalink — AI Marketing Plan 2026: học phí gốc 9.900.000đ; đăng ký sớm trước 15 ngày khai giảng còn 7.900.000đ; nhóm doanh nghiệp 3–5 người 6.900.000đ/người; học viên cũ inbox/Zalo nhận ưu đãi đặc biệt.,,công bố nhà cung cấp,MÂU THUẪN: nguồn M-S108 ghi ưu đãi sớm 7.400.000đ (đã gồm VAT 8%) — giữ cả hai; (qua snippet trang chính thức); Quan sát ngày 08/10/2026. | [V2-HẠ MỨC] V2-xác minh 08/10/2026: tiếp cận=không tiếp cận được; hỗ trợ=chưa đủ thông tin; phù hợp=thuộc Category; dùng=chỉ tham khảo. Lý do: Giữ bản ghi pack (AI Marketing Plan 2026: 9.9M/7.4M) như snippet.
M-E105,SIZE,M-S111,BRAND Camp,,,,,,,,,,,,Việt Nam,,BRAND Camp — danh mục Digital Marketing: 17 khóa recorded; giá 199.000đ (Google Local) đến 899.000đ (Digital Transformation Foundation); 1 khóa miễn phí (Digital Product Interview).,,đối chiếu nguồn gốc,"Khóa recorded, không có lịch khai giảng/lớp; Quan sát ngày 08/10/2026. |  V2-xác minh 08/10/2026: tiếp cận=đã đọc nguồn gốc; hỗ trợ=hỗ trợ đúng claim; phù hợp=thuộc Category; dùng=tín hiệu-giả thuyết. Lý do: Đếm trực tiếp tại thời điểm đọc; nội dung có thể thay đổi theo thời gian."
M-E106,SIZE,M-S115,Hướng Nghiệp Á Âu,M-P120,,,,,,,,,,,Việt Nam,,Hướng Nghiệp Á Âu — Digital Marketing Foundation: 12 buổi; học phí 5.000.000đ (trực tiếp tại chi nhánh) / 4.000.000đ (trực tuyến).,,đối chiếu nguồn gốc,"Quan sát ngày 08/10/2026. |  V2-xác minh 08/10/2026: tiếp cận=đã đọc nguồn gốc; hỗ trợ=hỗ trợ đúng claim; phù hợp=thuộc Category; dùng=tín hiệu-giả thuyết. Lý do: Bảng giá niêm yết, không phải giao dịch."
M-E107,SIZE,M-S119;M-S122,AIM Academy,M-P124,,,,,,,,,,,Việt Nam,,AIM Academy — Hands-On Marketing: 6.500.000đ áp dụng cho 1 cặp 2 người (khóa học CHỈ áp dụng học theo cặp); 8 buổi; trả góp thẻ tín dụng từ 541.667đ/tháng.,,công bố nhà cung cấp,"Giá là giá theo cặp, không phải giá mỗi học viên — không chia đôi; (qua snippet trang chính thức); Quan sát ngày 08/10/2026. |  V2-xác minh 08/10/2026: tiếp cận=chỉ thấy snippet; hỗ trợ=hỗ trợ đúng claim; phù hợp=thuộc Category; dùng=tín hiệu-giả thuyết. Lý do: RÀNG BUỘC: GIÁ/CẶP 2 NGƯỜI — tuyệt đối không quy ra giá/người khi chưa có cách tính rõ. Giữ bản ghi pack."
M-E121,GROWTH,M-S123,Google (qua Coursera),M-P127,,học phí,học phí thuê bao Digital Marketing & E-commerce Professional Certificate,49,,,USD/tháng,,,,Mỹ & Canada,,Digital Marketing & E-commerce Professional Certificate (Coursera): 7 khóa; $49/tháng (sau 7 ngày dùng thử miễn phí); hoàn thành 3–6 tháng (~10 giờ/tuần).,FAQ Coursera,đối chiếu nguồn gốc,"Bối cảnh kỹ năng số, tách khỏi 5 đơn vị thương mại VN. Quan sát ngày 08/10/2026. |  V2-xác minh 08/10/2026: tiếp cận=đã đọc nguồn gốc; hỗ trợ=hỗ trợ đúng claim; phù hợp=chỉ bối cảnh; dùng=chỉ tham khảo. Lý do: Coursera: nền tảng toàn cầu, không phải thị trường trả phí VN; chỉ bối cảnh."
M-E122,GROWTH,M-S124,Google (qua Coursera),M-P127,,thời lượng,tổng thời lượng nội dung,113,,,giờ,,,,,,"Cùng chương trình trên: ~113 giờ nội dung (nguồn thứ ba, chưa đối chiếu FAQ).",nguồn thứ ba (review),chưa xác minh,"Bối cảnh kỹ năng số, tách khỏi 5 đơn vị thương mại VN. Quan sát ngày 08/10/2026. | [V2-HẠ MỨC] V2-xác minh 08/10/2026: tiếp cận=chỉ thấy snippet; hỗ trợ=chưa đủ thông tin; phù hợp=chỉ bối cảnh; dùng=chỉ tham khảo. Lý do: Giữ bản ghi pack như snippet; chỉ bối cảnh."
M-E109,SIZE,M-S110,Vinalink Academy,,M-C107,số người tham dự (đơn vị công bố),số học viên tham dự khóa Digital Marketing Plan AI,,,,người,,,,Việt Nam,,"LOẠI KHỎI PHÂN TÍCH theo QA2-01: nguồn là bài bế giảng 2019, không hỗ trợ claim 130 HV / 04/03/2026 / khóa Digital Marketing Plan AI",,công bố nhà cung cấp,Số người tham dự do đơn vị công bố; KHÔNG phân biệt trả phí/miễn phí; không suy ra tuyển sinh; Quan sát ngày 08/10/2026. | [V2-LOẠI] V2-xác minh 08/10/2026: tiếp cận=đã đọc nguồn gốc; hỗ trợ=mâu thuẫn; phù hợp=thuộc Category; dùng=loại khỏi phân tích. Lý do: Per QA2-01 (ràng buộc): MÂU THUẪN → LOẠI khỏi phân tích. Không đoán số khác.
M-E110,SIZE,M-S102,Tomorrow Marketers,M-P102,,,,,,,,,,,Việt Nam,,Tomorrow Marketers — AI Digital Marketing: Early bird 6.210.000đ; Standard 8.910.000đ (người đi làm); học phí đã bao gồm 8% VAT; tặng 1 buổi mentoring premium 1-1 với trainer trị giá 3.000.000đ.,,công bố nhà cung cấp,"Bảng giá sinh viên trên trang trình bày khó đọc — không trích; (qua snippet trang chính thức); Quan sát ngày 08/10/2026. |  V2-xác minh 08/10/2026: tiếp cận=đã đọc nguồn gốc; hỗ trợ=hỗ trợ đúng claim; phù hợp=thuộc Category; dùng=tín hiệu-giả thuyết. Lý do: Nhóm giá học sinh-sinh viên (8.381.000/5.681.000/5.465.000đ) đọc được một phần, ánh xạ tier mơ hồ. Bảng giá niêm yết."
M-E111,SIZE,M-S120,AIM Academy,M-P125,,,,,,,,,,,Việt Nam,,AIM Academy — Market Research: 8.500.000đ áp dụng cho 1 cặp 2 người (chỉ học theo cặp); trả góp thẻ tín dụng từ 708.333đ/tháng.,,công bố nhà cung cấp,"Giá theo cặp, không chia đôi; (qua snippet trang chính thức); Quan sát ngày 08/10/2026. |  V2-xác minh 08/10/2026: tiếp cận=chỉ thấy snippet; hỗ trợ=hỗ trợ đúng claim; phù hợp=thuộc Category; dùng=tín hiệu-giả thuyết. Lý do: RÀNG BUỘC: GIÁ/CẶP — không quy ra giá/người. Giữ bản ghi pack."
M-E112,SIZE,M-S117,Hướng Nghiệp Á Âu,M-P122,,,,,,,,,,,Việt Nam,,Hướng Nghiệp Á Âu — Đào tạo SEO: 12 buổi (buổi 12 thi kết thúc khóa học); 6.500.000đ (trực tiếp) / 5.200.000đ (trực tuyến).,,công bố nhà cung cấp,(qua snippet trang chính thức); Quan sát ngày 08/10/2026. |  V2-xác minh 08/10/2026: tiếp cận=đã đọc nguồn gốc; hỗ trợ=hỗ trợ đúng claim; phù hợp=thuộc Category; dùng=tín hiệu-giả thuyết. Lý do: Bảng giá niêm yết.
M-E113,SIZE,M-S118,Hướng Nghiệp Á Âu,M-P123,,,,,,,,,,,Việt Nam,,"Hướng Nghiệp Á Âu — Chuyên viên Social Media: 24 buổi; 12.000.000đ (trực tiếp) / 9.600.000đ (trực tuyến); học phí đã bao gồm đồng phục, giáo trình, lệ phí thi (trực tuyến không áp dụng đồng phục); chi phí cấp chứng chỉ sau khi hoàn thành.",,công bố nhà cung cấp,(qua snippet trang chính thức); Quan sát ngày 08/10/2026. |  V2-xác minh 08/10/2026: tiếp cận=đã đọc nguồn gốc; hỗ trợ=hỗ trợ đúng claim; phù hợp=thuộc Category; dùng=tín hiệu-giả thuyết. Lý do: Bảng giá niêm yết.
M-E114,SIZE,M-S121,AIM Academy,M-P126,,,,,,,,,,,Việt Nam,,AIM Academy — Marketing Management (chương trình 5 khóa): 36.900.000đ; trả góp thẻ tín dụng hoặc qua công ty tài chính.,,công bố nhà cung cấp,(qua snippet trang chính thức); Quan sát ngày 08/10/2026. | [V2-HẠ MỨC] V2-xác minh 08/10/2026: tiếp cận=chỉ thấy snippet; hỗ trợ=chưa đủ thông tin; phù hợp=thuộc Category; dùng=tín hiệu-giả thuyết. Lý do: Giữ bản ghi pack (chương trình 5 khóa 36.900.000đ) như snippet.
M-E115,SIZE,M-S104;M-S105,Vinalink Academy,M-P105,,,,,,,,,,,Việt Nam,,"Vinalink — SEO AI 5.0: MÂU THUẪN nội bộ — trang Lịch khai giảng ghi '6 buổi - Tối T3,5,7'; trang Các khóa học ghi '9 buổi x 3 giờ'. Giữ cả hai.",,đối chiếu nguồn gốc,"Chưa xác minh mức nào đúng; giá niêm yết: NOT_FOUND_PUBLIC; Quan sát ngày 08/10/2026. |  V2-xác minh 08/10/2026: tiếp cận=đã đọc nguồn gốc; hỗ trợ=hỗ trợ đúng claim; phù hợp=thuộc Category; dùng=chỉ tham khảo. Lý do: Claim của dòng = chính mâu thuẫn này → hỗ trợ đúng. Phát hiện thêm: trang khóa học tự công bố 'hơn 73.000 học viên, hơn 200 lớp SEO' — mâu thuẫn với M-E007/M-E008/M-E010, báo cho nhóm kết luận."
M-E116,WHERE,M-S104,Vinalink Academy,,,,,,,,,,2026-10-08,2026-10-08,Việt Nam,,"Trạng thái lớp Vinalink tại ngày quan sát 08/10/2026: FB AI Marketing (02/10) và TikTok (28/09) đã khai giảng; Agentic Content (09/10), SEO AI 5.0 (27/10), AI Marketing Plan (09/11) là lớp dự kiến/kế hoạch tương lai.",,đối chiếu nguồn gốc,Quan sát ngày 08/10/2026. | [V2-HẠ MỨC] V2-xác minh 08/10/2026: tiếp cận=đã đọc nguồn gốc; hỗ trợ=chưa đủ thông tin; phù hợp=thuộc Category; dùng=chỉ tham khảo. Lý do: Per QA2-02 (ràng buộc): 'đã khai giảng' KHÔNG được hỗ trợ bởi lịch; ghi lại thành 'lịch công bố'. B=chưa đủ thông tin.
M-E117,SIZE,M-S109,Vinalink Academy,,,,,,,,,,,,Việt Nam,,"Vinalink — gói combo (trang chủ, đo 08/10/2026): AI VIP 10.800.000đ (gồm 1 khóa AI Marketing Plan 6 buổi trị giá 9.900k); AI SUPER VIP 21.600.000đ (4 khóa: AIM Plan, Content, AEO, FB); AI MARKETING FULL STACK 32.292.000đ (6 khóa); AI CONTENT CREATOR 19.900.000đ (3 khóa); AI PERFORMANCE MARKETING 19.900.000đ (3 khóa).",,đối chiếu nguồn gốc,"Giá combo, không dùng làm giá lẻ từng khóa; Quan sát ngày 08/10/2026. |  V2-xác minh 08/10/2026: tiếp cận=đã đọc nguồn gốc; hỗ trợ=hỗ trợ đúng claim; phù hợp=thuộc Category; dùng=chỉ tham khảo. Lý do: Giá gói combo, không phải giá lẻ từng khóa; chỉ tham khảo."
M-E118,SIZE,M-S112,BRAND Camp,,,,,,,,,,,,Việt Nam,,"BRAND Camp — trang chủ có chương trình 'Ưu đãi 30%: Lương về rồi, đi học thôi' và mục 'TOP 10 khóa học Best-seller 2026' (ghi nhận qua snippet, crawl ~27/09/2026).",,công bố nhà cung cấp,Mức ưu đãi 30% áp dụng toàn site hay từng khóa: chưa xác minh; (qua snippet trang chính thức); Quan sát ngày 08/10/2026. | [V2-HẠ MỨC] V2-xác minh 08/10/2026: tiếp cận=chỉ thấy snippet; hỗ trợ=chưa đủ thông tin; phù hợp=thuộc Category; dùng=chỉ tham khảo. Lý do: Không xác nhận được các yếu tố promo/Top-10 tại thời điểm đọc; giữ bản ghi pack như snippet.
M-E119,WHERE,M-S102,Tomorrow Marketers,M-P102,,,,,,,,,,,Việt Nam,,Tomorrow Marketers — AI Digital Marketing lớp online tháng 10/2026: khai giảng 01/10/2026; 08 buổi; Thứ 3 & Thứ 5 (19:00–21:00); học qua Zoom.,,công bố nhà cung cấp,Đã khai giảng tại ngày quan sát; (qua snippet trang chính thức); Quan sát ngày 08/10/2026. | [V2-HẠ MỨC] V2-xác minh 08/10/2026: tiếp cận=đã đọc nguồn gốc; hỗ trợ=chưa đủ thông tin; phù hợp=thuộc Category; dùng=chỉ tham khảo. Lý do: Per QA2-02: lịch ≠ lớp đã diễn ra → khẳng định 'đã khai giảng' không được hỗ trợ; dùng như 'lịch công bố'.
M-E120,SIZE,M-S116,Hướng Nghiệp Á Âu,M-P121,,,,,,,,,,,Việt Nam,,"Hướng Nghiệp Á Âu — Chạy quảng cáo Facebook: học phí 6.000.000–7.000.000đ tùy hình thức trực tuyến/trực tiếp; chứng chỉ 'Tiếp thị số – Nghiệp vụ quảng cáo trên Facebook' (Digital Marketing – Facebook Advertising Skills); thực hành trên tài khoản thật, ra số liệu thực.",,công bố nhà cung cấp,"Khoảng giá, chưa tách niêm yết/ưu đãi; (qua snippet trang chính thức); Quan sát ngày 08/10/2026. |  V2-xác minh 08/10/2026: tiếp cận=đã đọc nguồn gốc; hỗ trợ=hỗ trợ đúng claim; phù hợp=thuộc Category; dùng=tín hiệu-giả thuyết. Lý do: Bảng giá niêm yết."
M-E201,WHO,M-S201,,,,kết quả khảo sát,tỷ lệ coi phát triển kỹ năng mới là cốt lõi của công việc tốt,75,,,%,"n=1.000+ nhân viên, 7+ ngành",2025,2025,Việt Nam,,"75% người lao động Việt Nam coi cơ hội phát triển kỹ năng mới là một phần cốt lõi của một công việc tốt (khảo sát PwC Global Workforce Hopes and Fears 2025 – Vietnam, n=1.000+ nhân viên, 7+ ngành)",URL: https://vir.com.vn/pwc-launches-global-workforce-survey-146359.html | đoạn: '75 per cent of workers considering opportunities to develop new skills a fundamental part of a good job',đối chiếu nguồn gốc,không riêng người học marketing; phương pháp chi tiết không nêu trong bài báo; (báo chí đưa tin khảo sát) |  V2-xác minh 08/10/2026: tiếp cận=đã đọc nguồn thứ cấp; hỗ trợ=hỗ trợ đúng claim; phù hợp=chỉ bối cảnh; dùng=chỉ tham khảo. Lý do: Bối cảnh động lực học tập; không đo khóa marketing cụ thể.
M-E202,WHO,M-S201,,,,kết quả khảo sát,tỷ lệ coi trọng tiếp cận nguồn lực L&D tại nơi làm việc,74,,,%,"n=1.000+ nhân viên, 7+ ngành",2025,2025,Việt Nam,,74% người lao động Việt Nam cho rằng việc được tiếp cận nguồn lực học tập và phát triển tại nơi làm việc là quan trọng (cùng khảo sát PwC 2025 như M-E201),URL: https://vir.com.vn/pwc-launches-global-workforce-survey-146359.html | đoạn: '74 per cent said that having access to learning and development resources at work',đối chiếu nguồn gốc,không riêng người học marketing; phương pháp chi tiết không nêu; (báo chí đưa tin khảo sát) |  V2-xác minh 08/10/2026: tiếp cận=đã đọc nguồn thứ cấp; hỗ trợ=hỗ trợ đúng claim; phù hợp=chỉ bối cảnh; dùng=chỉ tham khảo. Lý do: Chỉ bối cảnh.
M-E203,WHO,M-S201,,,,kết quả khảo sát,tỷ lệ kỳ vọng AI thay đổi đáng kể công việc,60,,,%,"n=1.000+ nhân viên, 7+ ngành",2025,2025,Việt Nam,,60% người lao động Việt Nam kỳ vọng AI sẽ làm thay đổi đáng kể công việc của họ trong thời gian tới (cùng khảo sát PwC 2025 như M-E201) — bối cảnh thúc đẩy nhu cầu học kỹ năng mới,URL: https://vir.com.vn/pwc-launches-global-workforce-survey-146359.html | đoạn: '60 per cent of respondents expect AI to significantly transform their job soon',đối chiếu nguồn gốc,động lực suy ra từ bối cảnh — không suy thành động cơ đăng ký khóa marketing cụ thể; (báo chí đưa tin khảo sát) |  V2-xác minh 08/10/2026: tiếp cận=đã đọc nguồn thứ cấp; hỗ trợ=hỗ trợ đúng claim; phù hợp=chỉ bối cảnh; dùng=chỉ tham khảo. Lý do: Kỳ vọng về AI ≠ nhu cầu mua khóa marketing; chỉ bối cảnh.
M-E204,GROWTH_SOURCE,M-S210,,,,kết quả khảo sát,tỷ lệ đang hành động nâng cao năng lực kinh tế,82,,,%,n=1.000 người Việt,2024,2024,Việt Nam,,"82% người Việt được khảo sát cho biết đang thực hiện các bước để có năng lực kinh tế cao hơn; 'đầu tư vào giáo dục và phát triển kỹ năng' là một trong các hành động ưu tiên (khảo sát Herbalife × OnePoll, n=1.000 VN trong 4.500 mẫu APAC, công bố ~04/2024)",URL: https://phunumoi.net.vn/82-nguoi-viet-nam-deu-co-nhu-cau-nang-cao-nang-luc-kinh-te-i306802.html | đoạn: 'hơn 8 trên 10 người tham gia khảo sát tại Việt Nam (82%) hiện đang thực hiện các bước...'; hành động ưu tiên gồm 'đầu tư vào giáo dục và phát triển kỹ năng',đối chiếu nguồn gốc,"chủ đề rộng (năng lực kinh tế), không riêng khóa học marketing; do doanh nghiệp ủy thác; cấm suy thành nhu cầu khóa marketing; (báo chí đưa tin khảo sát) |  V2-xác minh 08/10/2026: tiếp cận=đã đọc nguồn thứ cấp; hỗ trợ=hỗ trợ đúng claim; phù hợp=chỉ bối cảnh; dùng=chỉ tham khảo. Lý do: Bối cảnh hành vi, không đo khóa marketing; chỉ bối cảnh."
M-E205,GROWTH_SOURCE,M-S205,,,,,,,,,,,2025,,Việt Nam,,"Luật Việc làm 2025 (Điều 37): NLĐ đang hưởng trợ cấp thất nghiệp được hỗ trợ đào tạo/nâng cao trình độ kỹ năng nghề — nội dung hỗ trợ gồm học phí và tiền ăn, tổng thời gian không quá 06 tháng; hiệu lực từ 01/01/2026",URL: https://thuvienphapluat.vn/phap-luat/quy-dinh-ve-ho-tro-nguoi-lao-dong-tham-gia-dao-tao-nang-cao-trinh-do-ky-nang-nghe-tu-ngay-112026-nh-240362.html?rel=goi-y-cung-tag | mục (1)–(4) Điều 37,đối chiếu nguồn gốc,"đối tượng là NLĐ thất nghiệp — không phải người đi làm đang có việc; không nêu mức hỗ trợ cụ thể; là quy định pháp luật, chưa có số liệu thực thi; (văn bản luật đã đọc trực tiếp) | [V2-HẠ MỨC] V2-xác minh 08/10/2026: tiếp cận=không tiếp cận được; hỗ trợ=chưa đủ thông tin; phù hợp=chỉ bối cảnh; dùng=chỉ tham khảo. Lý do: Giữ bản ghi pack (trích Điều 37 Luật Việc làm 2025, cơ chế trợ cấp thất nghiệp học nghề) như bối cảnh pháp lý gián tiếp."
M-E206,GROWTH_SOURCE,M-S206,,,,,,,,,,,,,Việt Nam,,"Mẫu quy chế chi tiêu nội bộ doanh nghiệp (Điều 25 – Chi đào tạo): khi công ty cử NLĐ đi đào tạo thì NLĐ được hưởng 100% lương và 100% học phí, cam kết làm việc lại ít nhất 3 năm; trường hợp NLĐ tự liên hệ học tập thì tự bố trí thời gian và tự túc mọi chi phí",URL: https://accgroup.vn/quy-che-chi-tieu-noi-bo-cong-ty | Điều 25: Chi đào tạo,chưa xác minh,"chỉ là mẫu biểu chung, không phản ánh tỷ lệ DN thực tế áp dụng; không cho biết tỷ lệ tự trả vs công ty trả; (mẫu quy chế — không phải khảo sát hay số liệu doanh nghiệp cụ thể) |  V2-xác minh 08/10/2026: tiếp cận=đã đọc nguồn gốc; hỗ trợ=hỗ trợ đúng claim; phù hợp=chỉ bối cảnh; dùng=chỉ tham khảo. Lý do: Mẫu quy chế nội bộ của một DN, không phải luật chung; chỉ cơ chế bên trả (không suy người trả từ chức danh)."
M-E207,WHO,M-S203,,,,,,,,,,,,,Việt Nam,,"Người học khóa Performance Digital Marketing của AIM Academy (tự thuật độc lập): mục tiêu là lập ngân sách/tối ưu/kiểm soát KPI/kiểm soát agency; rào cản gồm giáo trình chắp vá, nội dung quá cơ bản so với đầu vào đã kiểm tra, 60%–70% giảng viên thiếu kinh nghiệm truyền đạt, bài tốt nghiệp không được phân tích; kết quả: 'HOÀN TOÀN THẤT VỌNG VÀ TIẾC TIỀN', từ chối học lại",URL: https://clevergirls.vn/review-khoa-hoc-digital-marketing-tai-aiim/ | toàn trang (mục tiêu – giáo trình – giáo viên – kết quả),tự thuật người học,"góc nhìn một chiều của 1 học viên; ngày đăng, nghề nghiệp, địa phương, kinh phí đã trả và nguồn chi trả không nêu; cấm suy thành tỷ lệ đại diện; (độc lập – không do NCC chọn lọc) |  V2-xác minh 08/10/2026: tiếp cận=đã đọc nguồn thứ cấp; hỗ trợ=hỗ trợ đúng claim; phù hợp=thuộc Category; dùng=chỉ tham khảo. Lý do: Một học viên đơn lẻ; không rõ ngày học/nghề nghiệp/người chi trả; NCC không tuyển chọn (blog độc lập)."
M-E208,WHO,M-S202,,,,,,,,,,,,,Việt Nam,,"11 lời kể học viên do WMS đăng tải (M-V203→M-V212, M-V222): chức danh tự báo gồm Deputy Director (Nha Go Furniture), SEO Executive (Hoozing Vietnam), Account Manager, Business Development Manager (×3), CEO (×2, một là Mint's Closet), Business Owner (Nhà trọ SACH), Sales Manager, Business Woman",URL: https://wms.vn/chuong-trinh-hoc/ai-marketing-automation/ | mục FEEDBACK CỦA HỌC VIÊN,công bố nhà cung cấp,"toàn bộ do NCC chọn lọc – chỉ mặt tích cực; cấm dùng làm phân bố nhân khẩu thị trường; nghề nghiệp do NCC ghi, chưa xác minh độc lập; (tuyển chọn) |  V2-xác minh 08/10/2026: tiếp cận=đã đọc nguồn gốc; hỗ trợ=hỗ trợ đúng claim; phù hợp=thuộc Category; dùng=chỉ tham khảo. Lý do: Khóa học cụ thể theo từng người kể không rõ; NCC tuyển chọn; không rõ người chi trả."
M-E209,WHO,M-S207,,,,,,,,,,,,,Việt Nam,,"3 lời kể học viên khóa Route to Market của CASK (Phạm Thảo Nguyên – CTCP Thực phẩm Á Châu; Đồng Đông Thảo – UTOPI; Lâm D. Hoài Thương – Dorco): điểm chung tự báo là tính ứng dụng ngay ('chắc chắn sẽ ứng dụng được', 'vượt hoàn toàn ra khỏi mong đợi')",URL: https://cask.vn/khoa-hoc/route-to-market/ | mục đánh giá 5 sao dưới hồ sơ giảng viên,công bố nhà cung cấp,do NCC chọn lọc; thời điểm học không rõ (trang ghi khai giảng khóa tương lai 16/01/2027); (tuyển chọn) |  V2-xác minh 08/10/2026: tiếp cận=đã đọc nguồn gốc; hỗ trợ=hỗ trợ đúng claim; phù hợp=thuộc Category; dùng=chỉ tham khảo. Lý do: Review do NCC đăng; đợt mở tiếp theo là kế hoạch tương lai (sau 08/10/2026).
M-E210,WHO,M-S208,,,,,,,,,,,,,Việt Nam,,"Alumni Tomorrow Marketers (do TM đăng tải): (1) Co-founder @Mềm – 2 founder không có kiến thức về brand/marketing trước khóa Brand Development, sau khóa có cái nhìn tổng quan và làm bài cuối khóa cho chính công ty; (2) Phan Quốc Huy – Marketing Manager @Thaco Auto (Peugeot VN), tự báo hơn 10 năm kinh nghiệm quảng cáo/marketing; (3) Hồng Anh – cựu học viên TM, Harvard MBA Candidate, trăn trở mid-career chuyển từ marketing sang finance",URL: https://www.tomorrowmarketers.org/chinh-sach-gia-cuu-hoc-vien?utm_source=service&utm_medium=group_conntect&utm_campaign=black_friday&utm_content=sove-khong-ve | trang alumni + 2 bài blog alumni,công bố nhà cung cấp,"do NCC chọn lọc; 2 bài blog là phỏng vấn chuyên môn, không mô tả chi tiết khóa đã học; (tuyển chọn) | [V2-HẠ MỨC] V2-xác minh 08/10/2026: tiếp cận=chỉ thấy snippet; hỗ trợ=chưa đủ thông tin; phù hợp=thuộc Category; dùng=chỉ tham khảo. Lý do: Không xác nhận độc lập; giữ bản ghi pack như snippet. Nếu dùng: NCC tuyển chọn."
M-E211,WHO,M-S209,,,,,,,,,,,,,Việt Nam,,"3 lời kể do CAS Việt Nam đăng tải: Nguyễn Anh Tuấn (28 tuổi, Chuyên viên Marketing) – nâng cao kỹ năng SEO và content cho chiến dịch; Lê Thu Hương (25 tuổi, Quản lý Social Media) – tăng tương tác và follow fanpage công ty; Trần Minh Khang (30 tuổi, Chủ doanh nghiệp nhỏ) – tối ưu quảng cáo Google, doanh số cửa hàng online tăng",URL: http://cas.edu.vn | đoạn trích kết quả tìm kiếm (trang Cảm nhận học viên),công bố nhà cung cấp,chỉ truy cập qua đoạn trích tìm kiếm; văn phong khuôn mẫu; chưa xác minh độc lập; cấm dùng làm phân bố nhân khẩu; (tuyển chọn) | [V2-HẠ MỨC] V2-xác minh 08/10/2026: tiếp cận=chỉ thấy snippet; hỗ trợ=chưa đủ thông tin; phù hợp=thuộc Category; dùng=chỉ tham khảo. Lý do: Giữ bản ghi pack (3 lời kể do CAS đăng) như snippet.
M-E212,WHO,M-S204,,,,,,,,,,,2024-10,2024-10,Việt Nam,,"Thread tinhte.vn (tài khoản Ttraamm) tự xưng đã học khóa Digital Marketing tại CAS Việt Nam: động cơ tự báo là phát triển kỹ năng tiếp thị số; kết quả tự báo: học được SEO, quảng cáo đa kênh (TikTok/Google Ads/Facebook Ads), điều chỉnh ngân sách, 'giúp ích rất nhiều trong công việc thực tế'",URL: https://tinhte.vn/thread/chuong-trinh-hoc-digital-marketing-cas-viet-nam.3843825/ | toàn thread (29 dòng),chưa xác minh,không có nghề nghiệp/địa phương/kinh nghiệm của người viết; giọng văn quảng bá; không có tuyên bố tài trợ nhưng chưa xác minh quan hệ với NCC; không có bình luận đối chiếu; (tự xưng trên diễn đàn) |  V2-xác minh 08/10/2026: tiếp cận=đã đọc nguồn thứ cấp; hỗ trợ=hỗ trợ đúng claim; phù hợp=thuộc Category; dùng=chỉ tham khảo. Lý do: Không rõ nghề nghiệp/người chi trả/công bố tài trợ; chỉ tham khảo.
M-E213,GROWTH_SOURCE,,,,,,,,,,,,,,Việt Nam,,Không tìm thấy khảo sát công khai nào hỏi trực tiếp 'ai trả tiền' (tự trả hay doanh nghiệp chi trả) cho khóa học marketing ngắn hạn tại Việt Nam — kết quả tìm kiếm âm sau nhiều truy vấn VN/EN.,đường tìm kiếm ghi trong task_log.md (agent-c),chưa xác minh,"kết quả âm — ghi nhận để tránh suy diễn; v3 (claim C084) cũng xác nhận 0 khảo sát tương tự | [V2-HẠ MỨC] V2-xác minh 08/10/2026: tiếp cận=không tiếp cận được; hỗ trợ=chưa đủ thông tin; phù hợp=chỉ bối cảnh; dùng=chỉ tham khảo. Lý do: Kết quả âm được ghi nhận — đây là khoảng trống, không phải bằng chứng."
M-E301,GROWTH,M-S302,,,,,,,,,,,,,Việt Nam,,Từ khóa nguyên văn 'khóa học digital marketing' được tác giả Y Chóc nêu có 'khoảng 2.600 lượt tìm kiếm trung bình hàng tháng' (ước tính từ công cụ SEO trả phí; bài viết ~08/2022; địa lý và thời kỳ đo không nêu rõ).,search_id liên kết: M-K301 | ychoc.com/chay-google-ads-hieu-qua/ — mục 'Nhóm quảng cáo từ khóa đơn lẻ' (#6),chưa xác minh,"không đối chiếu được với công cụ gốc (tác giả liệt kê 3 công cụ, không nêu rõ dùng công cụ nào); giá trị ước tính mô hình — không trình bày như số đo chính xác |  V2-xác minh 08/10/2026: tiếp cận=đã đọc nguồn gốc; hỗ trợ=hỗ trợ đúng claim; phù hợp=thuộc Category; dùng=tín hiệu-giả thuyết. Lý do: Per QA2-05: KHÔNG ghi công cụ/thời kỳ/địa lý → giữ như ước tính lịch sử đã công bố; KHÔNG dùng làm nhu cầu hiện tại."
M-E302,GROWTH,M-S302,,,,,,,,,,,,,Việt Nam,,"Từ khóa nguyên văn 'khóa học marketing online' được cùng tác giả nêu 880 lượt/tháng (cùng bối cảnh, cùng phương pháp).",search_id liên kết: M-K302 | ychoc.com/chay-google-ads-hieu-qua/ — mục 'Nhóm quảng cáo từ khóa đơn lẻ' (#6),chưa xác minh,như M-E301 |  V2-xác minh 08/10/2026: tiếp cận=đã đọc nguồn gốc; hỗ trợ=hỗ trợ đúng claim; phù hợp=thuộc Category; dùng=tín hiệu-giả thuyết. Lý do: Công cụ mơ hồ (liệt kê Ahrefs/Ubersuggest/SEMRush); như M-E301: chỉ ước tính lịch sử.
M-E303,GROWTH,M-S304,,,,,,,,,,,,,Việt Nam,,Con số 'khoảng 2.000 người tìm kiếm mỗi tháng' cho 'khóa học marketing online' trong bài MONA Media là ví dụ giả định — bài viết ghi rõ 'Giả sử bạn đang làm SEO cho từ khóa…' — không phải số liệu đo; đã loại khỏi search_demand.csv.,mona.media/itr-la-gi/ — mục 'Công thức tính ITR cụ thể',đối chiếu nguồn gốc,đã đọc toàn văn đoạn liên quan ngày 08/10/2026; ghi nhận để tránh nhầm lẫn với số liệu ychoc.com | [V2-MÂU THUẪN] V2-xác minh 08/10/2026: tiếp cận=đã đọc nguồn gốc; hỗ trợ=mâu thuẫn; phù hợp=thuộc Category; dùng=tín hiệu-giả thuyết. Lý do: KHÔNG phải số liệu đo → mâu thuẫn với cách dùng như dữ liệu; giữ nhãn minh họa.
M-E304,GROWTH,M-S301,,,,,,,,,,,,,Việt Nam,,"Các truy vấn related queries (Top/Rising) của 5 seed được trích nguyên văn từ file CSV Google Trends đã lưu (địa lý Việt Nam, thời kỳ 01/2024–10/2026); mỗi truy vấn được gắn nhãn ý định theo dấu hiệu hiển thị trong truy vấn (chi tiết tại search_demand.csv, M-K303 trở đi).",~/workspace/research_notes/mia-4cs-workshop-20261008/category-v2/trends-raw/searched_with_*.csv,đối chiếu nguồn gốc,ánh xạ file→seed suy từ nội dung (tên file chỉ ghi timestamp); không re-export Trends |  V2-xác minh 08/10/2026: tiếp cận=đã đọc nguồn gốc; hỗ trợ=hỗ trợ đúng claim; phù hợp=thuộc Category; dùng=tín hiệu-giả thuyết. Lý do: Per QA2-03/04 (ràng buộc): bộ user là chính; tách Search interest khỏi Rising %/Breakout; không so mức tuyệt đối giữa file chuẩn hóa riêng.
M-E305,GROWTH,M-S303,,,,,,,,,,,,,Việt Nam,,"Bài EQVN liệt kê 7 truy vấn ví dụ minh họa (Google Suggest / Ahrefs) cho 'học digital marketing', không kèm số liệu; đã trích nguyên văn và gắn nhãn ý định ở search_demand.csv.",eqvn.net/semantic-keywords-la-gi/ — mục 'Nghiên Cứu Từ Khóa Cơ Bản' và 'Sử Dụng Google Suggest và Related Searches',chưa xác minh,"tính minh họa ('có thể gợi ý…'); không dùng làm bằng chứng nhu cầu |  V2-xác minh 08/10/2026: tiếp cận=đã đọc nguồn gốc; hỗ trợ=hỗ trợ đúng claim; phù hợp=thuộc Category; dùng=tín hiệu-giả thuyết. Lý do: Minh họa, không phải bằng chứng nhu cầu."
M-E401,GROWTH_SOURCE,M-S401,,,,planned_training,tỷ lệ DN ưu tiên đào tạo nhân sự sử dụng AI,59.1,,,%,hơn 3.000 NTD và NLĐ,2025,2026,Việt Nam,doanh nghiệp Việt Nam,"59,1% doanh nghiệp ưu tiên đào tạo nhân viên sử dụng AI, trọng tâm trang bị kiến thức và kỹ năng nền tảng","VnEconomy dẫn Báo cáo thị trường tuyển dụng 2025-2026 của TopCV; các bài dẫn khác: nguoiquansat.vn, Tuổi Trẻ 06/03/2026",chưa xác minh,cơ cấu mẫu NTD/NLĐ không rõ; không tách riêng đào tạo AI cho marketing; (báo cáo gốc chưa đọc trực tiếp) |  V2-xác minh 08/10/2026: tiếp cận=đã đọc nguồn thứ cấp; hỗ trợ=hỗ trợ đúng claim; phù hợp=chỉ bối cảnh; dùng=chỉ tham khảo. Lý do: Ưu tiên đào tạo AI nội bộ ≠ mua khóa marketing; chỉ bối cảnh.
M-E402,GROWTH_SOURCE,M-S401,,,,,tỷ lệ DN đã ứng dụng AI ở mức cơ bản,44.1,,,%,hơn 3.000 NTD và NLĐ,2025,2026,Việt Nam,doanh nghiệp Việt Nam,"44,1% doanh nghiệp đã ứng dụng AI ở mức cơ bản (mức độ ứng dụng, không phải đào tạo)",Tuổi Trẻ 06/03/2026 dẫn Báo cáo thị trường tuyển dụng 2025-2026 của TopCV,chưa xác minh,"mức độ ứng dụng AI chung, không phải đào tạo; không tách marketing |  V2-xác minh 08/10/2026: tiếp cận=đã đọc nguồn thứ cấp; hỗ trợ=hỗ trợ đúng claim; phù hợp=chỉ bối cảnh; dùng=chỉ tham khảo. Lý do: Chỉ bối cảnh."
M-E403,GROWTH_SOURCE,M-S401;M-S417,,,,skill_gap,tỷ lệ công việc có nguy cơ bị thay thế một phần bởi AI: marketing-truyền thông-quảng cáo,27.51,,,%,hơn 3.000 NTD và NLĐ,2025,2026,Việt Nam,ngành marketing-truyền thông-quảng cáo,"Marketing-truyền thông-quảng cáo: 27,51% công việc mang tính lặp lại có nguy cơ bị thay thế một phần nhân sự bởi AI (dịch vụ khách hàng 30,1%; kinh doanh-bán hàng 18,32%; IT-phần mềm 16,92%)","Bài baomoi.com (Báo Pháp luật Việt Nam) dẫn Báo cáo thị trường tuyển dụng 2025-2026 của TopCV: đoạn 'marketing - truyền thông - quảng cáo (27,51%)'. Bài vneconomy.vn cùng chủ đề không nêu con số này (QA kiểm tra trực tiếp 08/10/2026).",đối chiếu nguồn gốc,"là dự báo tác động AI, không phải đo trực tiếp khoảng trống kỹ năng; phương pháp đánh giá nguy cơ không rõ; số liệu đã được điều phối viên xác minh độc lập qua baomoi.com ngày 08/10/2026 | [V2-HẠ MỨC] V2-xác minh 08/10/2026: tiếp cận=đã đọc nguồn thứ cấp; hỗ trợ=hỗ trợ một phần; phù hợp=chỉ bối cảnh; dùng=chỉ tham khảo. Lý do: Per QA2-06 (ràng buộc): dự báo rủi ro tự động hóa ≠ skill gap ≠ nhu cầu đào tạo; chỉ bối cảnh."
M-E404,GROWTH_SOURCE,M-S402,,,,desire_to_learn,tỷ lệ nhân sự trẻ mong muốn được cập nhật và đào tạo về công nghệ mới,78.5,,,%,nhân sự trẻ (cơ cấu mẫu không rõ),2025,2026,Việt Nam,nhân sự trẻ Việt Nam,"78,5% nhân sự trẻ mong muốn được cập nhật và đào tạo về các công nghệ mới",SaigonBiz dẫn Báo cáo Lương và thị trường lao động 2026 của Navigos Group,chưa xác minh,chưa đối chiếu báo cáo gốc; không tách riêng marketing |  V2-xác minh 08/10/2026: tiếp cận=đã đọc nguồn thứ cấp; hỗ trợ=hỗ trợ đúng claim; phù hợp=chỉ bối cảnh; dùng=chỉ tham khảo. Lý do: Mong muốn ≠ ngân sách đã duyệt; chỉ bối cảnh.
M-E405,GROWTH_SOURCE,M-S402,,,,desire_to_learn,tỷ lệ nhân sự trẻ mong muốn học hỏi các kỹ năng mới,69.9,,,%,nhân sự trẻ (cơ cấu mẫu không rõ),2025,2026,Việt Nam,nhân sự trẻ Việt Nam,"69,9% nhân sự trẻ mong muốn học hỏi các kỹ năng mới",SaigonBiz dẫn Báo cáo Lương và thị trường lao động 2026 của Navigos Group,chưa xác minh,chưa đối chiếu báo cáo gốc; không tách riêng marketing |  V2-xác minh 08/10/2026: tiếp cận=đã đọc nguồn thứ cấp; hỗ trợ=hỗ trợ đúng claim; phù hợp=chỉ bối cảnh; dùng=chỉ tham khảo. Lý do: Chỉ bối cảnh.
M-E406,GROWTH_SOURCE,M-S402,,,,desire_to_learn,tỷ lệ người lao động sẵn sàng học kỹ năng mới,89.45,,,%,1.600 NLĐ (theo Tanca),2025,2026,Việt Nam,người lao động Việt Nam,"89,45% người lao động sẵn sàng học kỹ năng mới",Tanca Vietnam HR Skills Report 2026 tr.7 dẫn Navigos 2026,chưa xác minh,chỉ qua tài liệu tổng hợp thứ cấp; chưa đối chiếu báo cáo gốc Navigos |  V2-xác minh 08/10/2026: tiếp cận=đã đọc nguồn thứ cấp; hỗ trợ=hỗ trợ đúng claim; phù hợp=chỉ bối cảnh; dùng=chỉ tham khảo. Lý do: Chỉ bối cảnh.
M-E407,GROWTH_SOURCE,M-S402,,,,skill_gap,tỷ lệ DN xác định 'Hiểu & ứng dụng công nghệ' là kỹ năng cần trong 3-5 năm tới,76.8,,,%,250 DN (theo Tanca),2025,2026,Việt Nam,doanh nghiệp Việt Nam,"76,8% doanh nghiệp: 'Hiểu & ứng dụng công nghệ' là kỹ năng cần trong 3-5 năm tới (thích ứng & linh hoạt 38,8%; phân tích & giải quyết vấn đề 26,0%)",Tanca Vietnam HR Skills Report 2026 tr.7 dẫn Navigos 2026 (250 DN + 1.600 NLĐ),chưa xác minh,"chỉ qua tài liệu tổng hợp thứ cấp; kỹ năng công nghệ chung, không tách marketing |  V2-xác minh 08/10/2026: tiếp cận=đã đọc nguồn thứ cấp; hỗ trợ=hỗ trợ đúng claim; phù hợp=chỉ bối cảnh; dùng=chỉ tham khảo. Lý do: Nhu cầu kỹ năng chung ≠ nhu cầu mua khóa marketing; chỉ bối cảnh."
M-E408,GROWTH_SOURCE,M-S403,,,,desire_to_learn,tỷ lệ người lao động tự học và thường xuyên sử dụng AI trong công việc,58,,,%,không rõ,2026-Q2,2026-Q2,Việt Nam,người lao động Việt Nam,58% người lao động Việt Nam đã tự học và thường xuyên sử dụng AI trong công việc,Dân trí 23/9/2026 và VietnamBiz dẫn Khảo sát Người đi làm và Công việc 2026 của Anphabe (quý II/2026),chưa xác minh,"mẫu số và phương pháp không rõ; tự học AI chung, không tách marketing |  V2-xác minh 08/10/2026: tiếp cận=đã đọc nguồn thứ cấp; hỗ trợ=hỗ trợ đúng claim; phù hợp=chỉ bối cảnh; dùng=chỉ tham khảo. Lý do: Tự học ≠ mua khóa; chỉ bối cảnh."
M-E409,GROWTH_SOURCE,M-S403,,,,completed_transaction,tỷ lệ DN đã triển khai chương trình ứng dụng AI trong tổ chức,13,,,%,không rõ,2026-Q2,2026-Q2,Việt Nam,doanh nghiệp Việt Nam,Chỉ 13% doanh nghiệp đã (chính thức) triển khai các chương trình ứng dụng AI trong tổ chức,Dân trí 23/9/2026 và VietnamBiz dẫn Khảo sát Người đi làm và Công việc 2026 của Anphabe (quý II/2026),chưa xác minh,"mẫu số không rõ; chương trình AI chung, không tách đào tạo marketing |  V2-xác minh 08/10/2026: tiếp cận=đã đọc nguồn thứ cấp; hỗ trợ=hỗ trợ đúng claim; phù hợp=chỉ bối cảnh; dùng=chỉ tham khảo. Lý do: Per QA2-07 (ràng buộc): triển khai AI nội bộ ≠ mua khóa marketing; chỉ bối cảnh."
M-E410,GROWTH_SOURCE,M-S404,,,,,tỷ lệ marketer dùng AI để cải thiện hiệu suất làm việc,85,,,%,360 nhà tiếp thị,,,Việt Nam,"nhà tiếp thị VN (lãnh đạo, quản lý, chuyên gia, chuyên gia SEO; 247 người ở thương hiệu <50 NV; 84 người ở công ty >100 NV)",Trên 85% số người được hỏi có sử dụng AI để cải thiện hiệu suất làm việc; công cụ tạo hình ảnh (23%) giúp thiết kế tài liệu trực quan; công cụ tạo văn bản (22%) giúp tạo nội dung,"Tạp chí NCKH ĐH Sao Đỏ, Số đặc biệt 90 (2/2025), bài tr. 205-212, số liệu ở tr. 207 (dẫn khảo sát của Công ty Cổ phần MISA)",chưa xác minh,"khảo sát gốc MISA chưa tìm được bản công bố; thời kỳ khảo sát không rõ; đây là mức ỨNG DỤNG AI, không phải nhu cầu/giá trị đào tạo; giá trị 'trên 85%' |  V2-xác minh 08/10/2026: tiếp cận=đã đọc nguồn thứ cấp; hỗ trợ=hỗ trợ đúng claim; phù hợp=chỉ bối cảnh; dùng=chỉ tham khảo. Lý do: Dùng AI trong công việc ≠ mua khóa học; chỉ bối cảnh."
M-E411,GROWTH_SOURCE,M-S405,,,,skill_gap,tỷ lệ sinh viên tốt nghiệp phải đào tạo lại khi vào doanh nghiệp,70,,,%,không rõ (phát biểu chuyên gia),2026,2026,Việt Nam,sinh viên mới tốt nghiệp,"Khoảng 70% sinh viên tốt nghiệp ra trường phải đào tạo lại (phát biểu của PGS.TS Bùi Quang Tuyến, Giám đốc Học viện Viettel, tại hội thảo UEB ngày 5/6/2026)",Dân trí 05/6/2026,chưa xác minh,"phát biểu chuyên gia, không phải kết quả khảo sát có phương pháp công bố; không tách marketing | [V2-HẠ MỨC] V2-xác minh 08/10/2026: tiếp cận=chỉ thấy snippet; hỗ trợ=chưa đủ thông tin; phù hợp=chỉ bối cảnh; dùng=chỉ tham khảo. Lý do: Giữ bản ghi pack ('70% SV tốt nghiệp phải đào tạo lại') như snippet; chỉ bối cảnh."
M-E412,GROWTH_SOURCE,M-S405,,,,skill_gap,tỷ lệ SV xuất sắc tự nhận kiến thức đáp ứng dưới 75% yêu cầu công việc,75,,,%,100 SV xuất sắc chương trình Viettel Digital Talent,2023,2023,Việt Nam,sinh viên thực tập (chọn từ ~2.000 hồ sơ),3/4 sinh viên tự nhận kiến thức được học chỉ đáp ứng dưới 75% yêu cầu công việc; 2% cho rằng đáp ứng trên 90%,CafeF (2023) dẫn khảo sát của Học viện Viettel,chưa xác minh,"khảo sát nhóm SV kỹ thuật xuất sắc, không tách marketing; dữ liệu 2023 | [V2-HẠ MỨC] V2-xác minh 08/10/2026: tiếp cận=chỉ thấy snippet; hỗ trợ=chưa đủ thông tin; phù hợp=chỉ bối cảnh; dùng=chỉ tham khảo. Lý do: Giữ bản ghi pack ('3/4 SV tự nhận kiến thức đáp ứng dưới 75%') như snippet; chỉ bối cảnh."
M-E413,GROWTH_SOURCE,M-S405,,,,completed_transaction,thời gian đào tạo bổ sung trung bình cho sinh viên mới,4,4,6,tháng,100 SV xuất sắc chương trình Viettel Digital Talent,2023,2023,Việt Nam,doanh nghiệp (Viettel) và SV mới,Doanh nghiệp mất trung bình 4-6 tháng để đào tạo bổ sung cho sinh viên tốt nghiệp,CafeF (2023) dẫn Học viện Viettel,chưa xác minh,không tách marketing; là đào tạo hội nhập chung | [V2-HẠ MỨC] V2-xác minh 08/10/2026: tiếp cận=chỉ thấy snippet; hỗ trợ=chưa đủ thông tin; phù hợp=chỉ bối cảnh; dùng=chỉ tham khảo. Lý do: Giữ bản ghi pack ('DN mất trung bình 4–6 tháng đào tạo bổ sung') như snippet; per QA2-07 chỉ bối cảnh.
M-E414,GROWTH_SOURCE,M-S406,,,,skill_gap,tỷ lệ DN không tổ chức đào tạo kỹ năng bán hàng và tiếp thị,22,,,%,không rõ,,,Việt Nam,doanh nghiệp Việt Nam,22% doanh nghiệp không tổ chức đào tạo về kỹ năng bán hàng và tiếp thị (43% không đào tạo kỹ năng cơ bản/ngoại ngữ; 24% không đào tạo tin học văn phòng),"ELSA Speak dẫn khảo sát Navigos Group, mục 'Thiếu hụt chương trình đào tạo'",chưa xác minh,"khảo sát gốc Navigos chưa xác định (tên/thời kỳ/mẫu); 'bán hàng và tiếp thị' gộp chung, không tách marketing |  V2-xác minh 08/10/2026: tiếp cận=đã đọc nguồn thứ cấp; hỗ trợ=hỗ trợ đúng claim; phù hợp=chỉ bối cảnh; dùng=chỉ tham khảo. Lý do: Khảo sát Mercer qua báo thứ cấp; chỉ bối cảnh."
M-E437,GROWTH_SOURCE,M-S406,,,,skill_gap,tỷ lệ DN không tổ chức đào tạo kỹ năng cơ bản,43,,,%,không rõ,,,Việt Nam,doanh nghiệp Việt Nam,43% DN không tổ chức đào tạo các kỹ năng cơ bản (gồm ngoại ngữ),ELSA Speak dẫn khảo sát Navigos Group,chưa xác minh,"khảo sát gốc chưa xác định; kỹ năng nền tảng chung, không phải marketing; tách từ ô gộp theo QA |  V2-xác minh 08/10/2026: tiếp cận=đã đọc nguồn thứ cấp; hỗ trợ=hỗ trợ đúng claim; phù hợp=chỉ bối cảnh; dùng=chỉ tham khảo. Lý do: Chỉ bối cảnh."
M-E438,GROWTH_SOURCE,M-S406,,,,skill_gap,tỷ lệ DN không tổ chức đào tạo tin học văn phòng,24,,,%,không rõ,,,Việt Nam,doanh nghiệp Việt Nam,24% không tổ chức đào tạo kiến thức tin học văn phòng,ELSA Speak dẫn khảo sát Navigos Group,chưa xác minh,"khảo sát gốc chưa xác định; kỹ năng nền tảng chung, không phải marketing; tách từ ô gộp theo QA |  V2-xác minh 08/10/2026: tiếp cận=đã đọc nguồn thứ cấp; hỗ trợ=hỗ trợ đúng claim; phù hợp=chỉ bối cảnh; dùng=chỉ tham khảo. Lý do: Chỉ bối cảnh."
M-E416,GROWTH_SOURCE,M-S406,,,,,tỷ lệ DN chọn đào tạo kết hợp nội bộ và thuê ngoài,72,,,%,không rõ,,,Việt Nam,doanh nghiệp Việt Nam,72% doanh nghiệp lựa chọn cách thức đào tạo kết hợp nội bộ và thuê ngoài,"ELSA Speak dẫn khảo sát Navigos Group, mục 'Sự kết hợp giữa giảng viên nội bộ & giảng viên thuê ngoài'",chưa xác minh,"khảo sát gốc chưa xác định; đào tạo chung, không tách marketing |  V2-xác minh 08/10/2026: tiếp cận=đã đọc nguồn thứ cấp; hỗ trợ=hỗ trợ đúng claim; phù hợp=chỉ bối cảnh; dùng=chỉ tham khảo. Lý do: Chỉ bối cảnh."
M-E417,GROWTH_SOURCE,M-S406,,,,approved_budget,tỷ lệ DN coi ngân sách là thách thức hàng đầu trong đào tạo,40,,,%,không rõ,,,Việt Nam,doanh nghiệp Việt Nam,Thách thức hàng đầu của 40% doanh nghiệp trong hoạt động đào tạo nguồn nhân lực là vấn đề ngân sách,"ELSA Speak dẫn khảo sát Navigos Group, mục 'Rào cản về ngân sách'",chưa xác minh,khảo sát gốc chưa xác định; ngân sách đào tạo chung |  V2-xác minh 08/10/2026: tiếp cận=đã đọc nguồn thứ cấp; hỗ trợ=hỗ trợ đúng claim; phù hợp=chỉ bối cảnh; dùng=chỉ tham khảo. Lý do: Per QA2-08 (ràng buộc): rào cản ngân sách L&D ≠ ngân sách marketing đã duyệt; chỉ bối cảnh.
M-E439,GROWTH_SOURCE,M-S407,,,,approved_budget,chi đầu tư đào tạo/doanh thu — bất động sản,"0,1",,,%,200 DN,2022,2022,Việt Nam,doanh nghiệp theo ngành,"Đầu tư đào tạo/doanh thu (bất động sản): 0,1%","CFO Vietnam 11/04/2023 dẫn TheLEADER dẫn Báo cáo 'Hoạt động đào tạo và phát triển DN Việt Nam 2022-2025' của Học viện HRD (200 DN, 8,8% BĐS)",chưa xác minh,"dữ liệu 2022; đào tạo chung toàn DN, không tách marketing; báo cáo gốc chưa đọc trực tiếp; tách từ ô gộp theo QA |  V2-xác minh 08/10/2026: tiếp cận=đã đọc nguồn thứ cấp; hỗ trợ=hỗ trợ đúng claim; phù hợp=chỉ bối cảnh; dùng=chỉ tham khảo. Lý do: Per QA2-08: chi L&D theo ngành ≠ ngân sách marketing đã duyệt; chỉ bối cảnh."
M-E440,GROWTH_SOURCE,M-S407,,,,approved_budget,chi đầu tư đào tạo/doanh thu — tài chính-ngân hàng,"0,2",,,%,200 DN,2022,2022,Việt Nam,doanh nghiệp theo ngành,"Đầu tư đào tạo/doanh thu (tài chính-ngân hàng): 0,2%","CFO Vietnam 11/04/2023 dẫn TheLEADER dẫn Báo cáo 'Hoạt động đào tạo và phát triển DN Việt Nam 2022-2025' của Học viện HRD (200 DN, 8,8% BĐS)",chưa xác minh,"dữ liệu 2022; đào tạo chung toàn DN, không tách marketing; báo cáo gốc chưa đọc trực tiếp; tách từ ô gộp theo QA |  V2-xác minh 08/10/2026: tiếp cận=đã đọc nguồn thứ cấp; hỗ trợ=hỗ trợ đúng claim; phù hợp=chỉ bối cảnh; dùng=chỉ tham khảo. Lý do: Chỉ bối cảnh."
M-E441,GROWTH_SOURCE,M-S407,,,,approved_budget,chi đầu tư đào tạo/doanh thu — sản xuất,"0,32",,,%,200 DN,2022,2022,Việt Nam,doanh nghiệp theo ngành,"Đầu tư đào tạo/doanh thu (sản xuất): 0,32%","CFO Vietnam 11/04/2023 dẫn TheLEADER dẫn Báo cáo 'Hoạt động đào tạo và phát triển DN Việt Nam 2022-2025' của Học viện HRD (200 DN, 8,8% BĐS)",chưa xác minh,"dữ liệu 2022; đào tạo chung toàn DN, không tách marketing; báo cáo gốc chưa đọc trực tiếp; tách từ ô gộp theo QA |  V2-xác minh 08/10/2026: tiếp cận=đã đọc nguồn thứ cấp; hỗ trợ=hỗ trợ đúng claim; phù hợp=chỉ bối cảnh; dùng=chỉ tham khảo. Lý do: Chỉ bối cảnh."
M-E442,GROWTH_SOURCE,M-S407,,,,approved_budget,chi đầu tư đào tạo/doanh thu — bán lẻ,"0,43",,,%,200 DN,2022,2022,Việt Nam,doanh nghiệp theo ngành,"Đầu tư đào tạo/doanh thu (bán lẻ): 0,43%","CFO Vietnam 11/04/2023 dẫn TheLEADER dẫn Báo cáo 'Hoạt động đào tạo và phát triển DN Việt Nam 2022-2025' của Học viện HRD (200 DN, 8,8% BĐS)",chưa xác minh,"dữ liệu 2022; đào tạo chung toàn DN, không tách marketing; báo cáo gốc chưa đọc trực tiếp; tách từ ô gộp theo QA |  V2-xác minh 08/10/2026: tiếp cận=đã đọc nguồn thứ cấp; hỗ trợ=hỗ trợ đúng claim; phù hợp=chỉ bối cảnh; dùng=chỉ tham khảo. Lý do: Chỉ bối cảnh."
M-E443,GROWTH_SOURCE,M-S407,,,,approved_budget,chi đầu tư đào tạo/doanh thu — giáo dục,"0,45",,,%,200 DN,2022,2022,Việt Nam,doanh nghiệp theo ngành,"Đầu tư đào tạo/doanh thu (giáo dục): 0,45%","CFO Vietnam 11/04/2023 dẫn TheLEADER dẫn Báo cáo 'Hoạt động đào tạo và phát triển DN Việt Nam 2022-2025' của Học viện HRD (200 DN, 8,8% BĐS)",chưa xác minh,"dữ liệu 2022; đào tạo chung toàn DN, không tách marketing; báo cáo gốc chưa đọc trực tiếp; tách từ ô gộp theo QA |  V2-xác minh 08/10/2026: tiếp cận=đã đọc nguồn thứ cấp; hỗ trợ=hỗ trợ đúng claim; phù hợp=chỉ bối cảnh; dùng=chỉ tham khảo. Lý do: Chỉ bối cảnh."
M-E444,GROWTH_SOURCE,M-S407,,,,approved_budget,chi đầu tư đào tạo/doanh thu — công nghệ thông tin,"0,5",,,%,200 DN,2022,2022,Việt Nam,doanh nghiệp theo ngành,"Đầu tư đào tạo/doanh thu (công nghệ thông tin): 0,5%","CFO Vietnam 11/04/2023 dẫn TheLEADER dẫn Báo cáo 'Hoạt động đào tạo và phát triển DN Việt Nam 2022-2025' của Học viện HRD (200 DN, 8,8% BĐS)",chưa xác minh,"dữ liệu 2022; đào tạo chung toàn DN, không tách marketing; báo cáo gốc chưa đọc trực tiếp; tách từ ô gộp theo QA |  V2-xác minh 08/10/2026: tiếp cận=đã đọc nguồn thứ cấp; hỗ trợ=hỗ trợ đúng claim; phù hợp=chỉ bối cảnh; dùng=chỉ tham khảo. Lý do: Chỉ bối cảnh."
M-E445,GROWTH_SOURCE,M-S407,,,,completed_transaction,giờ đào tạo bình quân/người/năm — bất động sản,"22,2",,,giờ/người/năm,200 DN,2022,2022,Việt Nam,nhân sự theo ngành,"Giờ đào tạo/người/năm (bất động sản): 22,2 giờ",CFO Vietnam 11/04/2023 dẫn Báo cáo HRD (200 DN),chưa xác minh,"dữ liệu 2022; đào tạo chung, không tách marketing; tách từ ô gộp theo QA |  V2-xác minh 08/10/2026: tiếp cận=đã đọc nguồn thứ cấp; hỗ trợ=hỗ trợ đúng claim; phù hợp=chỉ bối cảnh; dùng=chỉ tham khảo. Lý do: Per QA2-06: giờ đào tạo nội bộ ≠ mua khóa marketing; chỉ bối cảnh."
M-E446,GROWTH_SOURCE,M-S407,,,,completed_transaction,giờ đào tạo bình quân/người/năm — công nghệ thông tin,"33,2",,,giờ/người/năm,200 DN,2022,2022,Việt Nam,nhân sự theo ngành,"Giờ đào tạo/người/năm (công nghệ thông tin): 33,2 giờ",CFO Vietnam 11/04/2023 dẫn Báo cáo HRD (200 DN),chưa xác minh,"dữ liệu 2022; đào tạo chung, không tách marketing; tách từ ô gộp theo QA |  V2-xác minh 08/10/2026: tiếp cận=đã đọc nguồn thứ cấp; hỗ trợ=hỗ trợ đúng claim; phù hợp=chỉ bối cảnh; dùng=chỉ tham khảo. Lý do: Chỉ bối cảnh."
M-E447,GROWTH_SOURCE,M-S407,,,,completed_transaction,giờ đào tạo bình quân/người/năm — tài chính-ngân hàng,33,,,giờ/người/năm,200 DN,2022,2022,Việt Nam,nhân sự theo ngành,Giờ đào tạo/người/năm (tài chính-ngân hàng): 33 giờ,CFO Vietnam 11/04/2023 dẫn Báo cáo HRD (200 DN),chưa xác minh,"dữ liệu 2022; đào tạo chung, không tách marketing; tách từ ô gộp theo QA |  V2-xác minh 08/10/2026: tiếp cận=đã đọc nguồn thứ cấp; hỗ trợ=hỗ trợ đúng claim; phù hợp=chỉ bối cảnh; dùng=chỉ tham khảo. Lý do: Chỉ bối cảnh."
M-E448,GROWTH_SOURCE,M-S407,,,,,tỷ trọng ngân sách đào tạo thuê ngoài — bất động sản,"49,3",,,%,200 DN,2022,2022,Việt Nam,doanh nghiệp theo ngành,"Ngân sách thuê ngoài/tổng đầu tư đào tạo (bất động sản): 49,3%",CFO Vietnam 11/04/2023 dẫn Báo cáo HRD (200 DN),chưa xác minh,"dữ liệu 2022; đào tạo chung, không tách marketing; tách từ ô gộp theo QA |  V2-xác minh 08/10/2026: tiếp cận=đã đọc nguồn thứ cấp; hỗ trợ=hỗ trợ đúng claim; phù hợp=chỉ bối cảnh; dùng=chỉ tham khảo. Lý do: Chỉ bối cảnh."
M-E449,GROWTH_SOURCE,M-S407,,,,,tỷ trọng ngân sách đào tạo thuê ngoài — sản xuất (~45),45,,,%,200 DN,2022,2022,Việt Nam,doanh nghiệp theo ngành,Ngân sách thuê ngoài/tổng đầu tư đào tạo (sản xuất (~45)): 45%,CFO Vietnam 11/04/2023 dẫn Báo cáo HRD (200 DN),chưa xác minh,"dữ liệu 2022; đào tạo chung, không tách marketing; tách từ ô gộp theo QA |  V2-xác minh 08/10/2026: tiếp cận=đã đọc nguồn thứ cấp; hỗ trợ=hỗ trợ đúng claim; phù hợp=chỉ bối cảnh; dùng=chỉ tham khảo. Lý do: Chỉ bối cảnh."
M-E450,GROWTH_SOURCE,M-S407,,,,,tỷ trọng ngân sách đào tạo thuê ngoài — tài chính-ngân hàng,"42,1",,,%,200 DN,2022,2022,Việt Nam,doanh nghiệp theo ngành,"Ngân sách thuê ngoài/tổng đầu tư đào tạo (tài chính-ngân hàng): 42,1%",CFO Vietnam 11/04/2023 dẫn Báo cáo HRD (200 DN),chưa xác minh,"dữ liệu 2022; đào tạo chung, không tách marketing; tách từ ô gộp theo QA |  V2-xác minh 08/10/2026: tiếp cận=đã đọc nguồn thứ cấp; hỗ trợ=hỗ trợ đúng claim; phù hợp=chỉ bối cảnh; dùng=chỉ tham khảo. Lý do: Chỉ bối cảnh."
M-E451,GROWTH_SOURCE,M-S407,,,,,tỷ trọng ngân sách đào tạo thuê ngoài — bán lẻ/giáo dục/CNTT,,"30,5",35,%,200 DN,2022,2022,Việt Nam,doanh nghiệp theo ngành,"Ngân sách thuê ngoài/tổng đầu tư đào tạo (bán lẻ/giáo dục/CNTT): 30,5-35%",CFO Vietnam 11/04/2023 dẫn Báo cáo HRD (200 DN),chưa xác minh,"dữ liệu 2022; đào tạo chung, không tách marketing; tách từ ô gộp theo QA | [V2-HẠ MỨC] V2-xác minh 08/10/2026: tiếp cận=đã đọc nguồn thứ cấp; hỗ trợ=chưa đủ thông tin; phù hợp=chỉ bối cảnh; dùng=chỉ tham khảo. Lý do: Chưa đủ thông tin để đối chiếu độc lập; giữ bản ghi pack."
M-E421,GROWTH_SOURCE,M-S407,,,,planned_training,tỷ lệ DN có kế hoạch ngân sách đào tạo cụ thể hàng năm,20,,,~%,200 DN,2022,2022,Việt Nam,doanh nghiệp Việt Nam,Chỉ hơn 1/5 doanh nghiệp có kế hoạch ngân sách đào tạo cụ thể được thiết lập hàng năm; còn lại quyết định theo từng dự án/chương trình/sự vụ,CFO Vietnam 11/04/2023 dẫn Báo cáo HRD (200 DN),chưa xác minh,dữ liệu 2022; ngân sách đào tạo chung |  V2-xác minh 08/10/2026: tiếp cận=đã đọc nguồn thứ cấp; hỗ trợ=hỗ trợ đúng claim; phù hợp=chỉ bối cảnh; dùng=chỉ tham khảo. Lý do: Kế hoạch ngân sách đào tạo chung ≠ ngân sách marketing đã duyệt; chỉ bối cảnh.
M-E452,GROWTH_SOURCE,M-S407,,,,approved_budget,"tỷ lệ lãnh đạo không quan tâm, không dành ngân sách cho đào tạo","8,1",,,%,200 DN,2022,2022,Việt Nam,lãnh đạo doanh nghiệp,"8,1% lãnh đạo không quan tâm, không dành ngân sách cho đào tạo",CFO Vietnam 11/04/2023 dẫn Báo cáo HRD (200 DN),chưa xác minh,dữ liệu 2022; rào cản ngân sách đào tạo chung; tách từ ô gộp theo QA |  V2-xác minh 08/10/2026: tiếp cận=đã đọc nguồn thứ cấp; hỗ trợ=hỗ trợ đúng claim; phù hợp=chỉ bối cảnh; dùng=chỉ tham khảo. Lý do: Per QA2-08: chỉ bối cảnh.
M-E453,GROWTH_SOURCE,M-S407,,,,approved_budget,tỷ lệ lãnh đạo quan tâm nhưng chưa sẵn sàng phê duyệt ngân sách,"30,6",,,%,200 DN,2022,2022,Việt Nam,lãnh đạo doanh nghiệp,"30,6% quan tâm nhưng chưa dành thời gian chỉ đạo, chưa sẵn sàng phê duyệt ngân sách và nguồn lực",CFO Vietnam 11/04/2023 dẫn Báo cáo HRD (200 DN),chưa xác minh,dữ liệu 2022; rào cản ngân sách đào tạo chung; tách từ ô gộp theo QA |  V2-xác minh 08/10/2026: tiếp cận=đã đọc nguồn thứ cấp; hỗ trợ=hỗ trợ đúng claim; phù hợp=chỉ bối cảnh; dùng=chỉ tham khảo. Lý do: Per QA2-08: chỉ bối cảnh.
M-E423,GROWTH_SOURCE,M-S408,,,,approved_budget,quy mô thị trường đào tạo doanh nghiệp Việt Nam,700,,,triệu USD,không rõ,2020,2028,Việt Nam,doanh nghiệp Việt Nam,Thị trường đào tạo doanh nghiệp Việt Nam valued at ~USD 700 triệu (phân tích lịch sử 5 năm),Thông cáo báo chí Ken Research 14/8/2025 (openpr),công bố nhà cung cấp,"thông cáo do nhà bán báo cáo phát hành; không tách đào tạo marketing; chưa đối chiếu báo cáo đầy đủ |  V2-xác minh 08/10/2026: tiếp cận=đã đọc nguồn thứ cấp; hỗ trợ=hỗ trợ đúng claim; phù hợp=chỉ bối cảnh; dùng=chỉ tham khảo. Lý do: Báo cáo gốc chưa đọc; vendor-issued; toàn thị trường đào tạo DN, không phải Category marketing."
M-E424,GROWTH_SOURCE,M-S408,,,,approved_budget,tỷ lệ DN tăng ngân sách L&D từ 2022,65,,,%,không rõ,2022,2025,Việt Nam,doanh nghiệp Việt Nam,Trên 65% doanh nghiệp tăng ngân sách L&D từ 2022,Thông cáo báo chí Ken Research 14/8/2025 (openpr),công bố nhà cung cấp,"ngân sách L&D chung, không tách marketing |  V2-xác minh 08/10/2026: tiếp cận=đã đọc nguồn thứ cấp; hỗ trợ=hỗ trợ đúng claim; phù hợp=chỉ bối cảnh; dùng=chỉ tham khảo. Lý do: Chỉ bối cảnh."
M-E425,GROWTH_SOURCE,M-S408,,,,planned_training,tỷ lệ DN đặt chuyển đổi số/năng lực lãnh đạo/tuân thủ làm ưu tiên đào tạo hàng đầu,70,,,%,không rõ,2025,2028,Việt Nam,doanh nghiệp Việt Nam,"Trên 70% doanh nghiệp xác định chuyển đổi số, nâng cao năng lực lãnh đạo và đào tạo tuân thủ là ưu tiên hàng đầu",Thông cáo báo chí Ken Research 14/8/2025 (openpr),công bố nhà cung cấp,"ưu tiên đào tạo chung, không nêu marketing |  V2-xác minh 08/10/2026: tiếp cận=đã đọc nguồn thứ cấp; hỗ trợ=hỗ trợ đúng claim; phù hợp=chỉ bối cảnh; dùng=chỉ tham khảo. Lý do: Chỉ bối cảnh."
M-E426,GROWTH_SOURCE,M-S409,,,,completed_transaction,tỷ lệ công ty đào tạo nội bộ về digital marketing,29,,,%,không rõ (chuỗi 5 nước: 950 NTD),2018,2019,Việt Nam,nhà tuyển dụng Việt Nam,29% công ty đào tạo nội bộ (in-house) về digital marketing cho nhân viên (IT nâng cao 50%; lập trình 32%; kỹ năng số/thống kê nâng cao 28%),Bản tóm tắt báo cáo British Council 'Employability in Focus – Vietnam',chưa xác minh,dữ liệu 2018-2019 (lịch sử); mẫu VN không rõ; PDF gốc chưa đọc trực tiếp |  V2-xác minh 08/10/2026: tiếp cận=đã đọc nguồn thứ cấp; hỗ trợ=hỗ trợ đúng claim; phù hợp=chỉ bối cảnh; dùng=chỉ tham khảo. Lý do: Dữ liệu lịch sử; đào tạo nội bộ ≠ mua khóa; chỉ bối cảnh.
M-E427,GROWTH_SOURCE,M-S410,,,,completed_transaction,tỷ lệ CBNV FPT được đào tạo kiến thức cơ bản về AI năm 2024,98.8,,,%,toàn bộ CBNV FPT (số tuyệt đối không nêu),2024,2024,Việt Nam,cán bộ nhân viên FPT,"Năm 2024: 98,8% CBNV được đào tạo kiến thức cơ bản về AI, tương ứng hơn 109.200 giờ học; đầu 2025 triển khai 'Bình dân AI vụ' toàn tập đoàn (mỗi CBNV ít nhất một khóa học AI, học qua Udemy/Coursera/nền tảng nội bộ + workshop theo ngành/bộ phận)",VnBizNews dẫn FPT,chưa xác minh,"đào tạo AI chung toàn tập đoàn, không tách marketing; số liệu DN tự công bố |  V2-xác minh 08/10/2026: tiếp cận=đã đọc nguồn thứ cấp; hỗ trợ=hỗ trợ đúng claim; phù hợp=chỉ bối cảnh; dùng=chỉ tham khảo. Lý do: Per QA2-07: đào tạo nội bộ một tập đoàn ≠ thị trường mua khóa marketing; chỉ bối cảnh."
M-E428,GROWTH_SOURCE,M-S411,,,,completed_transaction,số học viên và doanh nghiệp đào tạo AI (tự công bố),80000,,,người,tự công bố,,,Việt Nam,học viên và doanh nghiệp khách hàng,"Học viện AI tự công bố: 80.000+ học viên; đồng hành 1.000+ doanh nghiệp ứng dụng AI; đào tạo nội bộ cho LPBank, Toyota, Bảo Việt, Mytel, EI Group, Vinalink, Yody, LienVietPostBank",learn.hocvienai.com (mục Founder/Giảng viên & chuyên gia),công bố nhà cung cấp,"tự công bố, chưa xác minh độc lập; có chương trình 'Đào tạo AI thực chiến theo phòng ban' và 'GenAI cho Sales/Marketing/Vận hành' nhưng không nêu số liệu riêng cho marketing |  V2-xác minh 08/10/2026: tiếp cận=đã đọc nguồn gốc; hỗ trợ=hỗ trợ đúng claim; phù hợp=chỉ bối cảnh; dùng=chỉ tham khảo. Lý do: Số tự công bố; tích lũy toàn hệ AIVA Group (Unica.vn, Acabiz.vn); đào tạo AI nói chung, không phải Category marketing."
M-E429,GROWTH_SOURCE,M-S412,,,,completed_transaction,số doanh nghiệp triển khai đào tạo AI in-house (tự công bố),200,,,doanh nghiệp,tự công bố,,,Việt Nam,doanh nghiệp khách hàng,"200+ doanh nghiệp đã triển khai in-house AI training; đánh giá tổng 4,88/5 (chất lượng giảng dạy 4,9; nội dung 4,8; hỗ trợ triển khai 4,9; ROI 4,8; học phí 4,9)",hoclaptrinhai.com (mục đánh giá doanh nghiệp),công bố nhà cung cấp,"tự công bố, chưa xác minh độc lập |  V2-xác minh 08/10/2026: tiếp cận=đã đọc nguồn gốc; hỗ trợ=hỗ trợ đúng claim; phù hợp=chỉ bối cảnh; dùng=chỉ tham khảo. Lý do: Per QA2-07: cung ứng đào tạo AI nội bộ, không phải giao dịch khóa marketing."
M-E430,GROWTH_SOURCE,M-S412,,,,completed_transaction,kết quả sau đào tạo AI của bộ phận marketing (testimonial),4,,,lần,1 doanh nghiệp (testimonial),,,Việt Nam,"bộ phận marketing của DN thương mại (45 NV, TP.HCM)","Testimonial: sau 5 tuần đào tạo AI, bộ phận marketing tạo ra gấp 4 lần nội dung so với trước (đơn vị dạy AI theo từng vị trí, không dạy chung chung)","hoclaptrinhai.com (testimonial Nguyễn Hoàng Phúc, Giám đốc điều hành)",công bố nhà cung cấp,"testimonial do nhà cung cấp đăng, công ty ẩn danh một phần; chưa xác minh độc lập |  V2-xác minh 08/10/2026: tiếp cận=đã đọc nguồn gốc; hỗ trợ=hỗ trợ đúng claim; phù hợp=thuộc Category; dùng=chỉ tham khảo. Lý do: Testimonial đơn lẻ do NCC đăng; chỉ tham khảo."
M-E431,GROWTH_SOURCE,M-S413,,,,skill_gap,tỷ lệ 'Bán hàng & Marketing' trong nhóm kỹ năng khó tuyển,21,,,%,khảo sát ManpowerGroup (phạm vi APME),2026,2026,APME (APAC + Trung Đông),nhà tuyển dụng APME,Bán hàng & Marketing: 21% — nhóm kỹ năng chuyên môn khó tuyển (sau Phát triển mô hình & ứng dụng AI 27%; Sử dụng thành thạo AI 26%; ngang Kỹ thuật 21%),Tanca Vietnam HR Skills Report 2026 tr.6 dẫn ManpowerGroup Global Talent Shortage 2026,chưa xác minh,"NHÓM BỐI CẢNH: geography APME, không phải Việt Nam; không điền vào ô VN | [V2-HẠ MỨC] V2-xác minh 08/10/2026: tiếp cận=chỉ thấy snippet; hỗ trợ=chưa đủ thông tin; phù hợp=chỉ bối cảnh; dùng=chỉ tham khảo. Lý do: Giữ bản ghi pack ('Bán hàng & Marketing: 21% nhóm kỹ năng khó tuyển') như snippet; chỉ bối cảnh."
M-E432,GROWTH_SOURCE,M-S413,,,,desire_to_learn,tỷ lệ nhân viên sẵn sàng đổi 10% tăng lương lấy cơ hội upskill AI & kỹ năng số,63,,,%,khảo sát Mercer (phạm vi không rõ),2026,2026,không rõ (theo Tanca dẫn Mercer GTT 2026),nhân viên (phạm vi khảo sát không rõ),63% nhân viên sẵn sàng đổi 10% tăng lương lấy cơ hội upskill AI & kỹ năng số,Tanca Vietnam Corporate Learning Report 2026 dẫn Mercer GTT 2026,chưa xác minh,NHÓM BỐI CẢNH: geography không xác định được là Việt Nam; chưa đối chiếu nguồn gốc | [V2-HẠ MỨC] V2-xác minh 08/10/2026: tiếp cận=chỉ thấy snippet; hỗ trợ=chưa đủ thông tin; phù hợp=chỉ bối cảnh; dùng=chỉ tham khảo. Lý do: Giữ bản ghi pack ('63% sẵn sàng đổi 10% tăng lương lấy upskill') như snippet; chỉ bối cảnh.
M-E433,GROWTH_SOURCE,M-S413,,,,skill_gap,tỷ lệ kỹ năng cốt lõi thay đổi và lao động cần reskill,39,,,%,khảo sát WEF,2025,2030,toàn cầu,lực lượng lao động toàn cầu,39% kỹ năng cốt lõi sẽ thay đổi/lỗi thời trước 2030; 59/100 lao động cần reskill,Tanca State of HR Vietnam 2026 dẫn WEF Future of Jobs 2025,chưa xác minh,"NHÓM BỐI CẢNH: geography toàn cầu, không phải Việt Nam | [V2-HẠ MỨC] V2-xác minh 08/10/2026: tiếp cận=chỉ thấy snippet; hỗ trợ=chưa đủ thông tin; phù hợp=chỉ bối cảnh; dùng=chỉ tham khảo. Lý do: Giữ bản ghi pack ('39% kỹ năng lõi thay đổi trước 2030') như snippet; chỉ bối cảnh."
M-E434,GROWTH_SOURCE,M-S416,,,,,tỷ lệ lãnh đạo doanh nghiệp được đào tạo từ nội bộ,79,,,%,nghiên cứu Mercer (phạm vi không rõ),,,toàn cầu (theo bài dẫn),lãnh đạo doanh nghiệp,"79% nhà lãnh đạo trong doanh nghiệp được đào tạo từ nội bộ lên, 21% tuyển từ nguồn bên ngoài",ELSA Speak dẫn nghiên cứu Mercer Global,chưa xác minh,NHÓM BỐI CẢNH: geography toàn cầu; nghiên cứu gốc chưa xác định |  V2-xác minh 08/10/2026: tiếp cận=đã đọc nguồn thứ cấp; hỗ trợ=hỗ trợ đúng claim; phù hợp=chỉ bối cảnh; dùng=chỉ tham khảo. Lý do: Chỉ bối cảnh.
M-E435,GROWTH_SOURCE,M-S414,,,,,chương trình đào tạo AI cho người làm Marketing & Sales,1,,,chương trình,,,,Việt Nam,người làm Marketing & Sales; chủ DN; nhân viên văn phòng,"WISE Business chào bán khóa đào tạo ứng dụng AI thực chiến cho doanh nghiệp, thiết kế riêng cho người làm Marketing & Sales (AI trong marketing: tự động hóa, sáng tạo nội dung, tối ưu chiến dịch quảng cáo)",wisebusiness.vn (mục IV),công bố nhà cung cấp,"PHÍA CUNG: chương trình chào bán, không phải bằng chứng nhu cầu hay giao dịch |  V2-xác minh 08/10/2026: tiếp cận=đã đọc nguồn gốc; hỗ trợ=hỗ trợ đúng claim; phù hợp=chỉ bối cảnh; dùng=chỉ tham khảo. Lý do: Cung ứng khóa học ≠ bằng chứng nhu cầu; chỉ bối cảnh."
M-E436,GROWTH_SOURCE,M-S415,,,,,giá niêm yết khóa học marketing (B2C),2000000,2000000,10800000,VND/khóa,,,,Việt Nam,cá nhân học marketing,Giá niêm yết Kstudy Digital Marketing Fullstack: 2.000.000đ (Kỹ năng làm việc; Học tập suốt đời) đến 10.800.000đ (Thực tập & huấn luyện dự án); các khóa chuyên môn 3.000.000-6.000.000đ (SEO 4.000.000đ; Quảng cáo Online 6.000.000đ; Enter AI 3.500.000đ),kstudy.edu.vn/digital-marketing-fullstack,công bố nhà cung cấp,"PHÍA CUNG: giá niêm yết, không phải giao dịch thực tế; không rõ bên chi trả (DN hay cá nhân) |  V2-xác minh 08/10/2026: tiếp cận=đã đọc nguồn gốc; hỗ trợ=hỗ trợ đúng claim; phù hợp=thuộc Category; dùng=tín hiệu-giả thuyết. Lý do: Bảng giá niêm yết, không phải giao dịch."
M-E454,SIZE,M-S418,BRAND Camp,,,mới vòng 2,số khóa học (danh mục),280+,,,khóa học,,2026-09,2026-09,VN,người đi làm,"Dòng 'Hơn 280 Khoá Học về Marketing, Business và Creativity'; promo PAYDAY26 25.9–30.9.2026 (đọc trực tiếp)",https://www.brandcamp.asia/blog/uu-dai-30-luog-ve-roi-di-hoc-thoi,công bố nhà cung cấp,"Tự công bố NCC; gồm cả Business & Creativity, không tách riêng marketing | [V2-MỚI] findings_id gốc trong raw/; chưa qua verification 4 thuộc tính vòng 2"
M-E455,SIZE,M-S418,BRAND Camp,,,mới vòng 2,học viên tích lũy (tự công bố),50.000+,,,học viên,,đến 2026-09,đến 2026-09,VN,người đi làm,Quotebox 'Hơn 50.000+ học viên đã chọn Brand Camp' (đọc trực tiếp),https://www.brandcamp.asia/blog/uu-dai-30-luog-ve-roi-di-hoc-thoi,công bố nhà cung cấp,"Tự công bố; mọi lĩnh vực, không tách marketing; không phân biệt người mua duy nhất vs lượt mua | [V2-MỚI] findings_id gốc trong raw/; chưa qua verification 4 thuộc tính vòng 2"
M-E456,SIZE,M-S419,Vinalink Academy,,,mới vòng 2,học phí gói bundle 2026,10.800.000 / 21.600.000 / 32.292.000 / 19.900.000 / 19.900.000,,,VND,,2026-10,2026-10,VN,người đi làm,Mục 'Gói combo' trang chủ (đọc trực tiếp): AI VIP; AI Super VIP; AI Marketing Full Stack; AI Content Creator; AI Performance Marketing,https://vinalink.edu.vn/,công bố nhà cung cấp,"Giá niêm yết, không phải thực thu; gói bundle 2026 mới | [V2-MỚI] findings_id gốc trong raw/; chưa qua verification 4 thuộc tính vòng 2"
M-E457,SIZE,M-S420,Vinalink Academy,,,mới vòng 2,khoảng giá niêm yết,2.500.000–30.000.000,,,VND,,2026-10,2026-10,VN,người đi làm,Dòng 'Price Range' (qua snippet tìm kiếm),https://vinalink.edu.vn/lich-khai-giang/tp-ho-chi-minh/,chưa xác minh,"Qua snippet, chưa đọc trực tiếp trang này | [V2-MỚI] findings_id gốc trong raw/; chưa qua verification 4 thuộc tính vòng 2"
M-E458,SIZE,M-S419,Vinalink Academy,,,mới vòng 2,khách hàng DN đào tạo inhouse (logo),9,,,doanh nghiệp,,2026-10,2026-10,VN,người đi làm,"Mục 'Khách hàng doanh nghiệp' (đọc trực tiếp): Vinaphone, Vinhomes, Viettel, Vietnam Airlines, BIDV, Techcombank, Sun Group, Panasonic, Novaland",https://vinalink.edu.vn/,công bố nhà cung cấp,Chứng minh CÓ mảng B2B; không có doanh thu/số hợp đồng B2B | [V2-MỚI] findings_id gốc trong raw/; chưa qua verification 4 thuộc tính vòng 2
M-E459,SIZE,M-S421,MOA Việt Nam,,,mới vòng 2,học viên tích lũy (tự công bố qua bên thứ ba),3.000+,,,học viên,,đến ~2026,đến ~2026,VN,người đi làm,'MOA Việt Nam được thành lập năm 2014 và đến nay đã đào tạo hơn 3000 học viên',https://vinalink.edu.vn/goc-tu-van/hoc-seo-o-dau,chưa xác minh,"Nguồn thứ cấp (bài của đối thủ Vinalink); mọi khóa MOA, không tách marketing | [V2-MỚI] findings_id gốc trong raw/; chưa qua verification 4 thuộc tính vòng 2"
M-E460,SIZE,M-S421,SEONGON,,,mới vòng 2,học viên tích lũy (tự công bố qua bên thứ ba),3.000+,,,học viên,,đến ~2026,đến ~2026,VN,người đi làm,'10 năm giảng dạy với hơn 3000 học viên' (khóa SEO),https://vinalink.edu.vn/goc-tu-van/hoc-seo-o-dau,chưa xác minh,Nguồn thứ cấp; chỉ mảng SEO | [V2-MỚI] findings_id gốc trong raw/; chưa qua verification 4 thuộc tính vòng 2
M-E461,SIZE,M-S422,EQVN,,,mới vòng 2,năm thành lập / đối tác nền tảng,2003 / đối tác Facebook & Google,,,năm,,—,—,VN,người đi làm,"'đơn vị đào tạo Digital Marketing lâu đời nhất Việt Nam hơn 21 năm, đối tác chính thức của Facebook và Google'",https://azacademy.vn/trung-tam-dao-tao-facebook-ads/,chưa xác minh,Bối cảnh bao phủ NCC; không phải quy mô | [V2-MỚI] findings_id gốc trong raw/; chưa qua verification 4 thuộc tính vòng 2
M-E462,SIZE,M-S423,BRAND Camp,,,mới vòng 2,hình thức bán B2B,có,,,—,,2026-10,2026-10,VN,người đi làm,"FAQ cuối trang khóa học: báo giá/hợp đồng cho DN (tên công ty, MST), xuất hóa đơn VAT, tính năng học TEAM",https://www.brandcamp.asia/course/183-premiumization-lifestyle-marketing,công bố nhà cung cấp,Chứng minh CÓ mảng B2B; không có doanh thu B2B | [V2-MỚI] findings_id gốc trong raw/; chưa qua verification 4 thuộc tính vòng 2
M-E463,SIZE,M-S424,(thị trường),,,mới vòng 2,NCC quan sát được trong mẫu,~18,,,nhà cung cấp,,2024–2026,2024–2026,VN,người đi làm,"Các bài toplist 2024–2026 liệt kê: Vinalink, AIM, TM, BRAND Camp, HNAAU, EQVN, MOA, PMAX, CASK, VietMoz, IMTA, SEONGON, ONNET, DGM, Vietmark, Digital Works, Minh Dương Ads, AZ Academy",https://wisebusiness.vn/top-10-trung-tam-dao-tao-marketing/,chưa xác minh,"Toplist bên thứ ba (không đầy đủ, không ngẫu nhiên) = 'tổng trong mẫu'; suy rộng cần phương pháp | [V2-MỚI] findings_id gốc trong raw/; chưa qua verification 4 thuộc tính vòng 2"
M-E464,SIZE,M-S425,(thị trường),,,mới vòng 2,quy mô edtech VN (bối cảnh),"364,71",,,triệu USD,,~2025,~2025,VN,người đi làm,'market size of $364.71 million... CAGR 11.1%... 750 players... K12 and language learning still being the main sector' (~02/2025),https://vir.com.vn/rising-demand-fuels-new-edtech-promise-122958.html,chưa xác minh,Không tách marketing; mảng chính là K12 + ngoại ngữ | [V2-MỚI] findings_id gốc trong raw/; chưa qua verification 4 thuộc tính vòng 2
M-E465,SIZE,M-S426,(thị trường),,,mới vòng 2,CAGR e-learning VN (bối cảnh),"17,5",,,%/năm,,2025–2033,2025–2033,VN,người đi làm,IMARC: 'growth rate (CAGR) of 17.5% during 2025-2033',https://www.openpr.com/news/3992172/vietnam-e-learning-market-2025-edition-size-share-growth,chưa xác minh,Thông cáo của nhà bán báo cáo; không tách marketing | [V2-MỚI] findings_id gốc trong raw/; chưa qua verification 4 thuộc tính vòng 2
M-E466,SIZE,M-S427,(thị trường),,,mới vòng 2,quy mô corporate training VN (bối cảnh),~700,,,triệu USD,,2025,2025,VN,người đi làm,Ken Research 14/08/2025: 'market size is valued at USD ~700 million',https://www.openpr.com/news/4286911/vietnam-corporate-training-market-ken-research-stated,chưa xác minh,"Toàn bộ đào tạo DN, không tách marketing | [V2-MỚI] findings_id gốc trong raw/; chưa qua verification 4 thuộc tính vòng 2"
M-E467,SIZE,M-S428,(thị trường),,,mới vòng 2,quy mô digital learning VN (bối cảnh),1.000,,,triệu USD,,không rõ kỳ,không rõ kỳ,VN,người đi làm,'digital learning market in Vietnam is expected to grow to $1 billion',https://www.researchandmarkets.com/reports/6207026/vietnam-executive-education-upskilling-market,chưa xác minh,Trang bán báo cáo; kỳ đo không rõ; không tách marketing | [V2-MỚI] findings_id gốc trong raw/; chưa qua verification 4 thuộc tính vòng 2
M-E468,GROWTH,M-S429,Vinalink Academy,,,mới vòng 2,học phí khóa Facebook Marketing Vinalink (chuỗi),4.900k (~2020) → 7.500k/5.400k (~2023) → 5.400k (~2025) → 9.900k/7.400k (2026),,,VND,,2020–2026,2020–2026,VN,người đi làm,litado (~03/2020): 'chi phí khoảng 4.900k/8 buổi'; dvn (~04/2023): 'HỌC PHÍ GỐC: 7.500.000Đ / ƯU ĐÃI ĐĂNG KÝ SỚM: 5.400.000Đ'; topchuyengia (~01/2025): 'Học phí: 5.400.000 VNĐ' 9 buổi 50 HV/khóa; vinalink.edu.vn 2026 (đọc trực tiếp): Facebook AI Marketing 2026 gốc 9.900.000đ/sớm 7.400.000đ,https://litado.edu.vn/top-10-dia-chi-hoc-ban-han-tren-facebook | https://dvn.com.vn/khoa-hoc-marketing-facebook-1682509443/ | https://topchuyengia.vn/huong-dan/day-facebook-ads | https://vinalink.edu.vn/,chưa xác minh,2020–2025 qua nguồn thứ cấp; mốc 2020 (litado.edu.vn) 404 tại thời điểm QA 08/10/2026 — mắt xích yếu nhất chuỗi; 2026 đổi tên + gắn AI; số buổi 8→9; giá 2026 đã gồm VAT | [V2-MỚI] findings_id gốc trong raw/; chưa qua verification 4 thuộc tính vòng 2
M-E469,GROWTH,M-S429,Vinalink Academy,,,mới vòng 2,khóa FB Marketing Vinalink: số khóa + HV tích lũy,hơn 40 khóa; khoảng hơn 2.000 học viên,,,khóa / học viên,,đến ~2020,đến ~2020,VN,người đi làm,'đã tổ chức ra hơn 40 khóa học với khoảng hơn 2000 học viên theo học',https://litado.edu.vn/top-10-dia-chi-hoc-ban-han-tren-facebook,chưa xác minh,Nguồn thứ cấp (~03/2020); chỉ 1 khóa FB Marketing | [V2-MỚI] findings_id gốc trong raw/; chưa qua verification 4 thuộc tính vòng 2
M-E470,GROWTH,M-S430,Tomorrow Marketers,,,mới vòng 2,TM: số khóa + học viên tích lũy,98 khóa; ~2.500 học viên; 8.000 lượt ĐK sự kiện,,,khóa / học viên / lượt,,đến ~2017,đến ~2017,VN,người đi làm,"'đã mở ra 98 khóa học, đón gần 2500 học viên, tổ chức hàng chục sự kiện với 8000 lượt khách đăng ký tham dự' (đọc trực tiếp)",https://customers.base.vn/chuyen-doi-so-cho-doanh-nghiep-quy-mo-chi-20-nhan-su-cau-chuyen-thanh-cong-tu-tomorrow-marketers/,chưa xác minh,Năm bài suy từ footer 'Base © 2017'; ngày đăng không hiển thị; tự thuật qua case study của Base | [V2-MỚI] findings_id gốc trong raw/; chưa qua verification 4 thuộc tính vòng 2
M-E471,GROWTH,M-S431,Tomorrow Marketers,,,mới vòng 2,TM: học viên tích lũy,gần 15.000,,,học viên,,~2022–2023,~2022–2023,VN,người đi làm,'với gần 15.000 học viên và 7 năm phát triển' (7 năm tính từ 09/2015),https://tomorrowmarketer.talent.vn/job/tomorrow-marketers-assistant-marketing-manager-30661,chưa xác minh,Tin tuyển dụng; năm suy từ '7 năm' (~2022–2023); ngày đăng không xác định chính xác | [V2-MỚI] findings_id gốc trong raw/; chưa qua verification 4 thuộc tính vòng 2
M-E472,GROWTH,,BRAND Camp,,,mới vòng 2,BRAND Camp: số khóa học (chuỗi),200+ (12/2023) → 200+ (09/2024) → 250+ (08/2025) → 280+ (09/2026),,,khóa học,,2023–2026,2023–2026,VN,người đi làm,2026-10-08,"pack M-E017→M-E019 (2023–2025); https://www.brandcamp.asia/blog/uu-dai-30-luog-ve-roi-di-hoc-thoi (09/2026, đọc trực tiếp)",chưa xác minh,Cùng nhãn 'số khóa học' tự công bố; mốc 09/2026 đọc trực tiếp; mốc 2023–2025 từ pack v1 (2/4 mốc chỉ ở mức snippet theo QA); phạm vi Marketing/Business/Creativity — nhãn 'bằng chứng' hạ xuống 'tín hiệu' theo QA FLAG | [V2-MỚI] findings_id gốc trong raw/; chưa qua verification 4 thuộc tính vòng 2
M-E473,GROWTH,M-S432,AIM Academy,,,mới vòng 2,AIM: danh mục khóa học,16 khóa / 3 chương trình (~2023) → giữ nguyên cấu trúc 2026,,,khóa học,,2023–2026,2023–2026,VN,người đi làm,iVolunteer (~10/2023): 16 khóa / 3 chương trình (MM 5 + CC 5 + DM 6); site AIM 2026 cùng cấu trúc,https://ivolunteervietnam.com/hoc-marketing-communication-tai-aim-academy-nhan-chung-chi-chuyen-nghiep-chuan-quoc-te.html,chưa xác minh,Nguồn thứ cấp cho 2023; danh mục ỔN ĐỊNH (không mở rộng) | [V2-MỚI] findings_id gốc trong raw/; chưa qua verification 4 thuộc tính vòng 2
M-E474,GROWTH,,Vinalink Academy,,,mới vòng 2,Vinalink: HV/tháng → flow năm suy ra,400 (2016) → 300–400 (2024) → 500–600 (2026); tương ứng ~4.800 → 3.600–4.800 → 6.000–7.200 HV/năm,,,học viên/tháng → học viên/năm,,2016–2026,2016–2026,VN,người đi làm,2026-10-08,pack M-E012 (seobenvung ~2016); M-E009 (danhgiathuonghieu ~2024); M-E011 (saigonreview ~2026),chưa xác minh,"Nguồn thứ cấp, có dấu hiệu PR; flow năm = HV/tháng × 12 (mô hình nhóm); cùng nhãn 'HV/tháng'; mốc saigonreview asset trang từ 02/2024 nên mốc ""~2026"" đổi thành ""~2024"" — chuỗi đọc 400 (2016) → 300–400 (2024) → 500–600 (chưa rõ năm, nguồn 2024) | [V2-MỚI] findings_id gốc trong raw/; chưa qua verification 4 thuộc tính vòng 2"
M-E475,GROWTH,M-S420,Vinalink Academy,,,mới vòng 2,Vinalink: AI hóa danh mục,6/6 khóa gắn AI,,,khóa học,,2026-10,2026-10,VN,người đi làm,"Agentic Marketing Plan 2026, Agentic Content Marketing, SEO AI 5.0, Facebook AI Marketing 2026, AI Ecommerce, TikTok Marketing với AI",https://vinalink.edu.vn/lich-khai-giang/tp-ho-chi-minh/,công bố nhà cung cấp,Thay đổi danh mục/phạm vi: AI hóa toàn bộ; qua snippet tìm kiếm | [V2-MỚI] findings_id gốc trong raw/; chưa qua verification 4 thuộc tính vòng 2
M-E476,GROWTH,,Tomorrow Marketers,,,mới vòng 2,TM: AI hóa danh mục,2 khóa AI mới,,,khóa học,,2026-10,2026-10,VN,người đi làm,"'Performance Marketing with AI'; 'AI Digital Marketing' (8 buổi, Zoom)",pack M-P101/M-P102,chưa xác minh,"Tham chiếu pack; thay đổi danh mục (ghi nhận, không suy ra tăng trưởng tuyển sinh) | [V2-MỚI] findings_id gốc trong raw/; chưa qua verification 4 thuộc tính vòng 2"
M-E477,SIZE,M-S433,Vinalink Academy,,,mới vòng 2,bottom-up: doanh thu Vinalink 2026 (mô hình nhóm),"18,0–50,4 (trung điểm khoảng ~34)",,,tỷ VND/năm,,2026,2026,VN,người đi làm,Công thức: 6.000–7.200 lượt HV/năm × học phí thực thu bình quân giả định 3/5/7 triệu VND,(mô hình; đầu vào SG-E021 + giá niêm yết),chưa xác minh,"MÔ HÌNH ƯỚC TÍNH CỦA NHÓM — không phải dữ kiện quan sát; fee mix chưa có; nhạy cảm ±17% theo flow; KHÔNG suy rộng toàn thị trường; ""trung tâm ~31"" đã sửa thành trung điểm khoảng ~34 (QA FLAG) | [V2-MỚI] findings_id gốc trong raw/; chưa qua verification 4 thuộc tính vòng 2"
M-E478,SIZE,,(thị trường),,,mới vòng 2,bế tắc: doanh thu đào tạo marketing tách riêng,0 NCC công bố,,,—,,—,—,VN,người đi làm,Tuyến đã thử: search mở doanh thu/masothue/phỏng vấn founder; nhiễu 'Vinalink Logistics' đã loại; hồ sơ thuế DN tư nhân không công khai,—,chưa xác minh,"CẦN: doanh thu đào tạo marketing/năm từ Vinalink, AIM, TM, BRAND Camp, HNAAU — chỉ có từ nội bộ NCC | [V2-MỚI] findings_id gốc trong raw/; chưa qua verification 4 thuộc tính vòng 2"
M-E479,SIZE,,(thị trường),,,mới vòng 2,bế tắc: người mua duy nhất vs lượt mua,0 nguồn tách,,,—,,—,—,VN,người đi làm,Không NCC nào tách unique buyers vs enrollments; BRAND Camp '50.000+ học viên' không phân biệt,—,chưa xác minh,CẦN: số unique buyers + lượt mua/năm từ CRM NCC hoặc khảo sát người học | [V2-MỚI] findings_id gốc trong raw/; chưa qua verification 4 thuộc tính vòng 2
M-E480,GROWTH,,(thị trường),,,mới vòng 2,bế tắc: lớp thực + HV thực tế + học phí thực thu,0 tin tách được trả phí/miễn phí,,,—,,2026,2026,VN,người đi làm,Không có tin nào tách được HV trả phí vs miễn phí (M-C107/M-E109 đã loại theo QA2-01),pack M-E109 (lưu ý QA2-01: dòng đã loại khỏi phân tích),chưa xác minh,CẦN: đếm sĩ số từ ảnh lớp khai giảng fanpage — cần live browser/FB CLI (agent-a NEEDS_INPUT); đã xóa tham chiếu số 130 theo QA2-01 | [V2-MỚI] findings_id gốc trong raw/; chưa qua verification 4 thuộc tính vòng 2
M-E481,SIZE,,(thị trường),,,mới vòng 2,bế tắc: tỷ lệ trùng người học giữa các NCC,0 dữ liệu,,,—,,—,—,VN,người đi làm,"Khảo sát người học: ""đã học ở NCC nào khác trong 12 tháng""",—,chưa xác minh,Chưa có khảo sát công khai nào hỏi; không suy từ review (dòng khôi phục từ findings.md sau lỗi ghi file) | [V2-MỚI] findings_id gốc trong raw/; chưa qua verification 4 thuộc tính vòng 2
M-E482,GROWTH,,(thị trường),,,mới vòng 2,bế tắc: search volume tuyệt đối 5 seed,NOT_FOUND_PUBLIC (đã thử 9 đường),,,—,,—,—,VN,người đi làm,Cần Google Keyword Planner / tài khoản Google Ads; blog SEO và case study VN đã cạn; Ahrefs/SEMrush/Ubersuggest cần đăng nhập-trả phí,agent-d (pack v1),chưa xác minh,Không chặn nghiên cứu tiếp (theo QA2-05); dòng khôi phục từ findings.md sau lỗi ghi file | [V2-MỚI] findings_id gốc trong raw/; chưa qua verification 4 thuộc tính vòng 2
M-E483,WHO,M-S434,người học,,,mới vòng 2,lời kể/bằng chứng người học,"không nêu (chỉ nói ""tiếc tiền"")",,,,,,,VN,người đi làm,"lời kể độc lập: mục tiêu: lập ngân sách/tối ưu/kiểm soát KPI/kiểm soát agency; đã học khóa Foundation ở trung tâm khác nhưng chưa đạt | payer: chưa rõ (bài viết không nêu nguồn chi trả) | paid: không nêu (chỉ nói ""tiếc tiền"")",toàn trang (đặc biệt mục tiêu học L2-L3; từ chối học lại L25-L27; khuyên tự học L93-L96),chưa xác minh,góc nhìn một chiều của 1 học viên; thiên lệch chọn lọc (người thất vọng mới viết review công khai); ngày đăng và năm khóa học không rõ | không nêu nghề nghiệp/địa phương/kinh phí/nguồn chi trả; không xác minh độc lập; đã có trong pack cũ (M-V201/M-S203) — đây là bản đọc lại để trích trigger/alternatives/barrier chi tiết | [V2-MỚI] findings_id gốc trong raw/; chưa qua verification 4 thuộc tính vòng 2
M-E484,WHO,M-S435,người học,,,mới vòng 2,lời kể/bằng chứng người học,>10.000.000 VND/khóa online,,,,,,,VN,người đi làm,"lời kể độc lập (qua báo chí): thấy clip AI hiện đại; muốn học để áp dụng vào việc bán quần áo của gia đình | payer: tự trả — bằng chứng trực tiếp: ""khi tôi bỏ ra hơn 10 triệu đồng mua khóa học"" | paid: >10.000.000 VND/khóa online","bài """"Bát nháo khóa học online"""" — đoạn lời kể chị Phan Thị Nhung",chưa xác minh,"báo chí chọn case ""nạn nhân"" điển hình để cảnh báo — thiên lệch chọn lọc về phía tiêu cực; 1 trường hợp đơn lẻ | bài báo về khóa học online nói chung (clip AI), không xác nhận là khóa marketing; không nêu tên trung tâm; không nêu trigger chọn NCC cụ thể | [V2-MỚI] findings_id gốc trong raw/; chưa qua verification 4 thuộc tính vòng 2"
M-E485,WHO,M-S436,người học,,,mới vòng 2,lời kể/bằng chứng người học,5.000.000 VND/11 buổi (Hồng Ngọc — khóa Digital Marketing tổng quan tại trung tâm ở Hà Nội),,,,,,,VN,người đi làm,"lời kể độc lập (qua báo chí): muốn có kỹ năng thực tế về nghề để ""ra trường có thể làm được việc ngay""; marketing quá rộng nên muốn tìm hiểu sâu từng mảng nhỏ | payer: tự trả — bằng chứng: ""chi tiền để tham gia một số khóa học"" (Hồng Ngọc); lưu ý sinh viên nên không loại trừ tiền gia đìn | paid: 5.000.000 VND/11 buổi (Hồng Ngọc — khóa Digital Marketing tổng quan tại trung tâm ở Hà Nội)","bài """"Sinh viên chi tiền cho các khóa học Marketing bên ngoài"""" — đoạn Lương Hậu/Hồng Ngọc/Thúy Ngân",chưa xác minh,báo chọn gương tích cực (sinh viên chủ động học) — thiên lệch chọn lọc; bài đăng ~07/2022 | đối tượng là sinh viên KHÔNG phải người đi làm (ngoài phạm vi Q3); không nêu tên trung tâm cụ thể của Hồng Ngọc | [V2-MỚI] findings_id gốc trong raw/; chưa qua verification 4 thuộc tính vòng 2
M-E486,WHO,M-S437,người học,,,mới vòng 2,lời kể/bằng chứng người học,1.500.000–2.000.000 VND/khóa đã học; không đủ khả năng với lớp 5–7 triệu,,,,,,,VN,người đi làm,"lời kể độc lập: muốn nhanh chóng học để kinh doanh hoặc triển khai dự án ấp ủ bấy lâu | payer: tự trả — bằng chứng trực tiếp: ""toàn bộ chi phí tôi đều dồn vào các lớp học marketing online""; ""sau gần 4 tháng 'thắt lư | paid: 1.500.000–2.000.000 VND/khóa đã học; không đủ khả năng với lớp 5–7 triệu","toàn văn tự thuật """"Học marketing online bắt đầu từ đâu"""" (PDF)",chưa xác minh,"tự thuật thành công của 1 cá nhân — thiên lệch sống sót; văn bản cũ | dữ liệu năm 2013 (thời SEO sơ khai) — bối cảnh thị trường đã khác; PDF scan/OCR, một số câu chữ lỗi font; không nêu tên trung tâm đã học | [V2-MỚI] findings_id gốc trong raw/; chưa qua verification 4 thuộc tính vòng 2"
M-E487,WHO,M-S438,người học,,,mới vòng 2,lời kể/bằng chứng người học,0 VND (tự học online và mày mò chạy quảng cáo 5 năm),,,,,,,VN,người đi làm,lời kể độc lập (qua báo chí): trong công việc BĐS phải tự chạy quảng cáo tìm khách; sau đó chuyển hẳn sang làm digital marketing | payer: không áp dụng (không mua khóa trả phí — tự học) | paid: 0 VND (tự học online và mày mò chạy quảng cáo 5 năm),bài về Trần Tiến (Phú Yên → TP.HCM năm 2020),chưa xác minh,"báo chọn câu chuyện truyền cảm hứng — thiên lệch chọn lọc tích cực | không phải người mua khóa học — chỉ là bằng chứng cho phương án thay thế ""tự học""; bài đăng ~10/2024 | [V2-MỚI] findings_id gốc trong raw/; chưa qua verification 4 thuộc tính vòng 2"
M-E488,WHO,M-S439,người học,,,mới vòng 2,lời kể/bằng chứng người học,không áp dụng,,,,,,,VN,người đi làm,bài tư vấn (không phải lời kể người học): không áp dụng | payer: không áp dụng | paid: không áp dụng,"mục """"2. Học tại các trung tâm"""" và """"Những lưu ý""""",chưa xác minh,"bài viết tư vấn chung — quan điểm 1 tác giả không rõ danh tính | không phải dữ liệu người học thực tế; ngày đăng không rõ; mức ""3–4 triệu"" là gợi ý, không phải số liệu khảo sát | [V2-MỚI] findings_id gốc trong raw/; chưa qua verification 4 thuộc tính vòng 2"
M-E489,WHO,M-S440,người học,,,mới vòng 2,lời kể/bằng chứng người học,10.000.000–20.000.000 VND (giá học SEO solo 1-1 theo bài viết — chưa xác minh),,,,,,,VN,người đi làm,lời kể có dấu hiệu qua NCC/affiliate (KHÔNG dùng làm bằng chứng độc lập): không nêu | payer: chưa rõ | paid: 10.000.000–20.000.000 VND (giá học SEO solo 1-1 theo bài viết — chưa xác minh),thread tinhte.vn 08/2024 của tài khoản nguyentruonglong8h (mục 4–12),chưa xác minh,"giọng văn quảng bá; nhắc công cụ TranNamPhong.top có dấu hiệu tiếp thị liên kết — khả năng cao là seeding/affiliate, KHÔNG phải review độc lập | không có thông tin người học; không đối chiếu được quan hệ với Vinalink; chỉ ghi nhận để cảnh báo nguồn nhiễu | [V2-MỚI] findings_id gốc trong raw/; chưa qua verification 4 thuộc tính vòng 2"
M-E490,WHO,M-S441,người học,,,mới vòng 2,lời kể/bằng chứng người học,không áp dụng,,,,,,,VN,người đi làm,bài tổng hợp SEO (không phải lời kể người học): không áp dụng | payer: không áp dụng | paid: không áp dụng,"bài """"Top 8 khóa học marketing ngắn hạn cho người đi làm bận rộn"""" (10/2024)",chưa xác minh,"listicle SEO — có thể chứa affiliate; tiêu chí do tác giả tự đặt, không từ khảo sát người học | không có dữ liệu người học thực tế; không nêu giá cụ thể từng khóa | [V2-MỚI] findings_id gốc trong raw/; chưa qua verification 4 thuộc tính vòng 2"
M-E491,WHO,M-S442,người học,,,mới vòng 2,lời kể/bằng chứng người học,không nêu (giá theo báo giá doanh nghiệp),,,,,,,VN,người đi làm,NCC công bố (kênh B2B): không áp dụng | payer: DN chi trả — kênh TỒN TẠI theo NCC công bố (chương trình đào tạo cho đội ngũ doanh nghiệp); không có số liệu tỷ lệ | paid: không nêu (giá theo báo giá doanh nghiệp),trang chương trình Digital Marketing Thực Chiến PACE (đối tượng: cá nhân/doanh nghiệp),chưa xác minh,NCC tự công bố — thiên lệch marketing | không phải bằng chứng người học cụ thể; không có số liệu học viên DN vs cá nhân | [V2-MỚI] findings_id gốc trong raw/; chưa qua verification 4 thuộc tính vòng 2
M-E492,WHO,M-S443,người học,,,mới vòng 2,lời kể/bằng chứng người học,không nêu,,,,,,,VN,người đi làm,NCC công bố (kênh B2B): không áp dụng | payer: DN chi trả — kênh TỒN TẠI theo NCC tự công bố (đào tạo inhouse; kể tên Vietnam Airlines/VTC/MobiFone/Vinaphone/Yamaha —  | paid: không nêu,"trang """"Đào tạo cho doanh nghiệp — inhouse training"""" của PA Marketing",chưa xác minh,NCC tự công bố danh sách khách hàng — chưa xác minh độc lập; thiên lệch marketing | không phải bằng chứng người học; không có số liệu; danh sách khách hàng chỉ là tuyên bố một phía | [V2-MỚI] findings_id gốc trong raw/; chưa qua verification 4 thuộc tính vòng 2
M-E493,WHO,M-S444,người học,,,mới vòng 2,lời kể/bằng chứng người học,không nêu,,,,,,,VN,người đi làm,khảo sát (qua báo chí): 64% muốn cập nhật kỹ năng để giữ năng lực cạnh tranh | payer: DN chi trả: 61% DN chủ động đào tạo lại NV hiện tại; 22% đầu tư nền tảng đào tạo trực tuyến (Anphabe — qua báo Dân trí 0 | paid: không nêu,"bài """"86% nhân viên thường quên sạch những gì được đào tạo sau 30 ngày"""" — số liệu Anphabe",chưa xác minh,Anphabe là công ty dịch vụ HR — có lợi ích thúc đẩy chi tiêu đào tạo; bài báo không nêu chi tiết mẫu/phương pháp | KHÔNG riêng khóa marketing ngắn hạn; KHÔNG hỏi trực tiếp ai trả tiền (xác nhận lại kết quả âm M-E213); số liệu qua báo chí không phải báo cáo gốc | [V2-MỚI] findings_id gốc trong raw/; chưa qua verification 4 thuộc tính vòng 2
M-E494,WHO,M-S445,người học,,,mới vòng 2,lời kể/bằng chứng người học,mức hỗ trợ BHTN: tối đa 4.5 triệu/khóa (<3 tháng); 1.5 triệu/người/tháng (≥3 tháng),,,,,,,VN,người đi làm,văn bản pháp luật: không áp dụng | payer: DN chi trả: Điều 60 BLLĐ 2019 — NSDLĐ xây dựng kế hoạch hằng năm và dành kinh phí đào tạo; Điều 62 — hợp đồng đào tạo kh | paid: mức hỗ trợ BHTN: tối đa 4.5 triệu/khóa (<3 tháng); 1.5 triệu/người/tháng (≥3 tháng),Điều 60/62 BLLĐ 2019; NĐ 374/2025 về mức hỗ trợ (mục 1),chưa xác minh,không áp dụng (văn bản pháp luật) | quy định pháp luật ≠ số liệu thực thi; đối tượng BHTN không phải người đi làm đang có việc; không cho biết tỷ lệ DN thực sự chi trả khóa marketing | [V2-MỚI] findings_id gốc trong raw/; chưa qua verification 4 thuộc tính vòng 2
M-E495,WHO,M-S446,người học,,,mới vòng 2,lời kể/bằng chứng người học,không nêu,,,,,,,VN,người đi làm,"aggregator trích NCC (không độc lập): không nêu | payer: DN chi trả — gợi ý kênh tồn tại: TM tự công bố ""hơn 30.000 học viên và 200+ doanh nghiệp đồng hành"" (qua reviewkhoahoc.n | paid: không nêu","mục """"Đánh Giá Thực Tế & Phản Hồi Từ Học Viên Tomorrow Marketers""""",chưa xác minh,aggregator có dấu hiệu affiliate; số liệu do NCC tự công bố; phản hồi học viên trích lại không rõ nguồn gốc | không phải lời kể độc lập; không có số liệu kiểm chứng | [V2-MỚI] findings_id gốc trong raw/; chưa qua verification 4 thuộc tính vòng 2
M-E496,WHO,M-S447,người học,,,mới vòng 2,lời kể/bằng chứng người học,không nêu,,,,,,,VN,người đi làm,lời kể qua NCC (đọc lại từ pack cũ M-V203–M-V212/M-V222 — chỉ diễn giải + locator theo quy tắc): V203: cần thiết lập chiến dịch đúng target và tiết kiệm chi phí + tầm nhìn chiến lược; V204: theo đuổi ngành digital dù học trái ngành; V208: các khóa | payer: CHƯA RÕ — không nguồn nào nêu người chi trả; KHÔNG suy từ chức danh (kể cả CEO/BDD) | paid: không nêu,pack cũ 05_learner_voices.csv (M-V203→M-V222) + trang gốc WMS mục FEEDBACK CỦA HỌC VIÊN,chưa xác minh,"20/22 lời kể do NCC tuyển chọn — chỉ phản ánh mặt tích cực; chức danh/ngày đăng do NCC ghi, chưa xác minh độc lập | không có dữ kiện người chi trả trong toàn bộ 10 lời kể; kết quả kinh doanh do người học tự báo, chưa xác minh; không dùng để suy cơ cấu thị trường | [V2-MỚI] findings_id gốc trong raw/; chưa qua verification 4 thuộc tính vòng 2"
M-E497,WHO,M-S448,người học,,,mới vòng 2,lời kể/bằng chứng người học,không nêu,,,,,,,VN,người đi làm,lời kể qua NCC (đọc lại từ pack cũ M-V213–M-V215 — chỉ diễn giải + locator): cần áp dụng ngay kiến thức vào công việc hiện tại; khó khăn công việc được giải quyết bằng kiến thức thực tiễn | payer: CHƯA RÕ — không nêu; KHÔNG suy từ việc thuộc công ty FMCG | paid: không nêu,pack cũ 05_learner_voices.csv (M-V213→M-V215) + trang gốc CASK mục đánh giá,chưa xác minh,do NCC tuyển chọn; thời điểm học không rõ (trang ghi khai giảng tương lai 16/01/2027) | không có dữ kiện người chi trả; mẫu 3 người | [V2-MỚI] findings_id gốc trong raw/; chưa qua verification 4 thuộc tính vòng 2
M-E498,WHO,M-S449,người học,,,mới vòng 2,lời kể/bằng chứng người học,không nêu,,,,,,,VN,người đi làm,"lời kể qua NCC (đọc lại từ pack cũ M-V216–M-V218 — chỉ diễn giải + locator): V216: 2 founder thiếu kiến thức brand, cần cái nhìn tổng quan để làm việc với team marketing + làm bài cuối khóa cho chính công ty; V218: trăn trở mid | payer: CHƯA RÕ — không nêu; KHÔNG suy từ chức danh/vị trí | paid: không nêu",pack cũ 05_learner_voices.csv (M-V216→M-V218) + trang alumni TM,chưa xác minh,"do NCC tuyển chọn; V217/V218 là bài phỏng vấn chuyên môn, không phải review khóa học | không có dữ kiện người chi trả; không mô tả chi tiết khóa đã học ở 2/3 trường hợp | [V2-MỚI] findings_id gốc trong raw/; chưa qua verification 4 thuộc tính vòng 2"
M-E499,WHO,M-S450,người học,,,mới vòng 2,lời kể/bằng chứng người học,không nêu,,,,,,,VN,người đi làm,lời kể qua NCC (đọc lại từ pack cũ M-V219–M-V221 — chỉ diễn giải + locator): cần kỹ năng công cụ SEO/content; tăng tương tác fanpage công ty; tối ưu Google Ads cho cửa hàng online | payer: CHƯA RÕ — không nêu; KHÔNG suy từ chức danh | paid: không nêu,pack cũ 05_learner_voices.csv (M-V219→M-V221) — chỉ truy cập qua đoạn trích tìm kiếm,chưa xác minh,chỉ truy cập qua search snippet; văn phong khuôn mẫu; do NCC đăng tải | không có dữ kiện người chi trả; chưa mở trực tiếp trang gốc để xác minh | [V2-MỚI] findings_id gốc trong raw/; chưa qua verification 4 thuộc tính vòng 2
M-E500,WHO,M-S451,người học,,,mới vòng 2,lời kể/bằng chứng người học,9.900.000 VND (giá gốc) → 7.400.000 VND (ưu đãi đăng ký sớm) / 6 buổi / 18 giờ — khóa Content Marketing 3C Vinalink,,,,,,,VN,người đi làm,NCC công bố giá: không áp dụng | payer: không áp dụng | paid: 9.900.000 VND (giá gốc) → 7.400.000 VND (ưu đãi đăng ký sớm) / 6 buổi / 18 giờ — khóa Content Marketing 3C Vinalink,"mục 9 """"CHÍNH SÁCH HỌC PHÍ""""",chưa xác minh,NCC tự công bố giá | giá niêm yết ≠ giá thực thu; không cho biết ai trả | [V2-MỚI] findings_id gốc trong raw/; chưa qua verification 4 thuộc tính vòng 2
M-E501,WHO,M-S452,người học,,,mới vòng 2,lời kể/bằng chứng người học,9.900.000 VND/6 buổi (offline) hoặc 7.500.000 VND/6 buổi (online) — khóa Route to Market CASK,,,,,,,VN,người đi làm,NCC công bố giá: không áp dụng | payer: không áp dụng | paid: 9.900.000 VND/6 buổi (offline) hoặc 7.500.000 VND/6 buổi (online) — khóa Route to Market CASK,mục giá khóa học,chưa xác minh,NCC tự công bố giá | giá niêm yết ≠ giá thực thu; không cho biết ai trả | [V2-MỚI] findings_id gốc trong raw/; chưa qua verification 4 thuộc tính vòng 2
M-E502,WHO,M-S453,người học,,,mới vòng 2,lời kể/bằng chứng người học,không áp dụng,,,,,,,VN,người đi làm,báo chí đưa tin tranh luận MXH: không áp dụng | payer: không áp dụng | paid: không áp dụng,mô tả video TikTok @Ngoc Rinh (3.366 likes/217 comments) + bài 2sao về KOL mở lớp dạy TikTok,chưa xác minh,"tranh luận MXH — ý kiến cực đoan 2 chiều; không đại diện | không phải lời kể người học cụ thể; về KOL courses nói chung, không riêng khóa marketing ngắn hạn có thu phí truyền thống; URL TikTok gốc sai định dạng (QA FLAG) | [V2-MỚI] findings_id gốc trong raw/; chưa qua verification 4 thuộc tính vòng 2"
M-E503,GROWTH_SOURCE,M-S434,nguồn tăng trưởng,,,mới vòng 2,Q5-hướng 1: vấn đề,,,,,,,,VN,người đi làm,"Hướng 1 / vấn đề: Học viên AIM (review độc lập, không do NCC chọn): mục tiêu học là ""Lập ngân sách, Tối ưu, kiểm soát KPI, Kiểm soát Agency"" — vấn đề công việc cụ thể của người đang làm marketing.","mục 'Mục tiêu của mình': Lập ngân sách, Tối ưu, kiểm soát KPI, Kiểm soát Agency",công bố nhà cung cấp,"ngày đăng và năm của khóa học không rõ; nghề nghiệp, địa phương, kinh phí đã trả, nguồn chi trả không nêu; góc nhìn một chiều | [V2-MỚI] findings_id gốc trong raw/; chưa qua verification 4 thuộc tính vòng 2"
M-E504,GROWTH_SOURCE,M-S454,nguồn tăng trưởng,,,mới vòng 2,Q5-hướng 1: vấn đề,,,,,,,,VN,người đi làm,"Hướng 1 / vấn đề: Tin tuyển dụng ""Chuyên Viên Marketing (Ứng Dụng Ai)"" (Aifin Company Global, TP.HCM, đăng 18/09/2026, hạn 15/10/2026): mô tả công việc yêu cầu ""Ứng dụng công nghệ AI vào quy trình làm việc như lên kịch bản, viết nội dung tự động, thiết kế hình ảnh, ch","mục Mô tả công việc (dòng ""Ứng dụng công nghệ AI...""); mục Yêu cầu công việc (dòng ""sử dụng thành thạo..."")",công bố nhà cung cấp,"một tin tuyển dụng đơn lẻ, không suy ra tỷ lệ thị trường; tin do NTD tự đăng | [V2-MỚI] findings_id gốc trong raw/; chưa qua verification 4 thuộc tính vòng 2"
M-E505,GROWTH_SOURCE,M-S455,nguồn tăng trưởng,,,mới vòng 2,Q5-hướng 1: vấn đề,,,,,,,,VN,người đi làm,"Hướng 1 / vấn đề: Khảo sát MISA (qua tạp chí NCKH ĐH Sao Đỏ): trên 85% marketer được hỏi có sử dụng AI để cải thiện hiệu suất làm việc; công cụ tạo hình ảnh 23%, tạo văn bản 22%. Mức ỨNG DỤNG AI, không phải nhu cầu đào tạo.",bài báo dẫn khảo sát MISA (M-E410 trong pack v1),chưa xác minh,"khảo sát gốc MISA chưa tìm được bản công bố; thời kỳ khảo sát không rõ; đây là mức ứng dụng, cấm suy thành nhu cầu học | [V2-MỚI] findings_id gốc trong raw/; chưa qua verification 4 thuộc tính vòng 2"
M-E506,GROWTH_SOURCE,M-S456,nguồn tăng trưởng,,,mới vòng 2,Q5-hướng 1: nhu cầu,,,,,,,,VN,người đi làm,"Hướng 1 / nhu cầu: Navigos Group (qua báo chí): 89,45% người lao động sẵn sàng học kỹ năng mới; 78,5% nhân sự trẻ mong muốn được cập nhật và đào tạo về công nghệ mới. Ý định học chung, không tách marketing.",M-E404/M-E406 trong pack v1 (nguồn M-S402),chưa xác minh,"chỉ qua tài liệu tổng hợp thứ cấp, chưa đối chiếu báo cáo gốc Navigos; ý định học ≠ willingness to pay; không tách marketing | [V2-MỚI] findings_id gốc trong raw/; chưa qua verification 4 thuộc tính vòng 2"
M-E507,GROWTH_SOURCE,M-S447,nguồn tăng trưởng,,,mới vòng 2,Q5-hướng 1: lý do trả phí,,,,,,,,VN,người đi làm,"Hướng 1 / lý do trả phí: Học viên WMS (Business Development Director, provider-curated): ""chi phí 1 triệu đồng mình đã sinh lợi nhuận lên đến 60 triệu đồng"" — lý do trả phí được kể dưới dạng ROI tự báo.",mục FEEDBACK CỦA HỌC VIÊN (M-V208 trong pack v1),chưa xác minh,"do NCC đăng tải và chọn lọc; con số tự báo, chưa xác minh độc lập; nguồn chi trả không nêu | [V2-MỚI] findings_id gốc trong raw/; chưa qua verification 4 thuộc tính vòng 2"
M-E508,GROWTH_SOURCE,M-S454,nguồn tăng trưởng,,,mới vòng 2,Q5-hướng 1: người trả,,,,,,,,VN,người đi làm,"Hướng 1 / người trả: Tin tuyển dụng Aifin (mục Quyền lợi): ""Được tham gia các khóa đào tạo nâng cao về Marketing thực chiến và ứng dụng công nghệ chuyên sâu"" + ""Được công ty hỗ trợ ngân sách để đề xuất và sử dụng các công cụ AI có trả phí"". NTD công bố phúc lợi đào tạo —",mục Quyền lợi (2 dòng về ngân sách AI và khóa đào tạo),chưa xác minh,"chính sách trên giấy trong tin tuyển dụng, chưa chứng minh thực thi; một NTD đơn lẻ | [V2-MỚI] findings_id gốc trong raw/; chưa qua verification 4 thuộc tính vòng 2"
M-E509,GROWTH_SOURCE,M-S434,nguồn tăng trưởng,,,mới vòng 2,Q5-hướng 1: bằng chứng mua,,,,,,,,VN,người đi làm,"Hướng 1 / bằng chứng mua: Review độc lập khóa AIM (M-V201): người học ĐÃ TRẢ TIỀN (""HOÀN TOÀN THẤT VỌNG VÀ TIẾC TIỀN; từ chối đề nghị học lại; khuyên người khác để dành tiền"") — chứng minh giao dịch trả phí đã xảy ra, đồng thời cho thấy rủi ro chất lượng khiến người học dừng ",mục kết quả/outcome review (M-V201 trong pack v1),công bố nhà cung cấp,số tiền đã trả và nguồn chi trả không nêu; góc nhìn một chiều | [V2-MỚI] findings_id gốc trong raw/; chưa qua verification 4 thuộc tính vòng 2
M-E510,GROWTH_SOURCE,,nguồn tăng trưởng,,,mới vòng 2,Q5-hướng 1: khả năng MIA,,,,,,,,VN,người đi làm,"Hướng 1 / khả năng MIA: BẾ TẮC: không có dữ kiện công khai nào về syllabus, học phí, profile giảng viên, kết quả học viên của Marketing in Action. Không thể đánh giá khả năng MIA phục vụ nhóm marketer đang làm.",,chưa xác minh,cần dữ liệu nội bộ MIA (xem mục Bế tắc trong findings.md) | [V2-MỚI] findings_id gốc trong raw/; chưa qua verification 4 thuộc tính vòng 2
M-E511,GROWTH_SOURCE,M-S457,nguồn tăng trưởng,,,mới vòng 2,Q5-hướng 2: vấn đề,,,,,,,,VN,người đi làm,"Hướng 2 / vấn đề: Báo Dân trí: ""hiện nay có đến khoảng 70% sinh viên tốt nghiệp ra trường không làm đúng ngành học""; case Nguyễn Mỹ Duyên (tốt nghiệp điện tử viễn thông) ""lựa chọn làm trái nghề ở lĩnh vực Marketing"".",đoạn mở đầu (số ~70%) và case Nguyễn Mỹ Duyên,chưa xác minh,"đọc qua search snippet, chưa mở toàn văn trong vòng này; số 70% không nêu phương pháp/mẫu | [V2-MỚI] findings_id gốc trong raw/; chưa qua verification 4 thuộc tính vòng 2"
M-E512,GROWTH_SOURCE,M-S447,nguồn tăng trưởng,,,mới vòng 2,Q5-hướng 2: vấn đề,,,,,,,,VN,người đi làm,"Hướng 2 / vấn đề: Học viên WMS (SEO Executive, Hoozing Vietnam): ""Học trái ngành"", động lực ""Theo đuổi ngành Digital Marketing"" — người trái ngành vào marketing là đối tượng học thực tế.",mục FEEDBACK CỦA HỌC VIÊN (M-V204 trong pack v1),chưa xác minh,do NCC đăng tải và chọn lọc; chưa xác minh độc lập | [V2-MỚI] findings_id gốc trong raw/; chưa qua verification 4 thuộc tính vòng 2
M-E513,GROWTH_SOURCE,M-S447,nguồn tăng trưởng,,,mới vòng 2,Q5-hướng 2: nhu cầu,,,,,,,,VN,người đi làm,"Hướng 2 / nhu cầu: Học viên WMS (Sales Manager): ""Học xong là có thể run campaign ngay với tư duy của một nhà marketing"" — nhu cầu học để đảm nhận nhiệm vụ marketing mới.",mục FEEDBACK CỦA HỌC VIÊN (M-V211 trong pack v1),chưa xác minh,lời kể rất ngắn; do NCC đăng tải và chọn lọc | [V2-MỚI] findings_id gốc trong raw/; chưa qua verification 4 thuộc tính vòng 2
M-E514,GROWTH_SOURCE,M-S458,nguồn tăng trưởng,,,mới vòng 2,Q5-hướng 2: nhu cầu,,,,,,,,VN,người đi làm,"Hướng 2 / nhu cầu: Trang khóa học AIM Hands-On Marketing liệt kê đối tượng: ""Những bạn trái ngành cần thâm nhập vào thế giới Marketing & Communication"" và ""Chuyên viên marketing hoặc truyền thông thuộc khách hàng (client) hoặc agency cần củng cố và hệ thống hoá kiến th",mục đối tượng khóa học (đọc qua search snippet),chưa xác minh,"định vị phía cung, không phải bằng chứng nhu cầu; đọc qua snippet, chưa mở toàn văn | [V2-MỚI] findings_id gốc trong raw/; chưa qua verification 4 thuộc tính vòng 2"
M-E515,GROWTH_SOURCE,,nguồn tăng trưởng,,,mới vòng 2,Q5-hướng 2: lý do trả phí,,,,,,,,VN,người đi làm,"Hướng 2 / lý do trả phí: BẾ TẮC: không có dữ kiện vì sao người chuyển nghề chọn khóa TRẢ PHÍ thay vì tự học (YouTube/khóa miễn phí). Nội dung ""trái ngành có học marketing được không"" của các NCC chỉ nêu thách thức, không đo lường hành vi trả tiền.",,chưa xác minh,cần phỏng vấn người chuyển nghề đã mua khóa (xem Bộ câu hỏi A) | [V2-MỚI] findings_id gốc trong raw/; chưa qua verification 4 thuộc tính vòng 2
M-E516,GROWTH_SOURCE,,nguồn tăng trưởng,,,mới vòng 2,Q5-hướng 2: người trả,,,,,,,,VN,người đi làm,"Hướng 2 / người trả: BẾ TẮC: payer trống ở mọi lời kể nhóm chuyển nghề; khảo sát ""ai trả tiền"" cho khóa marketing: kết quả âm (M-E213, đã tìm VN/EN nhiều truy vấn).",,chưa xác minh,"kết quả âm đã được v1 xác nhận (M-E213); tham chiếu ""claim C084""/""v3"" trong bản thảo là mã nội bộ, không tồn tại trong đầu vào — đã gỡ (QA FLAG) | [V2-MỚI] findings_id gốc trong raw/; chưa qua verification 4 thuộc tính vòng 2"
M-E517,GROWTH_SOURCE,,nguồn tăng trưởng,,,mới vòng 2,Q5-hướng 2: bằng chứng mua,,,,,,,,VN,người đi làm,Hướng 2 / bằng chứng mua: BẾ TẮC: course_revenue = 0 đơn vị công bố; actual_enrollment theo kỳ = 0; không có số liệu tuyển sinh/doanh thu tách riêng nhóm chuyển nghề.,,chưa xác minh,cần dữ liệu nội bộ NCC hoặc MIA | [V2-MỚI] findings_id gốc trong raw/; chưa qua verification 4 thuộc tính vòng 2
M-E518,GROWTH_SOURCE,,nguồn tăng trưởng,,,mới vòng 2,Q5-hướng 2: khả năng MIA,,,,,,,,VN,người đi làm,"Hướng 2 / khả năng MIA: BẾ TẮC: không có dữ kiện về năng lực MIA phục vụ người trái ngành (syllabus, level đầu vào, hỗ trợ).",,chưa xác minh,cần dữ liệu nội bộ MIA | [V2-MỚI] findings_id gốc trong raw/; chưa qua verification 4 thuộc tính vòng 2
M-E519,GROWTH_SOURCE,M-S459,nguồn tăng trưởng,,,mới vòng 2,Q5-hướng 3: vấn đề,,,,,,,,VN,người đi làm,"Hướng 3 / vấn đề: Nghiên cứu ""Chiến lược Digital Marketing cho SME tại Nam Định"" (Tạp chí JLTVU, đăng 05/9/2025, n=500 SME): 72% DN đã nghe về Digital Marketing nhưng chỉ 35% hiểu cách ứng dụng; chỉ 12% có nhân sự/bộ phận Marketing chuyên trách — chủ DN/quản lý phải t",Tóm tắt + Bảng 1 (mục 3.2): 72%/35%/12%,công bố nhà cung cấp,"chỉ khảo sát SME Nam Định, không suy ra toàn quốc; tạp chí không chuyên ngành marketing (JLTVU y khoa); phương pháp Google Forms tự chọn mẫu | [V2-MỚI] findings_id gốc trong raw/; chưa qua verification 4 thuộc tính vòng 2"
M-E520,GROWTH_SOURCE,M-S459,nguồn tăng trưởng,,,mới vòng 2,Q5-hướng 3: vấn đề,,,,,,,,VN,người đi làm,Hướng 3 / vấn đề: Cùng nghiên cứu trên: rào cản chính — 68% DN chi dưới 5 triệu đồng/tháng cho digital marketing; 45% yếu kém trong đo lường hiệu quả và tối ưu. Ngân sách eo hẹp vừa là vấn đề công việc vừa là rào cản chi trả cho đào tạo.,"mục 3.2c ""Khó khăn khi triển khai"": 68% (<5tr/tháng), 45% đo lường",công bố nhà cung cấp,"như G-F301; số chi tiêu là cho digital marketing nói chung, không phải ngân sách đào tạo | [V2-MỚI] findings_id gốc trong raw/; chưa qua verification 4 thuộc tính vòng 2"
M-E521,GROWTH_SOURCE,M-S459,nguồn tăng trưởng,,,mới vòng 2,Q5-hướng 3: nhu cầu,,,,,,,,VN,người đi làm,"Hướng 3 / nhu cầu: Cùng nghiên cứu: ""58% doanh nghiệp chưa đầu tư bài bản do thiếu kiến thức chuyên môn, cho thấy nhu cầu cấp thiết về các chương trình đào tạo thực tiễn"" — đây là KHUYẾN NGHỊ của tác giả, không phải đo lường nhu cầu/khảo sát ý định học.",mục 3.2b (đoạn 58% chưa đầu tư bài bản),chưa xác minh,khuyến nghị của tác giả ≠ bằng chứng nhu cầu; cấm suy thành willingness to pay | [V2-MỚI] findings_id gốc trong raw/; chưa qua verification 4 thuộc tính vòng 2
M-E522,GROWTH_SOURCE,M-S460,nguồn tăng trưởng,,,mới vòng 2,Q5-hướng 3: nhu cầu,,,,,,,,VN,người đi làm,"Hướng 3 / nhu cầu: Trang khóa học BRAND Camp (mở trực tiếp 08/10/2026): mục ""Ai nên học"" liệt kê ""Chủ doanh nghiệp SME, doanh nghiệp khởi nghiệp muốn xây dựng quy trình trải nghiệm khách hàng bài bản"" — phía cung nhắm chủ DN làm đối tượng.","mục ""Ai nên học?"" (dòng 2)",chưa xác minh,"định vị phía cung, không phải bằng chứng nhu cầu | [V2-MỚI] findings_id gốc trong raw/; chưa qua verification 4 thuộc tính vòng 2"
M-E523,GROWTH_SOURCE,M-S447,nguồn tăng trưởng,,,mới vòng 2,Q5-hướng 3: lý do trả phí,,,,,,,,VN,người đi làm,"Hướng 3 / lý do trả phí: Học viên WMS (Business Owner, Nhà trọ SACH; đã học nhiều lớp FB Ads/Content/SEO; freelancer 2 năm): động lực ""Chưa có sự bứt phá, chưa làm được việc lớn hơn""; tự báo outcome ""lấp full 8 phòng trọ trong vòng 1 tuần chứ không qua môi giới"".",mục FEEDBACK CỦA HỌC VIÊN (M-V210 trong pack v1),chưa xác minh,"do NCC đăng tải và chọn lọc; kết quả tự báo, chưa xác minh; nguồn chi trả không nêu | [V2-MỚI] findings_id gốc trong raw/; chưa qua verification 4 thuộc tính vòng 2"
M-E524,GROWTH_SOURCE,M-S447,nguồn tăng trưởng,,,mới vòng 2,Q5-hướng 3: lý do trả phí,,,,,,,,VN,người đi làm,"Hướng 3 / lý do trả phí: Học viên WMS (Deputy Director, Nha Go Furniture): động lực ""Thiết lập chiến dịch quảng cáo nhắm đúng khách hàng mục tiêu và tiết kiệm chi phí; có tầm nhìn bao quát về chiến lược marketing của doanh nghiệp"" — quản lý học để tự quản trị marketing thay ",mục FEEDBACK CỦA HỌC VIÊN (M-V203 trong pack v1),chưa xác minh,do NCC đăng tải và chọn lọc; chưa xác minh độc lập | [V2-MỚI] findings_id gốc trong raw/; chưa qua verification 4 thuộc tính vòng 2
M-E525,GROWTH_SOURCE,,nguồn tăng trưởng,,,mới vòng 2,Q5-hướng 3: người trả,,,,,,,,VN,người đi làm,"Hướng 3 / người trả: BẾ TẮC: trường payer trống ở TẤT CẢ lời kể nhóm chủ DN/quản lý (M-V203, M-V206, M-V207, M-V208, M-V209, M-V210, M-V212). Không có dữ kiện tự trả hay công ty trả.",,chưa xác minh,cần phỏng vấn (Bộ câu hỏi A) | [V2-MỚI] findings_id gốc trong raw/; chưa qua verification 4 thuộc tính vòng 2
M-E526,GROWTH_SOURCE,,nguồn tăng trưởng,,,mới vòng 2,Q5-hướng 3: bằng chứng mua,,,,,,,,VN,người đi làm,"Hướng 3 / bằng chứng mua: BẾ TẮC: không có số tiền, hóa đơn, hay dữ liệu giao dịch nào từ nhóm chủ DN/quản lý; giá niêm yết (03_programs.csv) là phía cung, không phải giao dịch thực tế.",,chưa xác minh,cần dữ liệu nội bộ NCC/MIA | [V2-MỚI] findings_id gốc trong raw/; chưa qua verification 4 thuộc tính vòng 2
M-E527,GROWTH_SOURCE,,nguồn tăng trưởng,,,mới vòng 2,Q5-hướng 3: khả năng MIA,,,,,,,,VN,người đi làm,"Hướng 3 / khả năng MIA: BẾ TẮC: không có dữ kiện về năng lực MIA phục vụ chủ DN (nội dung quản trị, case SME, học phí phù hợp ngân sách <5tr/tháng).",,chưa xác minh,cần dữ liệu nội bộ MIA; lưu ý rào cản ngân sách 68% chi <5tr/tháng (G-F302) | [V2-MỚI] findings_id gốc trong raw/; chưa qua verification 4 thuộc tính vòng 2
M-E528,GROWTH_SOURCE,M-S461,nguồn tăng trưởng,,,mới vòng 2,Q5-hướng 4: nhu cầu,,,,,,,,VN,người đi làm,"Hướng 4 / nhu cầu: ELSA Speak dẫn khảo sát Navigos: 72% doanh nghiệp lựa chọn đào tạo kết hợp nội bộ và thuê ngoài. Đào tạo chung, không tách marketing; khảo sát gốc chưa xác định.",M-E416 trong pack v1 (nguồn M-S406),chưa xác minh,"khảo sát gốc (tên/thời kỳ/mẫu) chưa xác định; đào tạo chung, cấm suy thành nhu cầu mua khóa marketing | [V2-MỚI] findings_id gốc trong raw/; chưa qua verification 4 thuộc tính vòng 2"
M-E529,GROWTH_SOURCE,M-S461,nguồn tăng trưởng,,,mới vòng 2,Q5-hướng 4: vấn đề,,,,,,,,VN,người đi làm,Hướng 4 / vấn đề: Cùng nguồn: 22% doanh nghiệp KHÔNG tổ chức đào tạo về kỹ năng bán hàng và tiếp thị — phía cầu DN cho đào tạo marketing còn bỏ trống ở một bộ phận DN.,M-E414 trong pack v1 (nguồn M-S406),chưa xác minh,"""bán hàng và tiếp thị"" gộp chung, không tách marketing; khảo sát gốc chưa xác định | [V2-MỚI] findings_id gốc trong raw/; chưa qua verification 4 thuộc tính vòng 2"
M-E530,GROWTH_SOURCE,M-S462,nguồn tăng trưởng,,,mới vòng 2,Q5-hướng 4: bằng chứng mua,,,,,,,,VN,người đi làm,"Hướng 4 / bằng chứng mua: AIM Academy tự công bố: ""60+ Chương trình đào tạo theo yêu cầu được tổ chức cho các khách hàng doanh nghiệp"" → ""200+"" (chuỗi cùng nhãn M-E005→M-E006, tích lũy từ 2011).",M-E005 (trang elearning cũ) → M-E006 (trang chủ 2026); nguồn M-S003/M-S004,chưa xác minh,"tự công bố, chưa đối chiếu trực tiếp; ""chương trình"" không đồng nghĩa giao dịch trả phí; không nêu giá trị hợp đồng/số học viên | [V2-MỚI] findings_id gốc trong raw/; chưa qua verification 4 thuộc tính vòng 2"
M-E531,GROWTH_SOURCE,M-S460,nguồn tăng trưởng,,,mới vòng 2,Q5-hướng 4: bằng chứng mua,,,,,,,,VN,người đi làm,"Hướng 4 / bằng chứng mua: BRAND Camp (mở trực tiếp 08/10/2026): liệt kê 53 lượt ""Đào Tạo In-house & Strategy Workshop"" với tên khách hàng doanh nghiệp cụ thể: Dược phẩm Hoa Linh, Vascara, Mobifone, PNJ, Masan Consumer, 30shine, Ajinomoto, HD Bank, L'Oreal, Pepsico, Panasonic,","mục ""Đào Tạo In-house & Strategy Workshop"" (53 dòng, dòng 147–253)",công bố nhà cung cấp,"NCC tự công bố; không nêu giá trị hợp đồng, số học viên, hay thời gian từng lượt | [V2-MỚI] findings_id gốc trong raw/; chưa qua verification 4 thuộc tính vòng 2"
M-E532,GROWTH_SOURCE,M-S460,nguồn tăng trưởng,,,mới vòng 2,Q5-hướng 4: bằng chứng mua,,,,,,,,VN,người đi làm,"Hướng 4 / bằng chứng mua: BRAND Camp FAQ (mở trực tiếp 08/10/2026): ""Khi bạn có nhu cầu, BRAND Camp đều có thể cung cấp bảng báo giá chi tiết hay hợp đồng dịch vụ đăng ký các khóa học"" và ""BRAND Camp luôn xuất hóa đơn [VAT] khi bạn có nhu cầu"" — cơ chế mua B2B trả phí (báo gi","mục ""Câu hỏi thường gặp"" (dòng 306–317)",công bố nhà cung cấp,phía cung mô tả quy trình bán; không phải số liệu giao dịch | [V2-MỚI] findings_id gốc trong raw/; chưa qua verification 4 thuộc tính vòng 2
M-E533,GROWTH_SOURCE,M-S463,nguồn tăng trưởng,,,mới vòng 2,Q5-hướng 4: bằng chứng mua,,,,,,,,VN,người đi làm,"Hướng 4 / bằng chứng mua: Case DGM Asia (mở trực tiếp 08/10/2026): cuối 2019, Spa Dr.Như Beauty (Rạch Giá, Kiên Giang) ""liên hệ với DGM ASIA nhờ tư vấn"" rồi ""tiến tới việc đào tạo inhouse theo yêu cầu"", 20 buổi tại spa, học viên là CBNV, nội dung lấy dự án thực tế của spa — m",toàn trang (dòng 5–13: quyết định thuê; dòng 11: 20 buổi),chưa xác minh,bài đăng 07/09/2020 (ngoài khung ưu tiên 2025–2026); NCC tự đăng; không nêu giá trị hợp đồng | [V2-MỚI] findings_id gốc trong raw/; chưa qua verification 4 thuộc tính vòng 2
M-E534,GROWTH_SOURCE,M-S464,nguồn tăng trưởng,,,mới vòng 2,Q5-hướng 4: lý do trả phí,,,,,,,,VN,người đi làm,"Hướng 4 / lý do trả phí: HRD Academy 2022 (qua báo chí): thách thức hàng đầu của 40% DN trong đào tạo là ngân sách (M-E417); 30,6% lãnh đạo ""quan tâm nhưng chưa sẵn sàng phê duyệt ngân sách"" (M-E453); chỉ hơn 1/5 DN có kế hoạch ngân sách đào tạo cụ thể hàng năm (M-E421). Rào",M-E417/M-E453/M-E421 trong pack v1 (nguồn M-S407),chưa xác minh,"dữ liệu 2022; đào tạo chung toàn DN, không tách marketing; báo cáo gốc chưa đọc trực tiếp | [V2-MỚI] findings_id gốc trong raw/; chưa qua verification 4 thuộc tính vòng 2"
M-E535,GROWTH_SOURCE,,nguồn tăng trưởng,,,mới vòng 2,Q5-hướng 4: người trả,,,,,,,,VN,người đi làm,Hướng 4 / người trả: BẾ TẮC: ngân sách đào tạo MARKETING tách riêng: NOT_FOUND_PUBLIC (M-T-E07); giá trị hợp đồng B2B đào tạo marketing: 0 đơn vị công bố. Quy mô L&D chung (Ken Research ~700M USD — M-E423; 65% DN tăng ngân sách L&D — M-E424) KHÔNG được dùng làm ngân sách,,chưa xác minh,cần phỏng vấn HR/L&D hoặc dữ liệu đấu thầu/mua sắm (Bộ câu hỏi B) | [V2-MỚI] findings_id gốc trong raw/; chưa qua verification 4 thuộc tính vòng 2
M-E536,GROWTH_SOURCE,,nguồn tăng trưởng,,,mới vòng 2,Q5-hướng 4: khả năng MIA,,,,,,,,VN,người đi làm,"Hướng 4 / khả năng MIA: BẾ TẮC: không có dữ kiện về năng lực B2B của MIA (đã từng làm inhouse chưa, đội ngũ triển khai, báo giá DN).",,chưa xác minh,cần dữ liệu nội bộ MIA | [V2-MỚI] findings_id gốc trong raw/; chưa qua verification 4 thuộc tính vòng 2
M-E537,GROWTH_SOURCE,M-S465,nguồn tăng trưởng,,,mới vòng 2,Q5-hướng 5: vấn đề,,,,,,,,VN,người đi làm,"Hướng 5 / vấn đề: MMA × Decision Lab ""State of AI in Marketing 2026"" (n=143 thành viên MMA tại Indonesia, Việt Nam, Philippines, Thái Lan, Singapore; khảo sát 01–04/2026): khoảng 80% tổ chức đưa AI vào kế hoạch marketing ở mức trung bình trở lên; chỉ 4% còn ở giai đoạ","đoạn 2–3 (80%/4%) và đoạn ""AI adoption is no longer a competitive differentiator""",công bố nhà cung cấp,"mẫu là thành viên MMA (nghiêng về DN lớn); SEA gộp 5 nước, không tách riêng Việt Nam | [V2-MỚI] findings_id gốc trong raw/; chưa qua verification 4 thuộc tính vòng 2"
M-E538,GROWTH_SOURCE,M-S465,nguồn tăng trưởng,,,mới vòng 2,Q5-hướng 5: nhu cầu,,,,,,,,VN,người đi làm,"Hướng 5 / nhu cầu: Cùng khảo sát: nhóm advanced adopters triển khai AI quy mô lớn ở các nhiệm vụ marketing CỤ THỂ — sáng tạo nội dung & tài sản sáng tạo 54% (vs 25% nhóm early), customer insights & analytics 41% (vs 21%), phân bổ ngân sách media 33% (vs 10%), đo lường ",đoạn 4–6 (54%/41%/33%/30%),công bố nhà cung cấp,"như G-F501; đây là mức triển khai trong DN, không phải nhu cầu mua khóa học | [V2-MỚI] findings_id gốc trong raw/; chưa qua verification 4 thuộc tính vòng 2"
M-E539,GROWTH_SOURCE,M-S454,nguồn tăng trưởng,,,mới vòng 2,Q5-hướng 5: nhu cầu,,,,,,,,VN,người đi làm,"Hướng 5 / nhu cầu: Tin tuyển dụng Aifin (xác minh trực tiếp): nhiệm vụ AI cụ thể của vị trí marketing — ""lên kịch bản, viết nội dung tự động, thiết kế hình ảnh, chỉnh sửa video và phân tích dữ liệu để nâng cao năng suất""; kỹ năng yêu cầu: AI Tools, Data Analysis.",mục Mô tả công việc + mục Kỹ năng cần thiết,công bố nhà cung cấp,một tin tuyển dụng đơn lẻ | [V2-MỚI] findings_id gốc trong raw/; chưa qua verification 4 thuộc tính vòng 2
M-E540,GROWTH_SOURCE,M-S466,nguồn tăng trưởng,,,mới vòng 2,Q5-hướng 5: nhu cầu,,,,,,,,VN,người đi làm,"Hướng 5 / nhu cầu: TopCV (qua VnEconomy): 59,1% doanh nghiệp ưu tiên đào tạo nhân viên sử dụng AI, ""trọng tâm trang bị kiến thức và kỹ năng nền tảng"". Đào tạo AI chung, KHÔNG tách marketing — chỉ hỗ trợ một phần chuỗi, cấm suy thành nhu cầu khóa ""AI marketing"".",M-E401 trong pack v1 (nguồn M-S401),chưa xác minh,cơ cấu mẫu NTD/NLĐ không rõ; báo cáo gốc chưa đọc trực tiếp; DN triển khai/ưu tiên đào tạo AI ≠ đã mua khóa marketing (audit) | [V2-MỚI] findings_id gốc trong raw/; chưa qua verification 4 thuộc tính vòng 2
M-E541,GROWTH_SOURCE,,nguồn tăng trưởng,,,mới vòng 2,Q5-hướng 5: lý do trả phí,,,,,,,,VN,người đi làm,"Hướng 5 / lý do trả phí: BẾ TẮC: không có dữ kiện vì sao chọn khóa TRẢ PHÍ cho AI-marketing. Ngược lại, Anphabe 2026: 58% NLĐ ""đã tự học và thường xuyên sử dụng AI trong công việc"" (M-E408) — kênh tự học miễn phí là đối thủ trực tiếp của khóa trả phí.",,chưa xác minh,"M-E408: mẫu số/phương pháp không rõ, qua báo chí | [V2-MỚI] findings_id gốc trong raw/; chưa qua verification 4 thuộc tính vòng 2"
M-E542,GROWTH_SOURCE,M-S467,nguồn tăng trưởng,,,mới vòng 2,Q5-hướng 5: nhu cầu,,,,,,,,VN,người đi làm,"Hướng 5 / nhu cầu: CẢNH BÁO ĐÔNG ĐÚC PHÍA CUNG: pack v1 ghi nhận 8 chương trình gắn nhãn AI (M-P101→M-P108: Tomorrow Marketers 2 khóa; Vinalink 6 khóa AI: Agentic Marketing Plan, Agentic Content, SEO AI 5.0, Facebook AI, TikTok AI, AI Ecommerce) + WISE Business chào kh",03_programs.csv (M-P101→M-P108) + M-E435 (nguồn M-S414) + G-F501,chưa xác minh,"liệt kê phía cung, không đo lường cầu; cần phân biệt ""nhu cầu đã nhiều NCC phục vụ"" vs ""khoảng trống thực sự"" | [V2-MỚI] findings_id gốc trong raw/; chưa qua verification 4 thuộc tính vòng 2"
M-E543,GROWTH_SOURCE,,nguồn tăng trưởng,,,mới vòng 2,Q5-hướng 5: người trả,,,,,,,,VN,người đi làm,Hướng 5 / người trả: BẾ TẮC: không có dữ kiện ai trả tiền cho khóa AI-marketing (tự trả hay DN trả); bằng chứng mua: không có.,,chưa xác minh,như G-F206 | [V2-MỚI] findings_id gốc trong raw/; chưa qua verification 4 thuộc tính vòng 2
M-E544,GROWTH_SOURCE,,nguồn tăng trưởng,,,mới vòng 2,Q5-hướng 5: khả năng MIA,,,,,,,,VN,người đi làm,"Hướng 5 / khả năng MIA: BẾ TẮC: không có dữ kiện năng lực AI/data của MIA (giảng viên, curriculum AI, tool). Ghi rõ điều kiện cần kiểm chứng, không đề xuất.",,chưa xác minh,cần dữ liệu nội bộ MIA | [V2-MỚI] findings_id gốc trong raw/; chưa qua verification 4 thuộc tính vòng 2
M-E545,WHERE,M-S449,Tomorrow Marketers,,,mới vòng 2,học phí chương trình,8100000,,,price_per_person,,,,VN,người đi làm,"Tomorrow Marketers — Marketing Foundation in the AI Era: giá 8100000 (price_per_person, niêm yết); VAT: không công bố; KM: Giá cựu HV: Silver Alumni 5.249.000đ; Gold Alumni 4.249.000đ (tiết kiệm 2.851.000đ / 3.851.000đ so với Standard)",Bảng học phí Alumni: Standard 8.100.000đ; Silver Alumni 5.249.000đ; Gold Alumni 4.249.000đ,công bố nhà cung cấp,VAT không ghi trên trang chính sách alumni; trang khóa AI Digital Marketing cùng site ghi đã bao gồm 8% VAT | [V2-MỚI] findings_id gốc trong raw/; chưa qua verification 4 thuộc tính vòng 2
M-E546,WHERE,M-S449,Tomorrow Marketers,,,mới vòng 2,học phí chương trình,10249000,,,price_per_person,,,,VN,người đi làm,"Tomorrow Marketers — Brand Development: giá 10249000 (price_per_person, niêm yết); VAT: không công bố; KM: Giá cựu HV: Silver Alumni 6.577.000đ; Gold Alumni 5.577.000đ",Bảng học phí Alumni: Standard 10.249.000đ; Silver 6.577.000đ; Gold 5.577.000đ,công bố nhà cung cấp,Giá Standard áp dụng người đi làm; Silver/Gold chỉ cựu học viên TM | [V2-MỚI] findings_id gốc trong raw/; chưa qua verification 4 thuộc tính vòng 2
M-E547,WHERE,M-S449,Tomorrow Marketers,,,mới vòng 2,học phí chương trình,8910000,,,price_per_person,,,,VN,người đi làm,"Tomorrow Marketers — Content Marketing in the AI Era: giá 8910000 (price_per_person, niêm yết); VAT: không công bố; KM: Giá cựu HV: Silver Alumni 5.249.000đ; Gold Alumni 4.249.000đ",Bảng học phí Alumni: Standard 8.910.000đ; Silver 5.249.000đ; Gold 4.249.000đ,công bố nhà cung cấp, | [V2-MỚI] findings_id gốc trong raw/; chưa qua verification 4 thuộc tính vòng 2
M-E548,WHERE,M-S468,Tomorrow Marketers,,,mới vòng 2,học phí chương trình,8910000,,,price_per_person,,,,VN,người đi làm,"Tomorrow Marketers — AI Digital Marketing: giá 8910000 (price_per_person, niêm yết); VAT: Đã bao gồm 8% VAT; KM: ",Thẻ giá: Standard 8.910.000 (Người đi làm); Early bird 6.210.000 (Người đi làm); bảng giá sinh viên 8.381.000đ; ghi chú 'Học phí đã bao gồm 8% VAT',công bố nhà cung cấp,"Các mức giá sinh viên trên trang hiển thị nhiều thẻ khó đọc, không trích chắc chắn từng mức sinh viên | [V2-MỚI] findings_id gốc trong raw/; chưa qua verification 4 thuộc tính vòng 2"
M-E549,WHERE,M-S468,Tomorrow Marketers,,,mới vòng 2,học phí chương trình,6210000,,,price_per_person,,,,VN,người đi làm,"Tomorrow Marketers — AI Digital Marketing: giá 6210000 (price_per_person, khuyến mại); VAT: Đã bao gồm 8% VAT; KM: Đăng ký sớm (Early bird); tặng 1 buổi mentoring premium 1-1 với trainer trị giá 3.000.000đ",Thẻ giá Early bird 6.210.000 (Người đi làm),công bố nhà cung cấp,Điều kiện hết hạn early bird không công bố công khai | [V2-MỚI] findings_id gốc trong raw/; chưa qua verification 4 thuộc tính vòng 2
M-E550,WHERE,M-S449,Tomorrow Marketers,,,mới vòng 2,học phí chương trình,8910000,,,price_per_person,,,,VN,người đi làm,"Tomorrow Marketers — Performance Marketing with AI: giá 8910000 (price_per_person, niêm yết); VAT: không công bố; KM: Giá cựu HV: Silver Alumni 5.249.000đ; Gold Alumni 4.249.000đ",Bảng học phí Alumni: Standard 8.910.000đ; Silver 5.249.000đ; Gold 4.249.000đ,công bố nhà cung cấp,Số buổi/lịch khai giảng/hình thức học của khóa này: NOT_FOUND_PUBLIC (đã thử 3 đường tìm kiếm) | [V2-MỚI] findings_id gốc trong raw/; chưa qua verification 4 thuộc tính vòng 2
M-E551,WHERE,M-S449,Tomorrow Marketers,,,mới vòng 2,học phí chương trình,18990000,,,price_per_person,,,,VN,người đi làm,"Tomorrow Marketers — Digital Marketing Manager Program: giá 18990000 (price_per_person, niêm yết); VAT: không công bố; KM: Giá cựu HV: Silver Alumni 14.490.000đ; Gold Alumni 13.490.000đ",Bảng học phí Alumni: Standard 18.990.000đ; Silver 14.490.000đ; Gold 13.490.000đ,công bố nhà cung cấp, | [V2-MỚI] findings_id gốc trong raw/; chưa qua verification 4 thuộc tính vòng 2
M-E552,WHERE,M-S468,Tomorrow Marketers,,,mới vòng 2,học phí chương trình,11556000,,,price_per_person,,,,VN,người đi làm,"Tomorrow Marketers — AI Digital Marketing Advanced: giá 11556000 (price_per_person, niêm yết); VAT: không công bố; KM: ",Mục 'Học phí AI Digital Marketing Advanced (20 buổi)': 11.556.000đ,công bố nhà cung cấp,Đối tượng/đầu ra chi tiết của bản Advanced: NOT_FOUND_PUBLIC | [V2-MỚI] findings_id gốc trong raw/; chưa qua verification 4 thuộc tính vòng 2
M-E553,WHERE,M-S469,Tomorrow Marketers,,,mới vòng 2,học phí chương trình,12453000,,,combo,,,,VN,người đi làm,"Tomorrow Marketers — Combo Digital Performance + Content Marketing: giá 12453000 (combo, khuyến mại); VAT: không công bố; KM: Combo #2: Học phí 19.159.000đ → 12.453.000đ/combo",Combo #2: Khoá Digital Performance + Khoá Content Marketing → 12.453.000đ/combo (gốc 19.159.000đ),công bố nhà cung cấp,"Đơn vị 'combo' = giá cho cả gói 2 khóa, không tách giá/khóa | [V2-MỚI] findings_id gốc trong raw/; chưa qua verification 4 thuộc tính vòng 2"
M-E554,WHERE,M-S469,Tomorrow Marketers,,,mới vòng 2,học phí chương trình,11583000,,,combo,,,,VN,người đi làm,"Tomorrow Marketers — Combo Digital Foundation + Digital Performance: giá 11583000 (combo, khuyến mại); VAT: không công bố; KM: Combo #3: Học phí 17.820.000đ → 11.583.000đ/combo",Combo #3: Digital Foundation + Digital Performance → 11.583.000đ/combo (gốc 17.820.000đ),công bố nhà cung cấp, | [V2-MỚI] findings_id gốc trong raw/; chưa qua verification 4 thuộc tính vòng 2
M-E555,WHERE,M-S470,Tomorrow Marketers,,,mới vòng 2,học phí chương trình,0,,,,,,,VN,người đi làm,"Tomorrow Marketers — The Guide to Marketing Career (Online Free Course): giá 0 (, miễn phí); VAT: không công bố; KM: Hoàn toàn miễn phí",Đoạn cuối bài: 'tham khảo ngay Online Free Course The Guide to Marketing Career của Tomorrow Marketers nhé… Khóa học hoàn toàn miễn phí',công bố nhà cung cấp,Nội dung chi tiết khóa free: NOT_FOUND_PUBLIC | [V2-MỚI] findings_id gốc trong raw/; chưa qua verification 4 thuộc tính vòng 2
M-E556,WHERE,M-S468,Tomorrow Marketers,,,mới vòng 2,học phí chương trình,,,,,,,,VN,người đi làm,"Tomorrow Marketers — Đào tạo doanh nghiệp (mảng B2B): giá  (, ); VAT: không công bố; KM: ",Trang khóa học ghi '200+ Khách hàng doanh nghiệp tin tưởng và lựa chọn'; '30.000+ Học viên trên khắp mọi miền',công bố nhà cung cấp,"Số liệu TỰ CÔNG BỐ, chưa xác minh; mâu thuẫn với M-E001 (15.000+) trong bộ cũ — giữ cả hai; giá hợp đồng B2B: NOT_FOUND_PUBLIC | [V2-MỚI] findings_id gốc trong raw/; chưa qua verification 4 thuộc tính vòng 2"
M-E557,WHERE,M-S451,Vinalink Academy,,,mới vòng 2,học phí chương trình,8900000,,,price_per_person,,,,VN,người đi làm,"Vinalink Academy — Agentic Content Marketing 3C – Xây hệ thống nội dung đa kênh bằng AI: giá 8900000 (price_per_person, niêm yết); VAT: không công bố; KM: Học phí gốc 8.900.000đ",FAQ trang chi tiết: gốc 8.900.000đ; sớm 6.900.000đ; nhóm ≥3 người 5.900.000đ/người; học trực tiếp tại HN (D2 Giảng Võ) hoặc TP.HCM (253 Điện Biên Phủ),công bố nhà cung cấp,VAT không ghi trên trang khóa này | [V2-MỚI] findings_id gốc trong raw/; chưa qua verification 4 thuộc tính vòng 2
M-E558,WHERE,M-S451,Vinalink Academy,,,mới vòng 2,học phí chương trình,6900000,,,price_per_person,,,,VN,người đi làm,"Vinalink Academy — Agentic Content Marketing 3C – Xây hệ thống nội dung đa kênh bằng AI: giá 6900000 (price_per_person, khuyến mại); VAT: không công bố; KM: Đăng ký ưu đãi sớm trước khai giảng 15 ngày","FAQ: 'đăng ký ưu đãi sớm (trước khai giảng 15 ngày), mức giá chỉ còn 6.900.000đ'",công bố nhà cung cấp, | [V2-MỚI] findings_id gốc trong raw/; chưa qua verification 4 thuộc tính vòng 2
M-E559,WHERE,M-S451,Vinalink Academy,,,mới vòng 2,học phí chương trình,5900000,,,price_per_person,,,,VN,người đi làm,"Vinalink Academy — Agentic Content Marketing 3C – Xây hệ thống nội dung đa kênh bằng AI: giá 5900000 (price_per_person, khuyến mại); VAT: không công bố; KM: Nhóm từ 3 người trở lên",FAQ: 'giảm thêm chỉ còn 5.900.000đ/người khi đăng ký theo nhóm từ 3 người trở lên',công bố nhà cung cấp, | [V2-MỚI] findings_id gốc trong raw/; chưa qua verification 4 thuộc tính vòng 2
M-E560,WHERE,M-S471,Vinalink Academy,,,mới vòng 2,học phí chương trình,9900000,,,price_per_person,,,,VN,người đi làm,"Vinalink Academy — TikTok Marketing với AI – TikTok AI Commerce 2026: giá 9900000 (price_per_person, niêm yết); VAT: Đã bao gồm VAT 8%; KM: Học phí gốc 9.900.000đ",Mục 8 CHÍNH SÁCH HỌC PHÍ: gốc 9.900.000đ; sớm 7.400.000đ; 'Học phí đã bao gồm VAT 8%'; hình thức Online qua Zoom,công bố nhà cung cấp, | [V2-MỚI] findings_id gốc trong raw/; chưa qua verification 4 thuộc tính vòng 2
M-E561,WHERE,M-S471,Vinalink Academy,,,mới vòng 2,học phí chương trình,7400000,,,price_per_person,,,,VN,người đi làm,"Vinalink Academy — TikTok Marketing với AI – TikTok AI Commerce 2026: giá 7400000 (price_per_person, khuyến mại); VAT: Đã bao gồm VAT 8%; KM: Đăng ký sớm (giảm trực tiếp 2.500.000đ); ưu đãi nhóm/DN; ưu đãi học viên cũ",Mục 8: 'Giá ưu đãi: 7.400.000đ. Tiết kiệm ngay 2.500.000đ!',công bố nhà cung cấp,"Số lượng suất ưu đãi có giới hạn, ưu tiên đóng phí sớm | [V2-MỚI] findings_id gốc trong raw/; chưa qua verification 4 thuộc tính vòng 2"
M-E562,WHERE,M-S472,Vinalink Academy,,,mới vòng 2,học phí chương trình,7990000,,,price_per_person,,,,VN,người đi làm,"Vinalink Academy — Kinh doanh TMĐT thực chiến (AI Ecommerce): giá 7990000 (price_per_person, niêm yết); VAT: không công bố; KM: Học phí gốc 7.990.000đ","Mục 8 HỌC PHÍ: gốc 7.990.000đ; ưu đãi 5.900.000đ khi đăng ký trước 15 ngày khai giảng; thời lượng 8 buổi T3,5,7",công bố nhà cung cấp,"Bộ cũ M-P108 ghi 'AI Ecommerce' 6 buổi — trang này ghi 8 buổi, có thể là phiên bản khóa khác; chưa xác minh | [V2-MỚI] findings_id gốc trong raw/; chưa qua verification 4 thuộc tính vòng 2"
M-E563,WHERE,M-S472,Vinalink Academy,,,mới vòng 2,học phí chương trình,5900000,,,price_per_person,,,,VN,người đi làm,"Vinalink Academy — Kinh doanh TMĐT thực chiến (AI Ecommerce): giá 5900000 (price_per_person, khuyến mại); VAT: không công bố; KM: Đăng ký trước 15 ngày khai giảng; ưu đãi combo/nhóm/HV cũ: liên hệ",Mục 8: 'Ưu đãi chỉ còn: 5.900.000đ khi đăng ký trước 15 ngày khai giảng',công bố nhà cung cấp, | [V2-MỚI] findings_id gốc trong raw/; chưa qua verification 4 thuộc tính vòng 2
M-E564,WHERE,M-S473,Vinalink Academy,,,mới vòng 2,học phí chương trình,2500000,,,price_per_person,,,,VN,người đi làm,"Vinalink Academy — Marketing Online Basic (người mới bắt đầu): giá 2500000 (price_per_person, niêm yết); VAT: không công bố; KM: Học phí gốc 2.500.000đ",Mục 6 HỌC PHÍ: 'Học phí gốc: 2.500.000đ; Ưu đãi: Liên hệ tư vấn',công bố nhà cung cấp,Mức ưu đãi thực tế: NOT_FOUND_PUBLIC (phải liên hệ tư vấn) | [V2-MỚI] findings_id gốc trong raw/; chưa qua verification 4 thuộc tính vòng 2
M-E565,WHERE,M-S474,Vinalink Academy,,,mới vòng 2,học phí chương trình,10800000-32292000,,,combo,,,,VN,người đi làm,"Vinalink Academy — Gói combo AI (AI VIP / AI Super VIP / AI Marketing Full Stack / AI Content Creator): giá 10800000-32292000 (combo, khuyến mại); VAT: không công bố; KM: AI VIP 10.800.000đ (gốc 64M); AI Super VIP 21.600.000đ (gốc 89.9M); AI Marketing Full Stack 32.292.000đ (gốc 106M); AI C",Trang chủ mục 'Gói combo': bảng chi tiết 4 gói kèm giá gạch gốc,công bố nhà cung cấp,Đơn vị 'combo' = giá cả gói; giá gạch gốc (64M–106M) là giá tham chiếu do NCC công bố | [V2-MỚI] findings_id gốc trong raw/; chưa qua verification 4 thuộc tính vòng 2
M-E566,WHERE,M-S475,Vinalink Academy,,,mới vòng 2,học phí chương trình,,,,,,,,VN,người đi làm,"Vinalink Academy — Lịch khai giảng cập nhật (5 lớp): giá  (, ); VAT: không công bố; KM: ",Bảng lịch (crawl ~08/10/2026): FBZK320 02/10/2026; TIKTOK K20 28/09/2026; 3CZK133 09/10/2026; SEO AI K238 27/10/2026; DMPZK220 09/11/2026,công bố nhà cung cấp,"02/10 và 28/09 đã qua ngày chốt (bộ cũ ghi 'đã khai giảng'); 3 lớp còn lại là LỊCH CÔNG BỐ (kế hoạch tương lai), không tính đã tổ chức; M-C107 loại khỏi phân tích theo audit | [V2-MỚI] findings_id gốc trong raw/; chưa qua verification 4 thuộc tính vòng 2"
M-E567,WHERE,M-S476,Vinalink Academy,,,mới vòng 2,học phí chương trình,,,,,,,,VN,người đi làm,"Vinalink Academy — Đào tạo Inhouse cho doanh nghiệp: giá  (, ); VAT: không công bố; KM: Thiết kế chương trình riêng theo DN, không công bố giá",Trang giới thiệu: 'chuyên cung cấp các khóa đào tạo tập trung và dịch vụ Đào tạo Inhouse cho doanh nghiệp'; liệt kê khách hàng DN,công bố nhà cung cấp,Giá trị hợp đồng B2B: NOT_FOUND_PUBLIC — cần phê duyệt hỏi giá trực tiếp | [V2-MỚI] findings_id gốc trong raw/; chưa qua verification 4 thuộc tính vòng 2
M-E568,WHERE,M-S477,Vinalink Academy,,,mới vòng 2,học phí chương trình,2500000-30000000,,,,,,,VN,người đi làm,"Vinalink Academy — Các khóa offline tại trung tâm (HN & TP.HCM): giá 2500000-30000000 (, ); VAT: không công bố; KM: Giảm 10% đăng ký sớm hoặc nhóm ≥3 người; voucher HV cũ cho khóa tiếp theo",Bảng 'Các khóa tiêu biểu' (tên + số buổi + lịch); Price Range 2.500.000–30.000.000; địa điểm HN (D2 Giảng Võ) & TP.HCM (23–25 Trần Nhật Duật),công bố nhà cung cấp,Giá từng khóa offline: NOT_FOUND_PUBLIC (chỉ có khoảng giá chung); price_type để trống vì khoảng giá gộp nhiều khóa | [V2-MỚI] findings_id gốc trong raw/; chưa qua verification 4 thuộc tính vòng 2
M-E569,WHERE,M-S478,AIM Academy,,,mới vòng 2,học phí chương trình,,,,,,,,VN,người đi làm,"AIM Academy — Strategic Communication Planning: giá  (, ); VAT: không công bố; KM: ",Trang khóa học: mục đối tượng (4 nhóm) + mô tả đầu ra,công bố nhà cung cấp,"Giá, thời lượng, lịch khai giảng: NOT_FOUND_PUBLIC | [V2-MỚI] findings_id gốc trong raw/; chưa qua verification 4 thuộc tính vòng 2"
M-E570,WHERE,M-S479,AIM Academy,,,mới vòng 2,học phí chương trình,,,,,,,,VN,người đi làm,"AIM Academy — Real Project (hình thức đào tạo mới): giá  (, ); VAT: không công bố; KM: ",Trang Real Project: 'kết hợp độc đáo giữa học thật – làm thật – hướng dẫn thật – và tuyển dụng thật',công bố nhà cung cấp,"Giá, thời lượng, lịch: NOT_FOUND_PUBLIC; chưa rõ Real Project là khóa độc lập hay hình thức lồng trong khóa khác | [V2-MỚI] findings_id gốc trong raw/; chưa qua verification 4 thuộc tính vòng 2"
M-E571,WHERE,M-S458,AIM Academy,,,mới vòng 2,học phí chương trình,6500000,,,price_per_pair,,,,VN,người đi làm,"AIM Academy — Hands-On Marketing: giá 6500000 (price_per_pair, niêm yết); VAT: không công bố; KM: Giá 6.500.000đ áp dụng cho 1 CẶP 2 NGƯỜI — khóa học CHỈ học theo cặp; trả góp thẻ tín dụng từ 541.667đ/tháng",Trang khóa học: giá 6.500.000đ/cặp 2 người; trả góp 541.667đ/tháng,công bố nhà cung cấp,GIÁ/CẶP — KHÔNG quy ra giá/người (ràng buộc audit); VAT không công bố | [V2-MỚI] findings_id gốc trong raw/; chưa qua verification 4 thuộc tính vòng 2
M-E572,WHERE,M-S480,AIM Academy,,,mới vòng 2,học phí chương trình,8500000,,,price_per_pair,,,,VN,người đi làm,"AIM Academy — Market Research: giá 8500000 (price_per_pair, niêm yết); VAT: không công bố; KM: Giá 8.500.000đ áp dụng cho 1 CẶP 2 NGƯỜI — chỉ học theo cặp; trả góp từ 708.333đ/tháng",Trang khóa học: giá 8.500.000đ/cặp; trả góp 708.333đ/tháng,công bố nhà cung cấp,GIÁ/CẶP — KHÔNG quy ra giá/người; thời lượng/đối tượng: NOT_FOUND_PUBLIC | [V2-MỚI] findings_id gốc trong raw/; chưa qua verification 4 thuộc tính vòng 2
M-E573,WHERE,M-S481,AIM Academy,,,mới vòng 2,học phí chương trình,36900000,,,chưa rõ đơn vị,,,,VN,người đi làm,"AIM Academy — Marketing Management (chương trình 5 khóa): giá 36900000 (chưa rõ đơn vị, niêm yết); VAT: không công bố; KM: Trả góp thẻ tín dụng hoặc công ty tài chính",Trang chương trình: 36.900.000đ cho chương trình 5 khóa,công bố nhà cung cấp,Đơn vị 36.9M (người hay cặp) không ghi rõ trên trang — cần xác minh; Hands-On và Market Research tính giá/cặp khi học lẻ; KHÔNG dùng price_per_person khi chưa xác minh (QA2-11) | [V2-MỚI] findings_id gốc trong raw/; chưa qua verification 4 thuộc tính vòng 2
M-E574,WHERE,M-S482,AIM Academy,,,mới vòng 2,học phí chương trình,0,,,,,,,VN,người đi làm,"AIM Academy — Ebook Nhập môn Digital Marketing: giá 0 (, miễn phí); VAT: không công bố; KM: ",Ebook 'AIM'S EBOOK – NHẬP MÔN DIGITAL MARKETING' (AIM Academy – Trung tâm đào tạo Marketing & Communication),công bố nhà cung cấp,"File lưu trên tailieu.vn (nguồn thứ cấp), không phải domain AIM — cần đối chiếu bản gốc | [V2-MỚI] findings_id gốc trong raw/; chưa qua verification 4 thuộc tính vòng 2"
M-E575,WHERE,M-S483,BRAND Camp,,,mới vòng 2,học phí chương trình,299000-899000,,,price_per_person,,,,VN,người đi làm,"BRAND Camp — Toàn bộ khóa học video (299.000đ–899.000đ): giá 299000-899000 (price_per_person, niêm yết); VAT: không công bố; KM: Ưu đãi 30% toàn bộ khóa học (blog Mừng lượng về / Back to school); IMC Plan 799k thuộc Top 6 trang chủ & Top 10 best-sel",Các bài blog ưu đãi 30% (M-S111/M-S112/M-S113); giá niêm yết từng khóa 299k–899k theo 03_programs.csv,công bố nhà cung cấp,"VAT không công bố; giá combo gói nhiều khóa: NOT_FOUND_PUBLIC; claim ""Top 6/Top 10 best-seller"" từ snippet-era homepage, không xác nhận được khi đọc trực tiếp 08/10/2026 — chỉ tham khảo | [V2-MỚI] findings_id gốc trong raw/; chưa qua verification 4 thuộc tính vòng 2"
M-E576,WHERE,M-S484,Hướng Nghiệp Á Âu,,,mới vòng 2,học phí chương trình,12000000,,,price_per_person,,,,VN,người đi làm,"Hướng Nghiệp Á Âu — Facebook Marketing: giá 12000000 (price_per_person, niêm yết); VAT: không công bố; KM: Trực tiếp 12.000.000đ; trực tuyến 9.600.000đ; giảm 20% đăng ký cùng lúc khóa Marketing+Thiết kế; voucher đến 3M cho HV/c",Mục Học Phí: 12.000.000đ trực tiếp / 9.600.000đ trực tuyến + chính sách giảm,công bố nhà cung cấp,"Bộ cũ M-P121 (trang khoa-hoc-chay-quang-cao-facebook) ghi khoảng 6–7M — đây là trang khác (khoa-hoc-facebook-marketing), có thể là khóa khác; chưa xác minh | [V2-MỚI] findings_id gốc trong raw/; chưa qua verification 4 thuộc tính vòng 2"
M-E577,WHERE,M-S485,Hướng Nghiệp Á Âu,,,mới vòng 2,học phí chương trình,8400000,,,price_per_person,,,,VN,người đi làm,"Hướng Nghiệp Á Âu — Quảng cáo TikTok: giá 8400000 (price_per_person, niêm yết); VAT: không công bố; KM: Ưu đãi 15%: từ 8.400.000đ còn 7.140.000đ",Bài đăng CN Đà Nẵng: 'GIẢM 15% HỌC PHÍ – Từ 8.400.000đ còn 7.140.000đ'; lịch T3-T5-T7 18:00–21:00; học trực tuyến qua Zoom; khai giảng 30/8/2025,công bố nhà cung cấp,"Nguồn phụ (findglocal mirror Facebook), dữ liệu 2025 (lịch sử); VAT không công bố | [V2-MỚI] findings_id gốc trong raw/; chưa qua verification 4 thuộc tính vòng 2"
M-E578,WHERE,M-S485,Hướng Nghiệp Á Âu,,,mới vòng 2,học phí chương trình,Giảm ngay đến 2.400.000đ; khai giảng 15/08/2025,,,price_per_person,,,,VN,người đi làm,"Hướng Nghiệp Á Âu — Marketing Online ngành F&B: giá Giảm ngay đến 2.400.000đ; khai giảng 15/08/2025 (price_per_person, khuyến mại); VAT: không công bố; KM: ","Bài đăng CN Đà Nẵng: 14 buổi, Zoom, giảm đến 2.4M, khai giảng 15/08/2025",công bố nhà cung cấp,Giá gốc: NOT_FOUND_PUBLIC; nguồn phụ; dữ liệu 2025 (lịch sử) | [V2-MỚI] findings_id gốc trong raw/; chưa qua verification 4 thuộc tính vòng 2
M-E579,WHERE,M-S486,WMS Academy (wms.vn),,,mới vòng 2,học phí chương trình,1000000,,,price_per_person,,,,VN,người đi làm,"WMS Academy (wms.vn) — Creative Practice in Marketing – Thực hành Sáng tạo trong Marketing: giá 1000000 (price_per_person, niêm yết); VAT: không công bố; KM: Mã GIAM50 giảm 50% khi thanh toán; khai giảng 29/10",Mục THÔNG TIN CHI TIẾT: khai giảng 29/10; 3 buổi; tối 2-4-6; Online Zoom; học phí 1 triệu; mã GIAM50 giảm 50%,công bố nhà cung cấp,Khai giảng 29/10 là LỊCH CÔNG BỐ (sau ngày chốt 08/10/2026); VAT không công bố | [V2-MỚI] findings_id gốc trong raw/; chưa qua verification 4 thuộc tính vòng 2
M-E580,WHERE,M-S447,WMS Academy (wms.vn),,,mới vòng 2,học phí chương trình,2000000,,,price_per_person,,,,VN,người đi làm,"WMS Academy (wms.vn) — AI & Marketing Automation: giá 2000000 (price_per_person, niêm yết); VAT: không công bố; KM: Mã GIAM30 giảm 30%; khai giảng 22/10",Mục THÔNG TIN CHI TIẾT: khai giảng 22/10; 7 buổi; T3-5 19:30–22:00; Zoom; học phí 2.000.000đ; mã GIAM30 giảm 30%,công bố nhà cung cấp,Khai giảng 22/10 là LỊCH CÔNG BỐ (sau ngày chốt); VAT không công bố | [V2-MỚI] findings_id gốc trong raw/; chưa qua verification 4 thuộc tính vòng 2
M-E581,WHERE,M-S487,WMS Academy (wms.vn),,,mới vòng 2,học phí chương trình,Mã GIAM50 giảm 50% (đăng ký trước 25/7),,,,,,,VN,người đi làm,"WMS Academy (wms.vn) — Hoạch định chiến lược marketing (Marketing Strategy Planning): giá Mã GIAM50 giảm 50% (đăng ký trước 25/7) (, ); VAT: không công bố; KM: ","Trang khóa học: 10 buổi, Zoom, chứng nhận; mục 'Ai nên tham gia' (gồm dòng loại trừ); ưu đãi GIAM50",công bố nhà cung cấp,"GIÁ GỐC: NOT_FOUND_PUBLIC — trang chỉ công bố mã giảm 50%, không có giá niêm yết | [V2-MỚI] findings_id gốc trong raw/; chưa qua verification 4 thuộc tính vòng 2"
M-E582,WHERE,M-S488,WMS Academy (wms.vn),,,mới vòng 2,học phí chương trình,"Giảm 30% (đăng ký trước 3/7, mã GIAM30) + tặng khóa Tạo AI Chatbot cho website trị giá 1.5 triệu",,,,,,,VN,người đi làm,"WMS Academy (wms.vn) — Lập kế hoạch marketing (Marketing Planning): giá Giảm 30% (đăng ký trước 3/7, mã GIAM30) + tặng khóa Tạo AI Chatbot cho website trị giá 1.5 triệu (, ); VAT: không công bố; KM: ","Trang khóa học: 7 buổi, Zoom, chứng nhận; ưu đãi GIAM30 + tặng khóa AI Chatbot 1.5M",công bố nhà cung cấp,GIÁ GỐC: NOT_FOUND_PUBLIC — trang chỉ công bố mã giảm 30% | [V2-MỚI] findings_id gốc trong raw/; chưa qua verification 4 thuộc tính vòng 2
M-E583,WHERE,M-S489,WMS Academy (wms.vn),,,mới vòng 2,học phí chương trình,4000000,,,price_per_person,,,,VN,người đi làm,"WMS Academy (wms.vn) — Marketing Performance Analysis: giá 4000000 (price_per_person, niêm yết); VAT: không công bố; KM: Ưu đãi 25% khi đăng ký trước 19/11 (coupon GIAM25)",Mục THỜI GIAN VÀ ĐỊA ĐIỂM: khai giảng 3/12; 9 buổi; T3-5-7 19:30–21:30; Google Meet; học phí 4.000.000đ; GIAM25 giảm 25%,công bố nhà cung cấp,Trang 'Last Updated' ~463 ngày trước — lịch 3/12 nhiều khả năng là của năm cũ (lịch sử); VAT không công bố | [V2-MỚI] findings_id gốc trong raw/; chưa qua verification 4 thuộc tính vòng 2
M-E584,WHERE,M-S490,WMS Academy (wms.vn),,,mới vòng 2,học phí chương trình,0,,,,,,,VN,người đi làm,"WMS Academy (wms.vn) — Nghiên cứu marketing (Study Hub): giá 0 (, miễn phí); VAT: không công bố; KM: Hoàn toàn miễn phí cho tất cả mọi người","Trang khóa học: 'Khóa học này miễn phí cho tất cả mọi người… sau khi học xong, người học có thể làm bài kiểm tra để lấy giấy chứng chỉ'; curriculum 8 sections/9 lessons",công bố nhà cung cấp, | [V2-MỚI] findings_id gốc trong raw/; chưa qua verification 4 thuộc tính vòng 2
M-E585,WHERE,M-S491,CASK Academy (cask.vn),,,mới vòng 2,học phí chương trình,19900000,,,price_per_person,,,,VN,người đi làm,"CASK Academy (cask.vn) — Brand Building – The Journey of Brand Building: giá 19900000 (price_per_person, niêm yết); VAT: không công bố; KM: Khai giảng 30/11/2026","Trang khóa học: 24 buổi Offline, 102C Cống Quỳnh Q.1 TP.HCM, T2-4-6 18:30–21:30, 19.900.000đ, khai giảng 30/11/2026",công bố nhà cung cấp,Khai giảng 30/11/2026 là LỊCH CÔNG BỐ (sau ngày chốt); VAT không công bố | [V2-MỚI] findings_id gốc trong raw/; chưa qua verification 4 thuộc tính vòng 2
M-E586,WHERE,M-S492,CASK Academy (cask.vn),,,mới vòng 2,học phí chương trình,19000000,,,price_per_person,,,,VN,người đi làm,"CASK Academy (cask.vn) — Impactful Trade Marketing Management (Trade Marketing Excellence): giá 19000000 (price_per_person, niêm yết); VAT: không công bố; KM: Khai giảng 22/12/2026","Trang khóa học: 21 buổi Offline, 102C Cống Quỳnh Q.1 TP.HCM, 19.000.000đ, khai giảng 22/12/2026",công bố nhà cung cấp,"Khai giảng 22/12/2026 là LỊCH CÔNG BỐ (sau ngày chốt); trade marketing nằm ở rìa Category (kênh phân phối/sales), ghi nhận như lựa chọn liền kề | [V2-MỚI] findings_id gốc trong raw/; chưa qua verification 4 thuộc tính vòng 2"
M-E587,WHERE,M-S493,CASK Academy (cask.vn),,,mới vòng 2,học phí chương trình,10000000,,,price_per_person,,,,VN,người đi làm,"CASK Academy (cask.vn) — Data-Driven Trade Marketing: giá 10000000 (price_per_person, niêm yết); VAT: không công bố; KM: ",Trang khóa học + FAQ: 'Học phí 10.000.000đ'; chứng chỉ hoàn thành CASK,công bố nhà cung cấp,Thời lượng/lịch khai giảng: NOT_FOUND_PUBLIC; rìa Category (trade/sales) | [V2-MỚI] findings_id gốc trong raw/; chưa qua verification 4 thuộc tính vòng 2
M-E588,WHERE,M-S448,CASK Academy (cask.vn),,,mới vòng 2,học phí chương trình,9900000,,,price_per_person,,,,VN,người đi làm,"CASK Academy (cask.vn) — Route to Market Strategy: giá 9900000 (price_per_person, niêm yết); VAT: không công bố; KM: Bản offline 9.900.000đ/6 buổi; bản online 7.500.000đ/6 buổi",Trang khóa học: 'KHÓA OFFLINE 9.900.000Đ/6 buổi; KHÓA ONLINE 7.500.000Đ/6 buổi'; 100% thực hành trên case DN,công bố nhà cung cấp,Rìa Category (phân phối/sales); VAT không công bố | [V2-MỚI] findings_id gốc trong raw/; chưa qua verification 4 thuộc tính vòng 2
M-E589,WHERE,M-S494,CASK Academy (cask.vn),,,mới vòng 2,học phí chương trình,,,,,,,,VN,người đi làm,"CASK Academy (cask.vn) — In-house Training cho doanh nghiệp: giá  (, ); VAT: không công bố; KM: Liên hệ tư vấn","Trang sự kiện: 'Liên hệ CASK để được hỗ trợ về khóa học, sự kiện hoặc chương trình In-house Training'",công bố nhà cung cấp,Giá trị hợp đồng B2B: NOT_FOUND_PUBLIC | [V2-MỚI] findings_id gốc trong raw/; chưa qua verification 4 thuộc tính vòng 2
M-E590,WHERE,M-S495,CAS Vietnam (cas.edu.vn),,,mới vòng 2,học phí chương trình,9000000,,,price_per_person,,,,VN,người đi làm,"CAS Vietnam (cas.edu.vn) — Digital Marketing (18 buổi): giá 9000000 (price_per_person, niêm yết); VAT: không công bố; KM: Đăng ký nhận voucher giảm 30%; lớp 27/12/2024: phí 9.000.000đ, ưu đãi 5.850.000đ (học bổng 35%)","Trang khóa học: 5 modules/18 buổi; học phí 9.000.000đ; voucher 30%; học trực tiếp tại trung tâm hoặc trực tuyến; địa chỉ 48 Cao Đức Lân, TP.HCM",công bố nhà cung cấp,Giá ưu đãi 5.85M từ lớp khai giảng 27/12/2024 (lịch sử); VAT không công bố | [V2-MỚI] findings_id gốc trong raw/; chưa qua verification 4 thuộc tính vòng 2
M-E591,WHERE,M-S496,CAS Vietnam (cas.edu.vn),,,mới vòng 2,học phí chương trình,9000000,,,price_per_person,,,,VN,người đi làm,"CAS Vietnam (cas.edu.vn) — Digital Marketing Thực Chiến (18 buổi): giá 9000000 (price_per_person, niêm yết); VAT: không công bố; KM: Ưu đãi người đi làm 7.650.000đ; SV 5.850.000đ (+5% SV khá giỏi)","Trang lớp 16/12/2024: phí tham dự 9.000.000đ; ưu đãi người đi làm 7.650.000đ; SV 5.850.000đ; địa điểm 213 Tây Hòa, Thủ Đức",công bố nhà cung cấp,Dữ liệu lớp 16/12/2024 (lịch sử); VAT không công bố | [V2-MỚI] findings_id gốc trong raw/; chưa qua verification 4 thuộc tính vòng 2
M-E592,WHERE,M-S497,CAS Vietnam (cas.edu.vn),,,mới vòng 2,học phí chương trình,4500000,,,price_per_person,,,,VN,người đi làm,"CAS Vietnam (cas.edu.vn) — Google Adwords (SEO + Tools + Adwords): giá 4500000 (price_per_person, niêm yết); VAT: không công bố; KM: ",Trang khóa học: thời lượng 7.5 giờ (5 buổi); học phí 4.500.000đ/trọn khóa; chứng chỉ 'Chuyên viên Google Ads – CAS Việt Nam',công bố nhà cung cấp,Trang 'Last Updated' ~814 ngày trước (lịch sử); VAT không công bố | [V2-MỚI] findings_id gốc trong raw/; chưa qua verification 4 thuộc tính vòng 2
M-E593,WHERE,M-S498,MOA Việt Nam (moavietnam.com.vn),,,mới vòng 2,học phí chương trình,3900000-9900000,,,price_per_person,,,,VN,người đi làm,"MOA Việt Nam (moavietnam.com.vn) — Digital Marketing 'cầm tay chỉ việc': giá 3900000-9900000 (price_per_person, niêm yết); VAT: không công bố; KM: Học phí 3.900.000đ–9.900.000đ tùy gói (Online / Offline / 1-1 cá nhân hóa)","FAQ trang khóa học: 'Học phí từ 3.900.000đ đến 9.900.000đ tùy gói học (Online, Offline hoặc 1-1 Cá nhân hóa)'; địa chỉ 181 Cao Thắng, P.12, Q.10, TP.HCM",công bố nhà cung cấp,Mức giá từng gói cụ thể: NOT_FOUND_PUBLIC; VAT không công bố | [V2-MỚI] findings_id gốc trong raw/; chưa qua verification 4 thuộc tính vòng 2
M-E594,WHERE,M-S499,Kstudy Academy (kstudy.edu.vn),,,mới vòng 2,học phí chương trình,21000000,,,price_per_person,,,,VN,người đi làm,"Kstudy Academy (kstudy.edu.vn) — Digital Marketing Fullstack: giá 21000000 (price_per_person, niêm yết); VAT: không công bố; KM: Thanh toán theo đợt hoặc trọn gói; ưu đãi đăng ký sớm/nhóm; hỗ trợ vay học phí","Trang edunet: học phí toàn khóa 21.000.000đ; địa chỉ Tầng 3 Hesco, 135 Trần Phú, Hà Đông, Hà Nội; chương trình 12 module",công bố nhà cung cấp,"Nguồn thứ cấp (edunet.vn), cần đối chiếu trang chính kstudy.edu.vn | [V2-MỚI] findings_id gốc trong raw/; chưa qua verification 4 thuộc tính vòng 2"
M-E595,WHERE,M-S500,Kstudy Academy (kstudy.edu.vn),,,mới vòng 2,học phí chương trình,3500000-10800000,,,price_per_person,,,,VN,người đi làm,"Kstudy Academy (kstudy.edu.vn) — Các khóa lẻ trong Fullstack: giá 3500000-10800000 (price_per_person, niêm yết); VAT: không công bố; KM: ",Trang kstudy.edu.vn: bảng 'Trị giá' từng khóa lẻ (12 dòng),công bố nhà cung cấp,Đây là 'trị giá' từng module trong gói Fullstack — chưa xác minh bán lẻ từng khóa với giá này | [V2-MỚI] findings_id gốc trong raw/; chưa qua verification 4 thuộc tính vòng 2
M-E596,WHERE,M-S501,SEOViP (Đà Nẵng),,,mới vòng 2,học phí chương trình,7590000,,,price_per_person,,,,VN,người đi làm,"SEOViP (Đà Nẵng) — Content Marketing – Viết bài SEO, Quảng cáo, PR: giá 7590000 (price_per_person, khuyến mại); VAT: Đã bao gồm VAT 10%; KM: Gốc 9.900.000đ → 7.590.000đ; nhóm 2: 6.490.000đ/HV; nhóm ≥3: 5.390.000đ/HV","Mục 'Chi phí đầu tư': gốc 9.900.000đ chỉ còn 7.590.000đ; nhóm 2: 6.490.000đ/HV; nhóm 3+: 5.390.000đ/HV; 'Học phí đã bao gồm VAT 10%'; kèm 1:1 trực tiếp/online; địa chỉ 181 Nguyễn Tri Phương, Đà Nẵng",công bố nhà cung cấp, | [V2-MỚI] findings_id gốc trong raw/; chưa qua verification 4 thuộc tính vòng 2
M-E597,WHERE,M-S502,WISE Business (wisebusiness.vn),,,mới vòng 2,học phí chương trình,7500000,,,price_per_person,,,,VN,người đi làm,"WISE Business (wisebusiness.vn) — Marketing thực chiến: giá 7500000 (price_per_person, niêm yết); VAT: không công bố; KM: ",Mục thông tin khóa học: HÌNH THỨC HỌC trực tiếp; HỌC PHÍ 7.500.000đ/người; đối tượng 5 nhóm,công bố nhà cung cấp,Thời lượng tổng (số buổi): NOT_FOUND_PUBLIC; VAT không công bố | [V2-MỚI] findings_id gốc trong raw/; chưa qua verification 4 thuộc tính vòng 2
M-E598,WHERE,M-S503,WISE Business (wisebusiness.vn),,,mới vòng 2,học phí chương trình,,,,,,,,VN,người đi làm,"WISE Business (wisebusiness.vn) — Đào tạo Marketing cho doanh nghiệp: giá  (, ); VAT: không công bố; KM: Không công bố giá",Trang DV: mô hình đào tạo in-house linh hoạt; nội dung & chứng nhận,công bố nhà cung cấp,Giá trị hợp đồng B2B: NOT_FOUND_PUBLIC | [V2-MỚI] findings_id gốc trong raw/; chưa qua verification 4 thuộc tính vòng 2
M-E599,WHERE,M-S504,Kyna (kyna.vn),,,mới vòng 2,học phí chương trình,300000-3200000,,,price_per_person,,,,VN,người đi làm,"Kyna (kyna.vn) — Các khóa marketing video (FB Marketing toàn diện; Digital Marketer chuyên nghiệp; Làm chủ KH với Digital Marketing…): giá 300000-3200000 (price_per_person, niêm yết); VAT: không công bố; KM: Thường xuyên voucher/coupon đến 80%",Trang đánh giá: giá khóa học 300k–400k; ~30 khóa miễn phí; chứng chỉ sau bài luận; hoàn tiền 30 ngày,công bố nhà cung cấp,"Giá từng khóa marketing cụ thể từ nguồn 2011 (sidoni.net): FB Marketing toàn diện 1.800.000đ, Digital Marketer chuyên nghiệp 2.500.000đ — LỊCH SỬ, cần xác minh lại | [V2-MỚI] findings_id gốc trong raw/; chưa qua verification 4 thuộc tính vòng 2"
M-E600,WHERE,M-S505,Unica (unica.vn),,,mới vòng 2,học phí chương trình,99000,,,,,,,VN,người đi làm,"Unica (unica.vn) — Các khóa marketing online (nền tảng 2.500+ khóa): giá 99000 (, khuyến mại); VAT: không công bố; KM: 'Chỉ từ 99K/khóa' (quảng bá)",Video affiliate 2026: 'Với hơn 2500+ khóa học online… Chỉ từ 99K cho một khóa học',công bố nhà cung cấp,"Nguồn affiliate (có ref link), chưa đối chiếu trang chính unica.vn; giá marketing cụ thể: NOT_FOUND_PUBLIC | [V2-MỚI] findings_id gốc trong raw/; chưa qua verification 4 thuộc tính vòng 2"
M-E601,WHERE,M-S506,Google,,,mới vòng 2,học phí chương trình,0,,,,,,,VN,người đi làm,"Google — Skillshop (Google Ads, Analytics…): giá 0 (, miễn phí); VAT: không công bố; KM: ",Bài tổng hợp: 'Google Skillshop… cung cấp nội dung bằng tiếng Việt… nhiều cấp độ từ cơ bản đến nâng cao',công bố nhà cung cấp,Nguồn thứ cấp (mytour.vn); chưa đối chiếu skillshop.google.com trực tiếp | [V2-MỚI] findings_id gốc trong raw/; chưa qua verification 4 thuộc tính vòng 2
M-E602,WHERE,M-S506,HubSpot,,,mới vòng 2,học phí chương trình,0,,,,,,,VN,người đi làm,"HubSpot — HubSpot Academy (Inbound, Content, Email…): giá 0 (, miễn phí); VAT: không công bố; KM: ",Bài tổng hợp: thư viện khóa học trực tuyến hoàn toàn miễn phí của HubSpot; video 8–11 phút; có chứng chỉ,công bố nhà cung cấp,Tiếng Anh; nguồn thứ cấp | [V2-MỚI] findings_id gốc trong raw/; chưa qua verification 4 thuộc tính vòng 2
M-E603,WHERE,M-S507,Google,,,mới vòng 2,học phí chương trình,0,,,,,,,VN,người đi làm,"Google — Digital Garage – Fundamentals of Digital Marketing: giá 0 (, miễn phí); VAT: không công bố; KM: ",Bài tổng hợp: khóa 'Cơ Bản về Digital Marketing' hoàn toàn miễn phí; 23 chủ đề; chứng chỉ sau hoàn thành,công bố nhà cung cấp,Tiếng Anh; nguồn thứ cấp; Digital Garage đã được Google sáp nhập vào Skillshop — cần xác minh trạng thái hiện tại | [V2-MỚI] findings_id gốc trong raw/; chưa qua verification 4 thuộc tính vòng 2
M-E604,WHERE,M-S508,Google,,,mới vòng 2,học phí chương trình,49/tháng,,,price_per_person,,,,VN,người đi làm,"Google — Học bổng Google Career Certificates tại VN: giá 49/tháng (price_per_person, niêm yết); VAT: USD; KM: Dùng thử 7 ngày; hỗ trợ tài chính; 20.000 học bổng toàn phần tại VN (2022, lịch sử)",Bài báo 2022: 20.000 học bổng từ Google Career Certificates; giá $49/tháng từ M-P127 (Coursera),công bố nhà cung cấp,Học bổng 2022 là lịch sử; số suất hiện tại: NOT_FOUND_PUBLIC | [V2-MỚI] findings_id gốc trong raw/; chưa qua verification 4 thuộc tính vòng 2
M-E605,WHERE,M-S509,SlimAI / Vinno,,,mới vòng 2,học phí chương trình,,,,,,,,VN,người đi làm,"SlimAI / Vinno — Tự động hoá công việc lặp lại với Custom GPT (mini course): giá  (, ); VAT: không công bố; KM: ",Trang khóa học: 2 buổi live; làm chủ ChatGPT/Custom GPT cho vai trò marketing; không cần lập trình,công bố nhà cung cấp,"Học phí: NOT_FOUND_PUBLIC; đây là khóa AI-ứng-dụng, rìa Category | [V2-MỚI] findings_id gốc trong raw/; chưa qua verification 4 thuộc tính vòng 2"
M-E606,WHERE,M-S510,Gitiho,,,mới vòng 2,học phí chương trình,2000000,,,price_per_person,,,,VN,người đi làm,"Gitiho — Ứng dụng ChatGPT để tăng tốc bán hàng & marketing: giá 2000000 (price_per_person, niêm yết); VAT: không công bố; KM: Giá gốc 2.000.000đ","Trang so sánh khóa học chatbot (cập nhật ~19 ngày trước): mục 4 Gitiho, giá gốc 2.000.000đ",công bố nhà cung cấp,"Nguồn thứ cấp (trang so sánh), chưa đối chiếu gitiho trực tiếp | [V2-MỚI] findings_id gốc trong raw/; chưa qua verification 4 thuộc tính vòng 2"
M-E607,WHERE,M-S511,Cộng đồng mở,,,mới vòng 2,học phí chương trình,0,,,,,,,VN,người đi làm,"Cộng đồng mở — Thư viện prompt tiếng Việt cho content marketing (GitHub): giá 0 (, miễn phí); VAT: không công bố; KM: ",Repo GitHub public: công thức VAI TRÒ + NHIỆM VỤ + THÔNG TIN + YÊU CẦU + ĐỊNH DẠNG; mẫu prompt content marketing tiếng Việt,công bố nhà cung cấp,Không phải khóa học có cấu trúc; chất lượng không kiểm định | [V2-MỚI] findings_id gốc trong raw/; chưa qua verification 4 thuộc tính vòng 2
M-E608,WHERE,M-S512,(N/A – phương án thay thế),,,mới vòng 2,học phí chương trình,,,,,,,,VN,người đi làm,"(N/A – phương án thay thế) — Trợ lý AI (ChatGPT, Gemini, Perplexity) dùng trực tiếp để học & làm marketing: giá  (, ); VAT: không công bố; KM: ",Bằng chứng gián tiếp: chương trình các NCC đã tích hợp AI vào giảng dạy,công bố nhà cung cấp,"Không trích giá bản trả phí (thay đổi thường xuyên, chưa xác minh); vai trò 'thay thế khóa học' là phân loại của nhóm nghiên cứu, không phải tuyên bố của NCC | [V2-MỚI] findings_id gốc trong raw/; chưa qua verification 4 thuộc tính vòng 2"
