search_id,source_id,keyword_exact,geography,period_start,period_end,metric_name,value,value_min,value_max,unit,measurement_method,value_type,validation_note,variant_grouping,intent_label,intent_label_basis,limitation
M-K301,M-S302,khóa học digital marketing,không nêu rõ (bối cảnh: Việt Nam),,,lưu lượng tìm kiếm trung bình hàng tháng (ước tính công cụ SEO),2600,,,lượt tìm kiếm/tháng,"công cụ SEO bên thứ ba bản trả phí (tác giả liệt kê Ahrefs, Ubersuggest, SEMrush — không nêu rõ đã dùng công cụ nào)",ước tính mô hình,"tác giả ghi 'khoảng 2.600'; không nêu thời kỳ đo, địa lý, cách gộp biến thể; không đối chiếu được công cụ gốc",không nêu rõ,course_explicit,"chứa 'khóa học' (nhãn mô tả dấu hiệu trong truy vấn, không chứng minh ý định mua)",bài viết ~08/2022 (cũ); PARTIAL — không đạt chuẩn 'nêu rõ tất cả'; không trình bày như số đo chính xác
M-K302,M-S302,khóa học marketing online,không nêu rõ (bối cảnh: Việt Nam),,,lưu lượng tìm kiếm trung bình hàng tháng (ước tính công cụ SEO),880,,,lượt tìm kiếm/tháng,"công cụ SEO bên thứ ba bản trả phí (tác giả liệt kê Ahrefs, Ubersuggest, SEMrush — không nêu rõ đã dùng công cụ nào)",ước tính mô hình,"tác giả ghi '880'; không nêu thời kỳ đo, địa lý, cách gộp biến thể; không đối chiếu được công cụ gốc",không nêu rõ,course_explicit,"chứa 'khóa học' (nhãn mô tả dấu hiệu trong truy vấn, không chứng minh ý định mua)","bài viết ~08/2022 (cũ); PARTIAL — không đạt chuẩn 'nêu rõ tất cả'; lưu ý con số 2.000/tháng của mona.media cho cùng từ khóa là ví dụ giả định, không phải mâu thuẫn số liệu"
M-K303,M-S301,đại học marketing,Việt Nam,2024-01-01,2026-10-08,Google Trends related-query interest index (Top),100,,,index 0–100 (chuẩn hóa riêng theo seed),Google Trends related queries (Top) cho seed 'học marketing',index tương đối 0–100 (không phải volume),index nguyên văn trong CSV; biến động: 1%; index tương đối — KHÔNG phải volume tuyệt đối; KHÔNG so sánh liên-seed (mỗi seed chuẩn hóa riêng); KHÔNG quy đổi index thành lượt tìm kiếm,không nêu rõ (Google có thể gộp biến thể truy vấn),university,"chứa 'đại học' (nhãn chỉ mô tả dấu hiệu trong truy vấn, KHÔNG chứng minh người tìm sẽ mua)",ánh xạ file→seed suy từ nội dung file (tên file chỉ ghi timestamp)
M-K304,M-S301,tài chính marketing,Việt Nam,2024-01-01,2026-10-08,Google Trends related-query interest index (Top),64,,,index 0–100 (chuẩn hóa riêng theo seed),Google Trends related queries (Top) cho seed 'học marketing',index tương đối 0–100 (không phải volume),index nguyên văn trong CSV; biến động: -4%; index tương đối — KHÔNG phải volume tuyệt đối; KHÔNG so sánh liên-seed (mỗi seed chuẩn hóa riêng); KHÔNG quy đổi index thành lượt tìm kiếm,không nêu rõ (Google có thể gộp biến thể truy vấn),university,"tên Trường ĐH Tài chính – Marketing (viết gọn) (nhãn chỉ mô tả dấu hiệu trong truy vấn, KHÔNG chứng minh người tìm sẽ mua)",ánh xạ file→seed suy từ nội dung file (tên file chỉ ghi timestamp)
M-K305,M-S301,đại học tài chính,Việt Nam,2024-01-01,2026-10-08,Google Trends related-query interest index (Top),56,,,index 0–100 (chuẩn hóa riêng theo seed),Google Trends related queries (Top) cho seed 'học marketing',index tương đối 0–100 (không phải volume),index nguyên văn trong CSV; biến động: -6%; index tương đối — KHÔNG phải volume tuyệt đối; KHÔNG so sánh liên-seed (mỗi seed chuẩn hóa riêng); KHÔNG quy đổi index thành lượt tìm kiếm,không nêu rõ (Google có thể gộp biến thể truy vấn),university,"chứa 'đại học' (nhãn chỉ mô tả dấu hiệu trong truy vấn, KHÔNG chứng minh người tìm sẽ mua)",ánh xạ file→seed suy từ nội dung file (tên file chỉ ghi timestamp)
M-K306,M-S301,đại học tài chính marketing,Việt Nam,2024-01-01,2026-10-08,Google Trends related-query interest index (Top),55,,,index 0–100 (chuẩn hóa riêng theo seed),Google Trends related queries (Top) cho seed 'học marketing',index tương đối 0–100 (không phải volume),index nguyên văn trong CSV; biến động: -10%; index tương đối — KHÔNG phải volume tuyệt đối; KHÔNG so sánh liên-seed (mỗi seed chuẩn hóa riêng); KHÔNG quy đổi index thành lượt tìm kiếm,không nêu rõ (Google có thể gộp biến thể truy vấn),university,"chứa 'đại học' (nhãn chỉ mô tả dấu hiệu trong truy vấn, KHÔNG chứng minh người tìm sẽ mua)",ánh xạ file→seed suy từ nội dung file (tên file chỉ ghi timestamp)
M-K307,M-S301,trường đại học marketing,Việt Nam,2024-01-01,2026-10-08,Google Trends related-query interest index (Top),53,,,index 0–100 (chuẩn hóa riêng theo seed),Google Trends related queries (Top) cho seed 'học marketing',index tương đối 0–100 (không phải volume),index nguyên văn trong CSV; biến động: -3%; index tương đối — KHÔNG phải volume tuyệt đối; KHÔNG so sánh liên-seed (mỗi seed chuẩn hóa riêng); KHÔNG quy đổi index thành lượt tìm kiếm,không nêu rõ (Google có thể gộp biến thể truy vấn),university,"chứa 'trường đại học' (nhãn chỉ mô tả dấu hiệu trong truy vấn, KHÔNG chứng minh người tìm sẽ mua)",ánh xạ file→seed suy từ nội dung file (tên file chỉ ghi timestamp)
M-K308,M-S301,trường đại học,Việt Nam,2024-01-01,2026-10-08,Google Trends related-query interest index (Top),53,,,index 0–100 (chuẩn hóa riêng theo seed),Google Trends related queries (Top) cho seed 'học marketing',index tương đối 0–100 (không phải volume),index nguyên văn trong CSV; biến động: -7%; index tương đối — KHÔNG phải volume tuyệt đối; KHÔNG so sánh liên-seed (mỗi seed chuẩn hóa riêng); KHÔNG quy đổi index thành lượt tìm kiếm,không nêu rõ (Google có thể gộp biến thể truy vấn),university,"chứa 'trường đại học' (nhãn chỉ mô tả dấu hiệu trong truy vấn, KHÔNG chứng minh người tìm sẽ mua)",ánh xạ file→seed suy từ nội dung file (tên file chỉ ghi timestamp)
M-K309,M-S301,ngành marketing,Việt Nam,2024-01-01,2026-10-08,Google Trends related-query interest index (Top),47,,,index 0–100 (chuẩn hóa riêng theo seed),Google Trends related queries (Top) cho seed 'học marketing',index tương đối 0–100 (không phải volume),index nguyên văn trong CSV; biến động: -5%; index tương đối — KHÔNG phải volume tuyệt đối; KHÔNG so sánh liên-seed (mỗi seed chuẩn hóa riêng); KHÔNG quy đổi index thành lượt tìm kiếm,không nêu rõ (Google có thể gộp biến thể truy vấn),university,"'ngành' — ngành đào tạo/tuyển sinh (nhãn chỉ mô tả dấu hiệu trong truy vấn, KHÔNG chứng minh người tìm sẽ mua)",ánh xạ file→seed suy từ nội dung file (tên file chỉ ghi timestamp)
M-K310,M-S301,marketing học gì,Việt Nam,2024-01-01,2026-10-08,Google Trends related-query interest index (Top),35,,,index 0–100 (chuẩn hóa riêng theo seed),Google Trends related queries (Top) cho seed 'học marketing',index tương đối 0–100 (không phải volume),index nguyên văn trong CSV; biến động: -2%; index tương đối — KHÔNG phải volume tuyệt đối; KHÔNG so sánh liên-seed (mỗi seed chuẩn hóa riêng); KHÔNG quy đổi index thành lượt tìm kiếm,không nêu rõ (Google có thể gộp biến thể truy vấn),unknown,"hỏi nội dung học; thiếu dấu hiệu khóa/lớp/đại học (nhãn chỉ mô tả dấu hiệu trong truy vấn, KHÔNG chứng minh người tìm sẽ mua)",ánh xạ file→seed suy từ nội dung file (tên file chỉ ghi timestamp)
M-K311,M-S301,trường tài chính marketing,Việt Nam,2024-01-01,2026-10-08,Google Trends related-query interest index (Top),33,,,index 0–100 (chuẩn hóa riêng theo seed),Google Trends related queries (Top) cho seed 'học marketing',index tương đối 0–100 (không phải volume),index nguyên văn trong CSV; biến động: 2%; index tương đối — KHÔNG phải volume tuyệt đối; KHÔNG so sánh liên-seed (mỗi seed chuẩn hóa riêng); KHÔNG quy đổi index thành lượt tìm kiếm,không nêu rõ (Google có thể gộp biến thể truy vấn),university,"chứa 'trường' (nhãn chỉ mô tả dấu hiệu trong truy vấn, KHÔNG chứng minh người tìm sẽ mua)",ánh xạ file→seed suy từ nội dung file (tên file chỉ ghi timestamp)
M-K312,M-S301,trường đại học tài chính marketing,Việt Nam,2024-01-01,2026-10-08,Google Trends related-query interest index (Top),31,,,index 0–100 (chuẩn hóa riêng theo seed),Google Trends related queries (Top) cho seed 'học marketing',index tương đối 0–100 (không phải volume),index nguyên văn trong CSV; biến động: -2%; index tương đối — KHÔNG phải volume tuyệt đối; KHÔNG so sánh liên-seed (mỗi seed chuẩn hóa riêng); KHÔNG quy đổi index thành lượt tìm kiếm,không nêu rõ (Google có thể gộp biến thể truy vấn),university,"chứa 'trường đại học' (nhãn chỉ mô tả dấu hiệu trong truy vấn, KHÔNG chứng minh người tìm sẽ mua)",ánh xạ file→seed suy từ nội dung file (tên file chỉ ghi timestamp)
M-K313,M-S301,marketing là gì,Việt Nam,2024-01-01,2026-10-08,Google Trends related-query interest index (Top),20,,,index 0–100 (chuẩn hóa riêng theo seed),Google Trends related queries (Top) cho seed 'học marketing',index tương đối 0–100 (không phải volume),index nguyên văn trong CSV; biến động: -5%; index tương đối — KHÔNG phải volume tuyệt đối; KHÔNG so sánh liên-seed (mỗi seed chuẩn hóa riêng); KHÔNG quy đổi index thành lượt tìm kiếm,không nêu rõ (Google có thể gộp biến thể truy vấn),unknown,"định nghĩa khái niệm (nhãn chỉ mô tả dấu hiệu trong truy vấn, KHÔNG chứng minh người tìm sẽ mua)",ánh xạ file→seed suy từ nội dung file (tên file chỉ ghi timestamp)
M-K314,M-S301,đại học kinh tế marketing,Việt Nam,2024-01-01,2026-10-08,Google Trends related-query interest index (Top),19,,,index 0–100 (chuẩn hóa riêng theo seed),Google Trends related queries (Top) cho seed 'học marketing',index tương đối 0–100 (không phải volume),index nguyên văn trong CSV; biến động: -20%; index tương đối — KHÔNG phải volume tuyệt đối; KHÔNG so sánh liên-seed (mỗi seed chuẩn hóa riêng); KHÔNG quy đổi index thành lượt tìm kiếm,không nêu rõ (Google có thể gộp biến thể truy vấn),university,"chứa 'đại học' (nhãn chỉ mô tả dấu hiệu trong truy vấn, KHÔNG chứng minh người tìm sẽ mua)",ánh xạ file→seed suy từ nội dung file (tên file chỉ ghi timestamp)
M-K315,M-S301,điểm chuẩn tài chính marketing,Việt Nam,2024-01-01,2026-10-08,Google Trends related-query interest index (Top),19,,,index 0–100 (chuẩn hóa riêng theo seed),Google Trends related queries (Top) cho seed 'học marketing',index tương đối 0–100 (không phải volume),index nguyên văn trong CSV; biến động: -10%; index tương đối — KHÔNG phải volume tuyệt đối; KHÔNG so sánh liên-seed (mỗi seed chuẩn hóa riêng); KHÔNG quy đổi index thành lượt tìm kiếm,không nêu rõ (Google có thể gộp biến thể truy vấn),university,"'điểm chuẩn' — tuyển sinh (nhãn chỉ mô tả dấu hiệu trong truy vấn, KHÔNG chứng minh người tìm sẽ mua)",ánh xạ file→seed suy từ nội dung file (tên file chỉ ghi timestamp)
M-K316,M-S301,đại học kinh tế,Việt Nam,2024-01-01,2026-10-08,Google Trends related-query interest index (Top),18,,,index 0–100 (chuẩn hóa riêng theo seed),Google Trends related queries (Top) cho seed 'học marketing',index tương đối 0–100 (không phải volume),index nguyên văn trong CSV; biến động: -20%; index tương đối — KHÔNG phải volume tuyệt đối; KHÔNG so sánh liên-seed (mỗi seed chuẩn hóa riêng); KHÔNG quy đổi index thành lượt tìm kiếm,không nêu rõ (Google có thể gộp biến thể truy vấn),university,"chứa 'đại học' (nhãn chỉ mô tả dấu hiệu trong truy vấn, KHÔNG chứng minh người tìm sẽ mua)",ánh xạ file→seed suy từ nội dung file (tên file chỉ ghi timestamp)
M-K317,M-S301,tài chính marketing điểm chuẩn,Việt Nam,2024-01-01,2026-10-08,Google Trends related-query interest index (Top),18,,,index 0–100 (chuẩn hóa riêng theo seed),Google Trends related queries (Top) cho seed 'học marketing',index tương đối 0–100 (không phải volume),index nguyên văn trong CSV; biến động: -30%; index tương đối — KHÔNG phải volume tuyệt đối; KHÔNG so sánh liên-seed (mỗi seed chuẩn hóa riêng); KHÔNG quy đổi index thành lượt tìm kiếm,không nêu rõ (Google có thể gộp biến thể truy vấn),university,"'điểm chuẩn' — tuyển sinh (nhãn chỉ mô tả dấu hiệu trong truy vấn, KHÔNG chứng minh người tìm sẽ mua)",ánh xạ file→seed suy từ nội dung file (tên file chỉ ghi timestamp)
M-K318,M-S301,điểm chuẩn đại học tài chính marketing,Việt Nam,2024-01-01,2026-10-08,Google Trends related-query interest index (Top),17,,,index 0–100 (chuẩn hóa riêng theo seed),Google Trends related queries (Top) cho seed 'học marketing',index tương đối 0–100 (không phải volume),index nguyên văn trong CSV; biến động: -20%; index tương đối — KHÔNG phải volume tuyệt đối; KHÔNG so sánh liên-seed (mỗi seed chuẩn hóa riêng); KHÔNG quy đổi index thành lượt tìm kiếm,không nêu rõ (Google có thể gộp biến thể truy vấn),university,"'điểm chuẩn' — tuyển sinh (nhãn chỉ mô tả dấu hiệu trong truy vấn, KHÔNG chứng minh người tìm sẽ mua)",ánh xạ file→seed suy từ nội dung file (tên file chỉ ghi timestamp)
M-K319,M-S301,đại học tài chính marketing điểm chuẩn,Việt Nam,2024-01-01,2026-10-08,Google Trends related-query interest index (Top),17,,,index 0–100 (chuẩn hóa riêng theo seed),Google Trends related queries (Top) cho seed 'học marketing',index tương đối 0–100 (không phải volume),index nguyên văn trong CSV; biến động: -20%; index tương đối — KHÔNG phải volume tuyệt đối; KHÔNG so sánh liên-seed (mỗi seed chuẩn hóa riêng); KHÔNG quy đổi index thành lượt tìm kiếm,không nêu rõ (Google có thể gộp biến thể truy vấn),university,"'điểm chuẩn' — tuyển sinh (nhãn chỉ mô tả dấu hiệu trong truy vấn, KHÔNG chứng minh người tìm sẽ mua)",ánh xạ file→seed suy từ nội dung file (tên file chỉ ghi timestamp)
M-K320,M-S301,ngành marketing học gì,Việt Nam,2024-01-01,2026-10-08,Google Trends related-query interest index (Top),16,,,index 0–100 (chuẩn hóa riêng theo seed),Google Trends related queries (Top) cho seed 'học marketing',index tương đối 0–100 (không phải volume),index nguyên văn trong CSV; biến động: -3%; index tương đối — KHÔNG phải volume tuyệt đối; KHÔNG so sánh liên-seed (mỗi seed chuẩn hóa riêng); KHÔNG quy đổi index thành lượt tìm kiếm,không nêu rõ (Google có thể gộp biến thể truy vấn),university,"chứa 'ngành' (nhãn chỉ mô tả dấu hiệu trong truy vấn, KHÔNG chứng minh người tìm sẽ mua)",ánh xạ file→seed suy từ nội dung file (tên file chỉ ghi timestamp)
M-K321,M-S301,marketing học trường nào,Việt Nam,2024-01-01,2026-10-08,Google Trends related-query interest index (Top),16,,,index 0–100 (chuẩn hóa riêng theo seed),Google Trends related queries (Top) cho seed 'học marketing',index tương đối 0–100 (không phải volume),index nguyên văn trong CSV; biến động: -20%; index tương đối — KHÔNG phải volume tuyệt đối; KHÔNG so sánh liên-seed (mỗi seed chuẩn hóa riêng); KHÔNG quy đổi index thành lượt tìm kiếm,không nêu rõ (Google có thể gộp biến thể truy vấn),university,"chứa 'trường' (nhãn chỉ mô tả dấu hiệu trong truy vấn, KHÔNG chứng minh người tìm sẽ mua)",ánh xạ file→seed suy từ nội dung file (tên file chỉ ghi timestamp)
M-K322,M-S301,digital marketing,Việt Nam,2024-01-01,2026-10-08,Google Trends related-query interest index (Top),14,,,index 0–100 (chuẩn hóa riêng theo seed),Google Trends related queries (Top) cho seed 'học marketing',index tương đối 0–100 (không phải volume),index nguyên văn trong CSV; biến động: -9%; index tương đối — KHÔNG phải volume tuyệt đối; KHÔNG so sánh liên-seed (mỗi seed chuẩn hóa riêng); KHÔNG quy đổi index thành lượt tìm kiếm,không nêu rõ (Google có thể gộp biến thể truy vấn),unknown,"chủ đề chung, thiếu dấu hiệu (nhãn chỉ mô tả dấu hiệu trong truy vấn, KHÔNG chứng minh người tìm sẽ mua)",ánh xạ file→seed suy từ nội dung file (tên file chỉ ghi timestamp)
M-K323,M-S301,marketing học trường gì,Việt Nam,2024-01-01,2026-10-08,Google Trends related-query interest index (Top),14,,,index 0–100 (chuẩn hóa riêng theo seed),Google Trends related queries (Top) cho seed 'học marketing',index tương đối 0–100 (không phải volume),index nguyên văn trong CSV; biến động: 0%; index tương đối — KHÔNG phải volume tuyệt đối; KHÔNG so sánh liên-seed (mỗi seed chuẩn hóa riêng); KHÔNG quy đổi index thành lượt tìm kiếm,không nêu rõ (Google có thể gộp biến thể truy vấn),university,"chứa 'trường' (nhãn chỉ mô tả dấu hiệu trong truy vấn, KHÔNG chứng minh người tìm sẽ mua)",ánh xạ file→seed suy từ nội dung file (tên file chỉ ghi timestamp)
M-K324,M-S301,học digital marketing,Việt Nam,2024-01-01,2026-10-08,Google Trends related-query interest index (Top),14,,,index 0–100 (chuẩn hóa riêng theo seed),Google Trends related queries (Top) cho seed 'học marketing',index tương đối 0–100 (không phải volume),index nguyên văn trong CSV; biến động: -10%; index tương đối — KHÔNG phải volume tuyệt đối; KHÔNG so sánh liên-seed (mỗi seed chuẩn hóa riêng); KHÔNG quy đổi index thành lượt tìm kiếm,không nêu rõ (Google có thể gộp biến thể truy vấn),unknown,"thiếu từ 'khóa học'/'lớp'/'đào tạo' theo định nghĩa nhãn (nhãn chỉ mô tả dấu hiệu trong truy vấn, KHÔNG chứng minh người tìm sẽ mua)",ánh xạ file→seed suy từ nội dung file (tên file chỉ ghi timestamp)
M-K325,M-S301,trường đại học kinh tế,Việt Nam,2024-01-01,2026-10-08,Google Trends related-query interest index (Top),12,,,index 0–100 (chuẩn hóa riêng theo seed),Google Trends related queries (Top) cho seed 'học marketing',index tương đối 0–100 (không phải volume),index nguyên văn trong CSV; biến động: -30%; index tương đối — KHÔNG phải volume tuyệt đối; KHÔNG so sánh liên-seed (mỗi seed chuẩn hóa riêng); KHÔNG quy đổi index thành lượt tìm kiếm,không nêu rõ (Google có thể gộp biến thể truy vấn),university,"chứa 'trường đại học' (nhãn chỉ mô tả dấu hiệu trong truy vấn, KHÔNG chứng minh người tìm sẽ mua)",ánh xạ file→seed suy từ nội dung file (tên file chỉ ghi timestamp)
M-K326,M-S301,các ngành đại học,Việt Nam,2024-01-01,2026-10-08,Google Trends related-query interest index (Top),12,,,index 0–100 (chuẩn hóa riêng theo seed),Google Trends related queries (Top) cho seed 'học marketing',index tương đối 0–100 (không phải volume),index nguyên văn trong CSV; biến động: -10%; index tương đối — KHÔNG phải volume tuyệt đối; KHÔNG so sánh liên-seed (mỗi seed chuẩn hóa riêng); KHÔNG quy đổi index thành lượt tìm kiếm,không nêu rõ (Google có thể gộp biến thể truy vấn),university,"chứa 'đại học' (nhãn chỉ mô tả dấu hiệu trong truy vấn, KHÔNG chứng minh người tìm sẽ mua)",ánh xạ file→seed suy từ nội dung file (tên file chỉ ghi timestamp)
M-K327,M-S301,đại học kinh tế tài chính,Việt Nam,2024-01-01,2026-10-08,Google Trends related-query interest index (Top),11,,,index 0–100 (chuẩn hóa riêng theo seed),Google Trends related queries (Top) cho seed 'học marketing',index tương đối 0–100 (không phải volume),index nguyên văn trong CSV; biến động: -20%; index tương đối — KHÔNG phải volume tuyệt đối; KHÔNG so sánh liên-seed (mỗi seed chuẩn hóa riêng); KHÔNG quy đổi index thành lượt tìm kiếm,không nêu rõ (Google có thể gộp biến thể truy vấn),university,"chứa 'đại học' (nhãn chỉ mô tả dấu hiệu trong truy vấn, KHÔNG chứng minh người tìm sẽ mua)",ánh xạ file→seed suy từ nội dung file (tên file chỉ ghi timestamp)
M-K328,M-S301,khóa học marketing,Việt Nam,2024-01-01,2026-10-08,Google Trends related-query interest index (Top),10,,,index 0–100 (chuẩn hóa riêng theo seed),Google Trends related queries (Top) cho seed 'học marketing',index tương đối 0–100 (không phải volume),index nguyên văn trong CSV; biến động: 20%; index tương đối — KHÔNG phải volume tuyệt đối; KHÔNG so sánh liên-seed (mỗi seed chuẩn hóa riêng); KHÔNG quy đổi index thành lượt tìm kiếm,không nêu rõ (Google có thể gộp biến thể truy vấn),course_explicit,"chứa 'khóa học' (nhãn chỉ mô tả dấu hiệu trong truy vấn, KHÔNG chứng minh người tìm sẽ mua)",ánh xạ file→seed suy từ nội dung file (tên file chỉ ghi timestamp)
M-K329,M-S301,đại học hà nội,Việt Nam,2024-01-01,2026-10-08,Google Trends related-query interest index (Top),10,,,index 0–100 (chuẩn hóa riêng theo seed),Google Trends related queries (Top) cho seed 'học marketing',index tương đối 0–100 (không phải volume),index nguyên văn trong CSV; biến động: -20%; index tương đối — KHÔNG phải volume tuyệt đối; KHÔNG so sánh liên-seed (mỗi seed chuẩn hóa riêng); KHÔNG quy đổi index thành lượt tìm kiếm,không nêu rõ (Google có thể gộp biến thể truy vấn),university,"chứa 'đại học' (nhãn chỉ mô tả dấu hiệu trong truy vấn, KHÔNG chứng minh người tìm sẽ mua)",ánh xạ file→seed suy từ nội dung file (tên file chỉ ghi timestamp)
M-K330,M-S301,đại học kinh tế tài chính marketing,Việt Nam,2024-01-01,2026-10-08,Google Trends related-query interest index (Top),10,,,index 0–100 (chuẩn hóa riêng theo seed),Google Trends related queries (Top) cho seed 'học marketing',index tương đối 0–100 (không phải volume),index nguyên văn trong CSV; biến động: -30%; index tương đối — KHÔNG phải volume tuyệt đối; KHÔNG so sánh liên-seed (mỗi seed chuẩn hóa riêng); KHÔNG quy đổi index thành lượt tìm kiếm,không nêu rõ (Google có thể gộp biến thể truy vấn),university,"chứa 'đại học' (nhãn chỉ mô tả dấu hiệu trong truy vấn, KHÔNG chứng minh người tìm sẽ mua)",ánh xạ file→seed suy từ nội dung file (tên file chỉ ghi timestamp)
M-K331,M-S301,trường đại học tài chính marketing điểm chuẩn,Việt Nam,2024-01-01,2026-10-08,Google Trends related-query interest index (Top),10,,,index 0–100 (chuẩn hóa riêng theo seed),Google Trends related queries (Top) cho seed 'học marketing',index tương đối 0–100 (không phải volume),index nguyên văn trong CSV; biến động: -20%; index tương đối — KHÔNG phải volume tuyệt đối; KHÔNG so sánh liên-seed (mỗi seed chuẩn hóa riêng); KHÔNG quy đổi index thành lượt tìm kiếm,không nêu rõ (Google có thể gộp biến thể truy vấn),university,"chứa 'trường đại học' + 'điểm chuẩn' (nhãn chỉ mô tả dấu hiệu trong truy vấn, KHÔNG chứng minh người tìm sẽ mua)",ánh xạ file→seed suy từ nội dung file (tên file chỉ ghi timestamp)
M-K332,M-S301,quản trị marketing,Việt Nam,2024-01-01,2026-10-08,Google Trends related-query interest index (Top),10,,,index 0–100 (chuẩn hóa riêng theo seed),Google Trends related queries (Top) cho seed 'học marketing',index tương đối 0–100 (không phải volume),index nguyên văn trong CSV; biến động: -10%; index tương đối — KHÔNG phải volume tuyệt đối; KHÔNG so sánh liên-seed (mỗi seed chuẩn hóa riêng); KHÔNG quy đổi index thành lượt tìm kiếm,không nêu rõ (Google có thể gộp biến thể truy vấn),unknown,"có thể là tên ngành hoặc khái niệm; thiếu dấu hiệu rõ ràng (nhãn chỉ mô tả dấu hiệu trong truy vấn, KHÔNG chứng minh người tìm sẽ mua)",ánh xạ file→seed suy từ nội dung file (tên file chỉ ghi timestamp)
M-K333,M-S301,điểm chuẩn trường đại học tài chính marketing,Việt Nam,2024-01-01,2026-10-08,Google Trends related-query interest index (Top),10,,,index 0–100 (chuẩn hóa riêng theo seed),Google Trends related queries (Top) cho seed 'học marketing',index tương đối 0–100 (không phải volume),index nguyên văn trong CSV; biến động: -20%; index tương đối — KHÔNG phải volume tuyệt đối; KHÔNG so sánh liên-seed (mỗi seed chuẩn hóa riêng); KHÔNG quy đổi index thành lượt tìm kiếm,không nêu rõ (Google có thể gộp biến thể truy vấn),university,"'điểm chuẩn' + 'trường đại học' (nhãn chỉ mô tả dấu hiệu trong truy vấn, KHÔNG chứng minh người tìm sẽ mua)",ánh xạ file→seed suy từ nội dung file (tên file chỉ ghi timestamp)
M-K334,M-S301,ngành marketing học trường nào,Việt Nam,2024-01-01,2026-10-08,Google Trends related-query interest index (Top),9,,,index 0–100 (chuẩn hóa riêng theo seed),Google Trends related queries (Top) cho seed 'học marketing',index tương đối 0–100 (không phải volume),index nguyên văn trong CSV; biến động: -20%; index tương đối — KHÔNG phải volume tuyệt đối; KHÔNG so sánh liên-seed (mỗi seed chuẩn hóa riêng); KHÔNG quy đổi index thành lượt tìm kiếm,không nêu rõ (Google có thể gộp biến thể truy vấn),university,"chứa 'ngành' + 'trường' (nhãn chỉ mô tả dấu hiệu trong truy vấn, KHÔNG chứng minh người tìm sẽ mua)",ánh xạ file→seed suy từ nội dung file (tên file chỉ ghi timestamp)
M-K335,M-S301,ngành marketing là gì,Việt Nam,2024-01-01,2026-10-08,Google Trends related-query interest index (Top),9,,,index 0–100 (chuẩn hóa riêng theo seed),Google Trends related queries (Top) cho seed 'học marketing',index tương đối 0–100 (không phải volume),index nguyên văn trong CSV; biến động: -9%; index tương đối — KHÔNG phải volume tuyệt đối; KHÔNG so sánh liên-seed (mỗi seed chuẩn hóa riêng); KHÔNG quy đổi index thành lượt tìm kiếm,không nêu rõ (Google có thể gộp biến thể truy vấn),unknown,"định nghĩa ngành học (nhãn chỉ mô tả dấu hiệu trong truy vấn, KHÔNG chứng minh người tìm sẽ mua)",ánh xạ file→seed suy từ nội dung file (tên file chỉ ghi timestamp)
M-K336,M-S301,marketing là ngành gì,Việt Nam,2024-01-01,2026-10-08,Google Trends related-query interest index (Top),9,,,index 0–100 (chuẩn hóa riêng theo seed),Google Trends related queries (Top) cho seed 'học marketing',index tương đối 0–100 (không phải volume),index nguyên văn trong CSV; biến động: -10%; index tương đối — KHÔNG phải volume tuyệt đối; KHÔNG so sánh liên-seed (mỗi seed chuẩn hóa riêng); KHÔNG quy đổi index thành lượt tìm kiếm,không nêu rõ (Google có thể gộp biến thể truy vấn),unknown,"định nghĩa ngành học (nhãn chỉ mô tả dấu hiệu trong truy vấn, KHÔNG chứng minh người tìm sẽ mua)",ánh xạ file→seed suy từ nội dung file (tên file chỉ ghi timestamp)
M-K337,M-S301,đại học quốc tế,Việt Nam,2024-01-01,2026-10-08,Google Trends related-query interest index (Top),9,,,index 0–100 (chuẩn hóa riêng theo seed),Google Trends related queries (Top) cho seed 'học marketing',index tương đối 0–100 (không phải volume),index nguyên văn trong CSV; biến động: -10%; index tương đối — KHÔNG phải volume tuyệt đối; KHÔNG so sánh liên-seed (mỗi seed chuẩn hóa riêng); KHÔNG quy đổi index thành lượt tìm kiếm,không nêu rõ (Google có thể gộp biến thể truy vấn),university,"chứa 'đại học' (nhãn chỉ mô tả dấu hiệu trong truy vấn, KHÔNG chứng minh người tìm sẽ mua)",ánh xạ file→seed suy từ nội dung file (tên file chỉ ghi timestamp)
M-K338,M-S301,đại học tài chính marketing tphcm,Việt Nam,2024-01-01,2026-10-08,Google Trends related-query interest index (Top),8,,,index 0–100 (chuẩn hóa riêng theo seed),Google Trends related queries (Top) cho seed 'học marketing',index tương đối 0–100 (không phải volume),index nguyên văn trong CSV; biến động: -20%; index tương đối — KHÔNG phải volume tuyệt đối; KHÔNG so sánh liên-seed (mỗi seed chuẩn hóa riêng); KHÔNG quy đổi index thành lượt tìm kiếm,không nêu rõ (Google có thể gộp biến thể truy vấn),university,"chứa 'đại học' (nhãn chỉ mô tả dấu hiệu trong truy vấn, KHÔNG chứng minh người tìm sẽ mua)",ánh xạ file→seed suy từ nội dung file (tên file chỉ ghi timestamp)
M-K339,M-S301,truyền thông marketing,Việt Nam,2024-01-01,2026-10-08,Google Trends related-query interest index (Top),8,,,index 0–100 (chuẩn hóa riêng theo seed),Google Trends related queries (Top) cho seed 'học marketing',index tương đối 0–100 (không phải volume),index nguyên văn trong CSV; biến động: 20%; index tương đối — KHÔNG phải volume tuyệt đối; KHÔNG so sánh liên-seed (mỗi seed chuẩn hóa riêng); KHÔNG quy đổi index thành lượt tìm kiếm,không nêu rõ (Google có thể gộp biến thể truy vấn),unknown,"chủ đề/khái niệm (nhãn chỉ mô tả dấu hiệu trong truy vấn, KHÔNG chứng minh người tìm sẽ mua)",ánh xạ file→seed suy từ nội dung file (tên file chỉ ghi timestamp)
M-K340,M-S301,đại học mở,Việt Nam,2024-01-01,2026-10-08,Google Trends related-query interest index (Top),7,,,index 0–100 (chuẩn hóa riêng theo seed),Google Trends related queries (Top) cho seed 'học marketing',index tương đối 0–100 (không phải volume),index nguyên văn trong CSV; biến động: -20%; index tương đối — KHÔNG phải volume tuyệt đối; KHÔNG so sánh liên-seed (mỗi seed chuẩn hóa riêng); KHÔNG quy đổi index thành lượt tìm kiếm,không nêu rõ (Google có thể gộp biến thể truy vấn),university,"chứa 'đại học' (nhãn chỉ mô tả dấu hiệu trong truy vấn, KHÔNG chứng minh người tìm sẽ mua)",ánh xạ file→seed suy từ nội dung file (tên file chỉ ghi timestamp)
M-K341,M-S301,đại học ngân hàng,Việt Nam,2024-01-01,2026-10-08,Google Trends related-query interest index (Top),6,,,index 0–100 (chuẩn hóa riêng theo seed),Google Trends related queries (Top) cho seed 'học marketing',index tương đối 0–100 (không phải volume),index nguyên văn trong CSV; biến động: -30%; index tương đối — KHÔNG phải volume tuyệt đối; KHÔNG so sánh liên-seed (mỗi seed chuẩn hóa riêng); KHÔNG quy đổi index thành lượt tìm kiếm,không nêu rõ (Google có thể gộp biến thể truy vấn),university,"chứa 'đại học' (nhãn chỉ mô tả dấu hiệu trong truy vấn, KHÔNG chứng minh người tìm sẽ mua)",ánh xạ file→seed suy từ nội dung file (tên file chỉ ghi timestamp)
M-K342,M-S301,trường đại học kinh tế tài chính,Việt Nam,2024-01-01,2026-10-08,Google Trends related-query interest index (Top),6,,,index 0–100 (chuẩn hóa riêng theo seed),Google Trends related queries (Top) cho seed 'học marketing',index tương đối 0–100 (không phải volume),index nguyên văn trong CSV; biến động: -40%; index tương đối — KHÔNG phải volume tuyệt đối; KHÔNG so sánh liên-seed (mỗi seed chuẩn hóa riêng); KHÔNG quy đổi index thành lượt tìm kiếm,không nêu rõ (Google có thể gộp biến thể truy vấn),university,"chứa 'trường đại học' (nhãn chỉ mô tả dấu hiệu trong truy vấn, KHÔNG chứng minh người tìm sẽ mua)",ánh xạ file→seed suy từ nội dung file (tên file chỉ ghi timestamp)
M-K343,M-S301,đại học công nghiệp,Việt Nam,2024-01-01,2026-10-08,Google Trends related-query interest index (Top),6,,,index 0–100 (chuẩn hóa riêng theo seed),Google Trends related queries (Top) cho seed 'học marketing',index tương đối 0–100 (không phải volume),index nguyên văn trong CSV; biến động: -30%; index tương đối — KHÔNG phải volume tuyệt đối; KHÔNG so sánh liên-seed (mỗi seed chuẩn hóa riêng); KHÔNG quy đổi index thành lượt tìm kiếm,không nêu rõ (Google có thể gộp biến thể truy vấn),university,"chứa 'đại học' (nhãn chỉ mô tả dấu hiệu trong truy vấn, KHÔNG chứng minh người tìm sẽ mua)",ánh xạ file→seed suy từ nội dung file (tên file chỉ ghi timestamp)
M-K344,M-S301,ufm,Việt Nam,2024-01-01,2026-10-08,Google Trends related-query interest index (Top),6,,,index 0–100 (chuẩn hóa riêng theo seed),Google Trends related queries (Top) cho seed 'học marketing',index tương đối 0–100 (không phải volume),index nguyên văn trong CSV; biến động: 30%; index tương đối — KHÔNG phải volume tuyệt đối; KHÔNG so sánh liên-seed (mỗi seed chuẩn hóa riêng); KHÔNG quy đổi index thành lượt tìm kiếm,không nêu rõ (Google có thể gộp biến thể truy vấn),university,"viết tắt tên Trường ĐH Tài chính – Marketing (nhãn chỉ mô tả dấu hiệu trong truy vấn, KHÔNG chứng minh người tìm sẽ mua)",ánh xạ file→seed suy từ nội dung file (tên file chỉ ghi timestamp)
M-K345,M-S301,marketing học khối nào,Việt Nam,2024-01-01,2026-10-08,Google Trends related-query interest index (Top),6,,,index 0–100 (chuẩn hóa riêng theo seed),Google Trends related queries (Top) cho seed 'học marketing',index tương đối 0–100 (không phải volume),index nguyên văn trong CSV; biến động: -20%; index tương đối — KHÔNG phải volume tuyệt đối; KHÔNG so sánh liên-seed (mỗi seed chuẩn hóa riêng); KHÔNG quy đổi index thành lượt tìm kiếm,không nêu rõ (Google có thể gộp biến thể truy vấn),university,"'khối' — khối thi tuyển sinh (nhãn chỉ mô tả dấu hiệu trong truy vấn, KHÔNG chứng minh người tìm sẽ mua)",ánh xạ file→seed suy từ nội dung file (tên file chỉ ghi timestamp)
M-K346,M-S301,tài chính ngân hàng,Việt Nam,2024-01-01,2026-10-08,Google Trends related-query interest index (Top),6,,,index 0–100 (chuẩn hóa riêng theo seed),Google Trends related queries (Top) cho seed 'học marketing',index tương đối 0–100 (không phải volume),index nguyên văn trong CSV; biến động: -30%; index tương đối — KHÔNG phải volume tuyệt đối; KHÔNG so sánh liên-seed (mỗi seed chuẩn hóa riêng); KHÔNG quy đổi index thành lượt tìm kiếm,không nêu rõ (Google có thể gộp biến thể truy vấn),university,"tên ngành/trường; gắn với tuyển sinh (nhãn chỉ mô tả dấu hiệu trong truy vấn, KHÔNG chứng minh người tìm sẽ mua)",ánh xạ file→seed suy từ nội dung file (tên file chỉ ghi timestamp)
M-K347,M-S301,ueh,Việt Nam,2024-01-01,2026-10-08,Google Trends related-query interest index (Top),6,,,index 0–100 (chuẩn hóa riêng theo seed),Google Trends related queries (Top) cho seed 'học marketing',index tương đối 0–100 (không phải volume),index nguyên văn trong CSV; biến động: 6%; index tương đối — KHÔNG phải volume tuyệt đối; KHÔNG so sánh liên-seed (mỗi seed chuẩn hóa riêng); KHÔNG quy đổi index thành lượt tìm kiếm,không nêu rõ (Google có thể gộp biến thể truy vấn),university,"viết tắt tên trường ĐH (UEH) (nhãn chỉ mô tả dấu hiệu trong truy vấn, KHÔNG chứng minh người tìm sẽ mua)",ánh xạ file→seed suy từ nội dung file (tên file chỉ ghi timestamp)
M-K348,M-S301,đại học tài chính marketing xét học bạ,Việt Nam,2024-01-01,2026-10-08,Google Trends related-query interest index (Top),5,,,index 0–100 (chuẩn hóa riêng theo seed),Google Trends related queries (Top) cho seed 'học marketing',index tương đối 0–100 (không phải volume),index nguyên văn trong CSV; biến động: -40%; index tương đối — KHÔNG phải volume tuyệt đối; KHÔNG so sánh liên-seed (mỗi seed chuẩn hóa riêng); KHÔNG quy đổi index thành lượt tìm kiếm,không nêu rõ (Google có thể gộp biến thể truy vấn),university,"'xét học bạ' — tuyển sinh (nhãn chỉ mô tả dấu hiệu trong truy vấn, KHÔNG chứng minh người tìm sẽ mua)",ánh xạ file→seed suy từ nội dung file (tên file chỉ ghi timestamp)
M-K349,M-S301,học phí đại học tài chính marketing,Việt Nam,2024-01-01,2026-10-08,Google Trends related-query interest index (Top),5,,,index 0–100 (chuẩn hóa riêng theo seed),Google Trends related queries (Top) cho seed 'học marketing',index tương đối 0–100 (không phải volume),index nguyên văn trong CSV; biến động: -40%; index tương đối — KHÔNG phải volume tuyệt đối; KHÔNG so sánh liên-seed (mỗi seed chuẩn hóa riêng); KHÔNG quy đổi index thành lượt tìm kiếm,không nêu rõ (Google có thể gộp biến thể truy vấn),university,"'học phí' + 'đại học' (nhãn chỉ mô tả dấu hiệu trong truy vấn, KHÔNG chứng minh người tìm sẽ mua)",ánh xạ file→seed suy từ nội dung file (tên file chỉ ghi timestamp)
M-K350,M-S301,đại học tài chính marketing học phí,Việt Nam,2024-01-01,2026-10-08,Google Trends related-query interest index (Top),5,,,index 0–100 (chuẩn hóa riêng theo seed),Google Trends related queries (Top) cho seed 'học marketing',index tương đối 0–100 (không phải volume),index nguyên văn trong CSV; biến động: -40%; index tương đối — KHÔNG phải volume tuyệt đối; KHÔNG so sánh liên-seed (mỗi seed chuẩn hóa riêng); KHÔNG quy đổi index thành lượt tìm kiếm,không nêu rõ (Google có thể gộp biến thể truy vấn),university,"'học phí' + 'đại học' (nhãn chỉ mô tả dấu hiệu trong truy vấn, KHÔNG chứng minh người tìm sẽ mua)",ánh xạ file→seed suy từ nội dung file (tên file chỉ ghi timestamp)
M-K351,M-S301,đại học công thương,Việt Nam,2024-01-01,2026-10-08,Google Trends related-query interest index (Top),5,,,index 0–100 (chuẩn hóa riêng theo seed),Google Trends related queries (Top) cho seed 'học marketing',index tương đối 0–100 (không phải volume),index nguyên văn trong CSV; biến động: 80%; index tương đối — KHÔNG phải volume tuyệt đối; KHÔNG so sánh liên-seed (mỗi seed chuẩn hóa riêng); KHÔNG quy đổi index thành lượt tìm kiếm,không nêu rõ (Google có thể gộp biến thể truy vấn),university,"chứa 'đại học' (nhãn chỉ mô tả dấu hiệu trong truy vấn, KHÔNG chứng minh người tìm sẽ mua)",ánh xạ file→seed suy từ nội dung file (tên file chỉ ghi timestamp)
M-K352,M-S301,đại học tài chính ngân hàng,Việt Nam,2024-01-01,2026-10-08,Google Trends related-query interest index (Top),5,,,index 0–100 (chuẩn hóa riêng theo seed),Google Trends related queries (Top) cho seed 'học marketing',index tương đối 0–100 (không phải volume),index nguyên văn trong CSV; biến động: -30%; index tương đối — KHÔNG phải volume tuyệt đối; KHÔNG so sánh liên-seed (mỗi seed chuẩn hóa riêng); KHÔNG quy đổi index thành lượt tìm kiếm,không nêu rõ (Google có thể gộp biến thể truy vấn),university,"chứa 'đại học' (nhãn chỉ mô tả dấu hiệu trong truy vấn, KHÔNG chứng minh người tìm sẽ mua)",ánh xạ file→seed suy từ nội dung file (tên file chỉ ghi timestamp)
M-K353,M-S301,điểm chuẩn đại học tài chính marketing 2025,Việt Nam,2024-01-01,2026-10-08,Google Trends related-query interest index (Rising),4,,,index 0–100 (chuẩn hóa riêng theo seed),Google Trends related queries (Rising) cho seed 'học marketing',index tương đối 0–100 (không phải volume),index nguyên văn trong CSV; biến động: Breakout; index tương đối — KHÔNG phải volume tuyệt đối; KHÔNG so sánh liên-seed (mỗi seed chuẩn hóa riêng); KHÔNG quy đổi index thành lượt tìm kiếm,không nêu rõ (Google có thể gộp biến thể truy vấn),university,"'điểm chuẩn' — tuyển sinh (nhãn chỉ mô tả dấu hiệu trong truy vấn, KHÔNG chứng minh người tìm sẽ mua)",ánh xạ file→seed suy từ nội dung file (tên file chỉ ghi timestamp)
M-K354,M-S301,đại học tài chính marketing điểm chuẩn 2024,Việt Nam,2024-01-01,2026-10-08,Google Trends related-query interest index (Rising),5,,,index 0–100 (chuẩn hóa riêng theo seed),Google Trends related queries (Rising) cho seed 'học marketing',index tương đối 0–100 (không phải volume),index nguyên văn trong CSV; biến động: Breakout; index tương đối — KHÔNG phải volume tuyệt đối; KHÔNG so sánh liên-seed (mỗi seed chuẩn hóa riêng); KHÔNG quy đổi index thành lượt tìm kiếm,không nêu rõ (Google có thể gộp biến thể truy vấn),university,"'điểm chuẩn' — tuyển sinh (nhãn chỉ mô tả dấu hiệu trong truy vấn, KHÔNG chứng minh người tìm sẽ mua)",ánh xạ file→seed suy từ nội dung file (tên file chỉ ghi timestamp)
M-K355,M-S301,khóa học marketing online ladigi,Việt Nam,2024-01-01,2026-10-08,Google Trends related-query interest index (Rising),0,,,index 0–100 (chuẩn hóa riêng theo seed),Google Trends related queries (Rising) cho seed 'học marketing',index tương đối 0–100 (không phải volume),index nguyên văn trong CSV; biến động: Breakout; index tương đối — KHÔNG phải volume tuyệt đối; KHÔNG so sánh liên-seed (mỗi seed chuẩn hóa riêng); KHÔNG quy đổi index thành lượt tìm kiếm,không nêu rõ (Google có thể gộp biến thể truy vấn),course_explicit,"chứa 'khóa học' (+ tên thương hiệu Ladigi) (nhãn chỉ mô tả dấu hiệu trong truy vấn, KHÔNG chứng minh người tìm sẽ mua)",ánh xạ file→seed suy từ nội dung file (tên file chỉ ghi timestamp)
M-K356,M-S301,điểm chuẩn đại học tài chính marketing 2024,Việt Nam,2024-01-01,2026-10-08,Google Trends related-query interest index (Rising),4,,,index 0–100 (chuẩn hóa riêng theo seed),Google Trends related queries (Rising) cho seed 'học marketing',index tương đối 0–100 (không phải volume),index nguyên văn trong CSV; biến động: Breakout; index tương đối — KHÔNG phải volume tuyệt đối; KHÔNG so sánh liên-seed (mỗi seed chuẩn hóa riêng); KHÔNG quy đổi index thành lượt tìm kiếm,không nêu rõ (Google có thể gộp biến thể truy vấn),university,"'điểm chuẩn' — tuyển sinh (nhãn chỉ mô tả dấu hiệu trong truy vấn, KHÔNG chứng minh người tìm sẽ mua)",ánh xạ file→seed suy từ nội dung file (tên file chỉ ghi timestamp)
M-K357,M-S301,trường đại học tài chính marketing cơ sở nguyễn kiệm,Việt Nam,2024-01-01,2026-10-08,Google Trends related-query interest index (Rising),0,,,index 0–100 (chuẩn hóa riêng theo seed),Google Trends related queries (Rising) cho seed 'học marketing',index tương đối 0–100 (không phải volume),index nguyên văn trong CSV; biến động: 2.200%; index tương đối — KHÔNG phải volume tuyệt đối; KHÔNG so sánh liên-seed (mỗi seed chuẩn hóa riêng); KHÔNG quy đổi index thành lượt tìm kiếm,không nêu rõ (Google có thể gộp biến thể truy vấn),university,"chứa 'trường đại học' (nhãn chỉ mô tả dấu hiệu trong truy vấn, KHÔNG chứng minh người tìm sẽ mua)",ánh xạ file→seed suy từ nội dung file (tên file chỉ ghi timestamp)
M-K358,M-S301,huit,Việt Nam,2024-01-01,2026-10-08,Google Trends related-query interest index (Rising),1,,,index 0–100 (chuẩn hóa riêng theo seed),Google Trends related queries (Rising) cho seed 'học marketing',index tương đối 0–100 (không phải volume),index nguyên văn trong CSV; biến động: 1.800%; index tương đối — KHÔNG phải volume tuyệt đối; KHÔNG so sánh liên-seed (mỗi seed chuẩn hóa riêng); KHÔNG quy đổi index thành lượt tìm kiếm,không nêu rõ (Google có thể gộp biến thể truy vấn),university,"viết tắt tên trường ĐH (nhãn chỉ mô tả dấu hiệu trong truy vấn, KHÔNG chứng minh người tìm sẽ mua)",ánh xạ file→seed suy từ nội dung file (tên file chỉ ghi timestamp)
M-K359,M-S301,uth,Việt Nam,2024-01-01,2026-10-08,Google Trends related-query interest index (Rising),1,,,index 0–100 (chuẩn hóa riêng theo seed),Google Trends related queries (Rising) cho seed 'học marketing',index tương đối 0–100 (không phải volume),index nguyên văn trong CSV; biến động: 350%; index tương đối — KHÔNG phải volume tuyệt đối; KHÔNG so sánh liên-seed (mỗi seed chuẩn hóa riêng); KHÔNG quy đổi index thành lượt tìm kiếm,không nêu rõ (Google có thể gộp biến thể truy vấn),university,"viết tắt tên trường ĐH (nhãn chỉ mô tả dấu hiệu trong truy vấn, KHÔNG chứng minh người tìm sẽ mua)",ánh xạ file→seed suy từ nội dung file (tên file chỉ ghi timestamp)
M-K360,M-S301,hub,Việt Nam,2024-01-01,2026-10-08,Google Trends related-query interest index (Rising),2,,,index 0–100 (chuẩn hóa riêng theo seed),Google Trends related queries (Rising) cho seed 'học marketing',index tương đối 0–100 (không phải volume),index nguyên văn trong CSV; biến động: 300%; index tương đối — KHÔNG phải volume tuyệt đối; KHÔNG so sánh liên-seed (mỗi seed chuẩn hóa riêng); KHÔNG quy đổi index thành lượt tìm kiếm,không nêu rõ (Google có thể gộp biến thể truy vấn),university,"viết tắt tên trường ĐH (nhãn chỉ mô tả dấu hiệu trong truy vấn, KHÔNG chứng minh người tìm sẽ mua)",ánh xạ file→seed suy từ nội dung file (tên file chỉ ghi timestamp)
M-K361,M-S301,thạc sĩ marketing,Việt Nam,2024-01-01,2026-10-08,Google Trends related-query interest index (Rising),3,,,index 0–100 (chuẩn hóa riêng theo seed),Google Trends related queries (Rising) cho seed 'học marketing',index tương đối 0–100 (không phải volume),index nguyên văn trong CSV; biến động: 160%; index tương đối — KHÔNG phải volume tuyệt đối; KHÔNG so sánh liên-seed (mỗi seed chuẩn hóa riêng); KHÔNG quy đổi index thành lượt tìm kiếm,không nêu rõ (Google có thể gộp biến thể truy vấn),university,"'thạc sĩ' — bậc đào tạo sau đại học (nhãn chỉ mô tả dấu hiệu trong truy vấn, KHÔNG chứng minh người tìm sẽ mua)",ánh xạ file→seed suy từ nội dung file (tên file chỉ ghi timestamp)
M-K362,M-S301,ussh,Việt Nam,2024-01-01,2026-10-08,Google Trends related-query interest index (Rising),1,,,index 0–100 (chuẩn hóa riêng theo seed),Google Trends related queries (Rising) cho seed 'học marketing',index tương đối 0–100 (không phải volume),index nguyên văn trong CSV; biến động: 160%; index tương đối — KHÔNG phải volume tuyệt đối; KHÔNG so sánh liên-seed (mỗi seed chuẩn hóa riêng); KHÔNG quy đổi index thành lượt tìm kiếm,không nêu rõ (Google có thể gộp biến thể truy vấn),university,"viết tắt tên trường ĐH (nhãn chỉ mô tả dấu hiệu trong truy vấn, KHÔNG chứng minh người tìm sẽ mua)",ánh xạ file→seed suy từ nội dung file (tên file chỉ ghi timestamp)
M-K363,M-S301,neu,Việt Nam,2024-01-01,2026-10-08,Google Trends related-query interest index (Rising),4,,,index 0–100 (chuẩn hóa riêng theo seed),Google Trends related queries (Rising) cho seed 'học marketing',index tương đối 0–100 (không phải volume),index nguyên văn trong CSV; biến động: 100%; index tương đối — KHÔNG phải volume tuyệt đối; KHÔNG so sánh liên-seed (mỗi seed chuẩn hóa riêng); KHÔNG quy đổi index thành lượt tìm kiếm,không nêu rõ (Google có thể gộp biến thể truy vấn),university,"viết tắt tên trường ĐH (nhãn chỉ mô tả dấu hiệu trong truy vấn, KHÔNG chứng minh người tìm sẽ mua)",ánh xạ file→seed suy từ nội dung file (tên file chỉ ghi timestamp)
M-K364,M-S301,ftu,Việt Nam,2024-01-01,2026-10-08,Google Trends related-query interest index (Rising),1,,,index 0–100 (chuẩn hóa riêng theo seed),Google Trends related queries (Rising) cho seed 'học marketing',index tương đối 0–100 (không phải volume),index nguyên văn trong CSV; biến động: 90%; index tương đối — KHÔNG phải volume tuyệt đối; KHÔNG so sánh liên-seed (mỗi seed chuẩn hóa riêng); KHÔNG quy đổi index thành lượt tìm kiếm,không nêu rõ (Google có thể gộp biến thể truy vấn),university,"viết tắt tên trường ĐH (nhãn chỉ mô tả dấu hiệu trong truy vấn, KHÔNG chứng minh người tìm sẽ mua)",ánh xạ file→seed suy từ nội dung file (tên file chỉ ghi timestamp)
M-K365,M-S301,học viện hàng không,Việt Nam,2024-01-01,2026-10-08,Google Trends related-query interest index (Rising),1,,,index 0–100 (chuẩn hóa riêng theo seed),Google Trends related queries (Rising) cho seed 'học marketing',index tương đối 0–100 (không phải volume),index nguyên văn trong CSV; biến động: 80%; index tương đối — KHÔNG phải volume tuyệt đối; KHÔNG so sánh liên-seed (mỗi seed chuẩn hóa riêng); KHÔNG quy đổi index thành lượt tìm kiếm,không nêu rõ (Google có thể gộp biến thể truy vấn),university,"'học viện' — cơ sở đào tạo (nhãn chỉ mô tả dấu hiệu trong truy vấn, KHÔNG chứng minh người tìm sẽ mua)",ánh xạ file→seed suy từ nội dung file (tên file chỉ ghi timestamp)
M-K366,M-S301,đại học công thương,Việt Nam,2024-01-01,2026-10-08,Google Trends related-query interest index (Rising),5,,,index 0–100 (chuẩn hóa riêng theo seed),Google Trends related queries (Rising) cho seed 'học marketing',index tương đối 0–100 (không phải volume),index nguyên văn trong CSV; biến động: 80%; index tương đối — KHÔNG phải volume tuyệt đối; KHÔNG so sánh liên-seed (mỗi seed chuẩn hóa riêng); KHÔNG quy đổi index thành lượt tìm kiếm,không nêu rõ (Google có thể gộp biến thể truy vấn),university,"chứa 'đại học' (nhãn chỉ mô tả dấu hiệu trong truy vấn, KHÔNG chứng minh người tìm sẽ mua)",ánh xạ file→seed suy từ nội dung file (tên file chỉ ghi timestamp)
M-K367,M-S301,đại học tài chính marketing điểm chuẩn 2023,Việt Nam,2024-01-01,2026-10-08,Google Trends related-query interest index (Rising),3,,,index 0–100 (chuẩn hóa riêng theo seed),Google Trends related queries (Rising) cho seed 'học marketing',index tương đối 0–100 (không phải volume),index nguyên văn trong CSV; biến động: 70%; index tương đối — KHÔNG phải volume tuyệt đối; KHÔNG so sánh liên-seed (mỗi seed chuẩn hóa riêng); KHÔNG quy đổi index thành lượt tìm kiếm,không nêu rõ (Google có thể gộp biến thể truy vấn),university,"'điểm chuẩn' — tuyển sinh (nhãn chỉ mô tả dấu hiệu trong truy vấn, KHÔNG chứng minh người tìm sẽ mua)",ánh xạ file→seed suy từ nội dung file (tên file chỉ ghi timestamp)
M-K368,M-S301,điểm chuẩn đại học tài chính marketing 2023,Việt Nam,2024-01-01,2026-10-08,Google Trends related-query interest index (Rising),3,,,index 0–100 (chuẩn hóa riêng theo seed),Google Trends related queries (Rising) cho seed 'học marketing',index tương đối 0–100 (không phải volume),index nguyên văn trong CSV; biến động: 70%; index tương đối — KHÔNG phải volume tuyệt đối; KHÔNG so sánh liên-seed (mỗi seed chuẩn hóa riêng); KHÔNG quy đổi index thành lượt tìm kiếm,không nêu rõ (Google có thể gộp biến thể truy vấn),university,"'điểm chuẩn' — tuyển sinh (nhãn chỉ mô tả dấu hiệu trong truy vấn, KHÔNG chứng minh người tìm sẽ mua)",ánh xạ file→seed suy từ nội dung file (tên file chỉ ghi timestamp)
M-K369,M-S301,uel,Việt Nam,2024-01-01,2026-10-08,Google Trends related-query interest index (Rising),2,,,index 0–100 (chuẩn hóa riêng theo seed),Google Trends related queries (Rising) cho seed 'học marketing',index tương đối 0–100 (không phải volume),index nguyên văn trong CSV; biến động: 60%; index tương đối — KHÔNG phải volume tuyệt đối; KHÔNG so sánh liên-seed (mỗi seed chuẩn hóa riêng); KHÔNG quy đổi index thành lượt tìm kiếm,không nêu rõ (Google có thể gộp biến thể truy vấn),university,"viết tắt tên trường ĐH (nhãn chỉ mô tả dấu hiệu trong truy vấn, KHÔNG chứng minh người tìm sẽ mua)",ánh xạ file→seed suy từ nội dung file (tên file chỉ ghi timestamp)
M-K370,M-S301,đại học gia định,Việt Nam,2024-01-01,2026-10-08,Google Trends related-query interest index (Rising),1,,,index 0–100 (chuẩn hóa riêng theo seed),Google Trends related queries (Rising) cho seed 'học marketing',index tương đối 0–100 (không phải volume),index nguyên văn trong CSV; biến động: 50%; index tương đối — KHÔNG phải volume tuyệt đối; KHÔNG so sánh liên-seed (mỗi seed chuẩn hóa riêng); KHÔNG quy đổi index thành lượt tìm kiếm,không nêu rõ (Google có thể gộp biến thể truy vấn),university,"chứa 'đại học' (nhãn chỉ mô tả dấu hiệu trong truy vấn, KHÔNG chứng minh người tìm sẽ mua)",ánh xạ file→seed suy từ nội dung file (tên file chỉ ghi timestamp)
M-K371,M-S301,đại học tài chính – marketing,Việt Nam,2024-01-01,2026-10-08,Google Trends related-query interest index (Rising),2,,,index 0–100 (chuẩn hóa riêng theo seed),Google Trends related queries (Rising) cho seed 'học marketing',index tương đối 0–100 (không phải volume),index nguyên văn trong CSV; biến động: 50%; index tương đối — KHÔNG phải volume tuyệt đối; KHÔNG so sánh liên-seed (mỗi seed chuẩn hóa riêng); KHÔNG quy đổi index thành lượt tìm kiếm,không nêu rõ (Google có thể gộp biến thể truy vấn),university,"tên trường ĐH (dùng gạch nối –) (nhãn chỉ mô tả dấu hiệu trong truy vấn, KHÔNG chứng minh người tìm sẽ mua)",ánh xạ file→seed suy từ nội dung file (tên file chỉ ghi timestamp)
M-K372,M-S301,đại học tài chính marketing ở đâu,Việt Nam,2024-01-01,2026-10-08,Google Trends related-query interest index (Rising),2,,,index 0–100 (chuẩn hóa riêng theo seed),Google Trends related queries (Rising) cho seed 'học marketing',index tương đối 0–100 (không phải volume),index nguyên văn trong CSV; biến động: 50%; index tương đối — KHÔNG phải volume tuyệt đối; KHÔNG so sánh liên-seed (mỗi seed chuẩn hóa riêng); KHÔNG quy đổi index thành lượt tìm kiếm,không nêu rõ (Google có thể gộp biến thể truy vấn),university,"hỏi địa điểm trường 'đại học…' (nhãn chỉ mô tả dấu hiệu trong truy vấn, KHÔNG chứng minh người tìm sẽ mua)",ánh xạ file→seed suy từ nội dung file (tên file chỉ ghi timestamp)
M-K373,M-S301,trường đại học tài chính – marketing,Việt Nam,2024-01-01,2026-10-08,Google Trends related-query interest index (Rising),1,,,index 0–100 (chuẩn hóa riêng theo seed),Google Trends related queries (Rising) cho seed 'học marketing',index tương đối 0–100 (không phải volume),index nguyên văn trong CSV; biến động: 50%; index tương đối — KHÔNG phải volume tuyệt đối; KHÔNG so sánh liên-seed (mỗi seed chuẩn hóa riêng); KHÔNG quy đổi index thành lượt tìm kiếm,không nêu rõ (Google có thể gộp biến thể truy vấn),university,"chứa 'trường đại học' (nhãn chỉ mô tả dấu hiệu trong truy vấn, KHÔNG chứng minh người tìm sẽ mua)",ánh xạ file→seed suy từ nội dung file (tên file chỉ ghi timestamp)
M-K374,M-S301,trường đại học tài chính marketing ở đâu,Việt Nam,2024-01-01,2026-10-08,Google Trends related-query interest index (Rising),1,,,index 0–100 (chuẩn hóa riêng theo seed),Google Trends related queries (Rising) cho seed 'học marketing',index tương đối 0–100 (không phải volume),index nguyên văn trong CSV; biến động: 50%; index tương đối — KHÔNG phải volume tuyệt đối; KHÔNG so sánh liên-seed (mỗi seed chuẩn hóa riêng); KHÔNG quy đổi index thành lượt tìm kiếm,không nêu rõ (Google có thể gộp biến thể truy vấn),university,"chứa 'trường đại học' (nhãn chỉ mô tả dấu hiệu trong truy vấn, KHÔNG chứng minh người tìm sẽ mua)",ánh xạ file→seed suy từ nội dung file (tên file chỉ ghi timestamp)
M-K375,M-S301,đại học tài chính marketing là trường công hay tư,Việt Nam,2024-01-01,2026-10-08,Google Trends related-query interest index (Rising),2,,,index 0–100 (chuẩn hóa riêng theo seed),Google Trends related queries (Rising) cho seed 'học marketing',index tương đối 0–100 (không phải volume),index nguyên văn trong CSV; biến động: 40%; index tương đối — KHÔNG phải volume tuyệt đối; KHÔNG so sánh liên-seed (mỗi seed chuẩn hóa riêng); KHÔNG quy đổi index thành lượt tìm kiếm,không nêu rõ (Google có thể gộp biến thể truy vấn),university,"hỏi về trường 'đại học…' (nhãn chỉ mô tả dấu hiệu trong truy vấn, KHÔNG chứng minh người tìm sẽ mua)",ánh xạ file→seed suy từ nội dung file (tên file chỉ ghi timestamp)
M-K376,M-S301,đại học tài chính marketing quận 7,Việt Nam,2024-01-01,2026-10-08,Google Trends related-query interest index (Rising),1,,,index 0–100 (chuẩn hóa riêng theo seed),Google Trends related queries (Rising) cho seed 'học marketing',index tương đối 0–100 (không phải volume),index nguyên văn trong CSV; biến động: 40%; index tương đối — KHÔNG phải volume tuyệt đối; KHÔNG so sánh liên-seed (mỗi seed chuẩn hóa riêng); KHÔNG quy đổi index thành lượt tìm kiếm,không nêu rõ (Google có thể gộp biến thể truy vấn),university,"tên trường ĐH + địa điểm (nhãn chỉ mô tả dấu hiệu trong truy vấn, KHÔNG chứng minh người tìm sẽ mua)",ánh xạ file→seed suy từ nội dung file (tên file chỉ ghi timestamp)
M-K377,M-S301,ufm điểm chuẩn,Việt Nam,2024-01-01,2026-10-08,Google Trends related-query interest index (Rising),3,,,index 0–100 (chuẩn hóa riêng theo seed),Google Trends related queries (Rising) cho seed 'học marketing',index tương đối 0–100 (không phải volume),index nguyên văn trong CSV; biến động: 40%; index tương đối — KHÔNG phải volume tuyệt đối; KHÔNG so sánh liên-seed (mỗi seed chuẩn hóa riêng); KHÔNG quy đổi index thành lượt tìm kiếm,không nêu rõ (Google có thể gộp biến thể truy vấn),university,"viết tắt trường ĐH + 'điểm chuẩn' (nhãn chỉ mô tả dấu hiệu trong truy vấn, KHÔNG chứng minh người tìm sẽ mua)",ánh xạ file→seed suy từ nội dung file (tên file chỉ ghi timestamp)
M-K378,M-S301,điểm chuẩn ufm,Việt Nam,2024-01-01,2026-10-08,Google Trends related-query interest index (Rising),3,,,index 0–100 (chuẩn hóa riêng theo seed),Google Trends related queries (Rising) cho seed 'học marketing',index tương đối 0–100 (không phải volume),index nguyên văn trong CSV; biến động: 40%; index tương đối — KHÔNG phải volume tuyệt đối; KHÔNG so sánh liên-seed (mỗi seed chuẩn hóa riêng); KHÔNG quy đổi index thành lượt tìm kiếm,không nêu rõ (Google có thể gộp biến thể truy vấn),university,"'điểm chuẩn' + viết tắt trường ĐH (nhãn chỉ mô tả dấu hiệu trong truy vấn, KHÔNG chứng minh người tìm sẽ mua)",ánh xạ file→seed suy từ nội dung file (tên file chỉ ghi timestamp)
M-K379,M-S301,đại học thăng long,Việt Nam,2024-01-01,2026-10-08,Google Trends related-query interest index (Rising),1,,,index 0–100 (chuẩn hóa riêng theo seed),Google Trends related queries (Rising) cho seed 'học marketing',index tương đối 0–100 (không phải volume),index nguyên văn trong CSV; biến động: 30%; index tương đối — KHÔNG phải volume tuyệt đối; KHÔNG so sánh liên-seed (mỗi seed chuẩn hóa riêng); KHÔNG quy đổi index thành lượt tìm kiếm,không nêu rõ (Google có thể gộp biến thể truy vấn),university,"chứa 'đại học' (nhãn chỉ mô tả dấu hiệu trong truy vấn, KHÔNG chứng minh người tìm sẽ mua)",ánh xạ file→seed suy từ nội dung file (tên file chỉ ghi timestamp)
M-K380,M-S301,trường đại học tài chính marketing quận 7,Việt Nam,2024-01-01,2026-10-08,Google Trends related-query interest index (Rising),1,,,index 0–100 (chuẩn hóa riêng theo seed),Google Trends related queries (Rising) cho seed 'học marketing',index tương đối 0–100 (không phải volume),index nguyên văn trong CSV; biến động: 30%; index tương đối — KHÔNG phải volume tuyệt đối; KHÔNG so sánh liên-seed (mỗi seed chuẩn hóa riêng); KHÔNG quy đổi index thành lượt tìm kiếm,không nêu rõ (Google có thể gộp biến thể truy vấn),university,"chứa 'trường đại học' (nhãn chỉ mô tả dấu hiệu trong truy vấn, KHÔNG chứng minh người tìm sẽ mua)",ánh xạ file→seed suy từ nội dung file (tên file chỉ ghi timestamp)
M-K381,M-S301,d01,Việt Nam,2024-01-01,2026-10-08,Google Trends related-query interest index (Rising),1,,,index 0–100 (chuẩn hóa riêng theo seed),Google Trends related queries (Rising) cho seed 'học marketing',index tương đối 0–100 (không phải volume),index nguyên văn trong CSV; biến động: 20%; index tương đối — KHÔNG phải volume tuyệt đối; KHÔNG so sánh liên-seed (mỗi seed chuẩn hóa riêng); KHÔNG quy đổi index thành lượt tìm kiếm,không nêu rõ (Google có thể gộp biến thể truy vấn),university,"mã tổ hợp môn thi tuyển sinh (nhãn chỉ mô tả dấu hiệu trong truy vấn, KHÔNG chứng minh người tìm sẽ mua)",ánh xạ file→seed suy từ nội dung file (tên file chỉ ghi timestamp)
M-K382,M-S301,trường đại học tài chính marketing thành phố hồ chí minh,Việt Nam,2024-01-01,2026-10-08,Google Trends related-query interest index (Rising),3,,,index 0–100 (chuẩn hóa riêng theo seed),Google Trends related queries (Rising) cho seed 'học marketing',index tương đối 0–100 (không phải volume),index nguyên văn trong CSV; biến động: 20%; index tương đối — KHÔNG phải volume tuyệt đối; KHÔNG so sánh liên-seed (mỗi seed chuẩn hóa riêng); KHÔNG quy đổi index thành lượt tìm kiếm,không nêu rõ (Google có thể gộp biến thể truy vấn),university,"chứa 'trường đại học' (nhãn chỉ mô tả dấu hiệu trong truy vấn, KHÔNG chứng minh người tìm sẽ mua)",ánh xạ file→seed suy từ nội dung file (tên file chỉ ghi timestamp)
M-K383,M-S301,truyền thông đa phương tiện,Việt Nam,2024-01-01,2026-10-08,Google Trends related-query interest index (Rising),2,,,index 0–100 (chuẩn hóa riêng theo seed),Google Trends related queries (Rising) cho seed 'học marketing',index tương đối 0–100 (không phải volume),index nguyên văn trong CSV; biến động: 20%; index tương đối — KHÔNG phải volume tuyệt đối; KHÔNG so sánh liên-seed (mỗi seed chuẩn hóa riêng); KHÔNG quy đổi index thành lượt tìm kiếm,không nêu rõ (Google có thể gộp biến thể truy vấn),unknown,"tên ngành/khái niệm; thiếu dấu hiệu rõ ràng (nhãn chỉ mô tả dấu hiệu trong truy vấn, KHÔNG chứng minh người tìm sẽ mua)",ánh xạ file→seed suy từ nội dung file (tên file chỉ ghi timestamp)
M-K384,M-S301,khóa học digital marketing,Việt Nam,2024-01-01,2026-10-08,Google Trends related-query interest index (Rising),3,,,index 0–100 (chuẩn hóa riêng theo seed),Google Trends related queries (Rising) cho seed 'học marketing',index tương đối 0–100 (không phải volume),index nguyên văn trong CSV; biến động: 10%; index tương đối — KHÔNG phải volume tuyệt đối; KHÔNG so sánh liên-seed (mỗi seed chuẩn hóa riêng); KHÔNG quy đổi index thành lượt tìm kiếm,không nêu rõ (Google có thể gộp biến thể truy vấn),course_explicit,"chứa 'khóa học' (nhãn chỉ mô tả dấu hiệu trong truy vấn, KHÔNG chứng minh người tìm sẽ mua)",ánh xạ file→seed suy từ nội dung file (tên file chỉ ghi timestamp)
M-K385,M-S301,đại học tài chính marketing thủ đức,Việt Nam,2024-01-01,2026-10-08,Google Trends related-query interest index (Rising),1,,,index 0–100 (chuẩn hóa riêng theo seed),Google Trends related queries (Rising) cho seed 'học marketing',index tương đối 0–100 (không phải volume),index nguyên văn trong CSV; biến động: 10%; index tương đối — KHÔNG phải volume tuyệt đối; KHÔNG so sánh liên-seed (mỗi seed chuẩn hóa riêng); KHÔNG quy đổi index thành lượt tìm kiếm,không nêu rõ (Google có thể gộp biến thể truy vấn),university,"tên trường ĐH + địa điểm (nhãn chỉ mô tả dấu hiệu trong truy vấn, KHÔNG chứng minh người tìm sẽ mua)",ánh xạ file→seed suy từ nội dung file (tên file chỉ ghi timestamp)
M-K386,M-S301,đại học giao thông vận tải,Việt Nam,2024-01-01,2026-10-08,Google Trends related-query interest index (Rising),3,,,index 0–100 (chuẩn hóa riêng theo seed),Google Trends related queries (Rising) cho seed 'học marketing',index tương đối 0–100 (không phải volume),index nguyên văn trong CSV; biến động: 10%; index tương đối — KHÔNG phải volume tuyệt đối; KHÔNG so sánh liên-seed (mỗi seed chuẩn hóa riêng); KHÔNG quy đổi index thành lượt tìm kiếm,không nêu rõ (Google có thể gộp biến thể truy vấn),university,"chứa 'đại học' (nhãn chỉ mô tả dấu hiệu trong truy vấn, KHÔNG chứng minh người tìm sẽ mua)",ánh xạ file→seed suy từ nội dung file (tên file chỉ ghi timestamp)
M-K387,M-S301,d07,Việt Nam,2024-01-01,2026-10-08,Google Trends related-query interest index (Rising),1,,,index 0–100 (chuẩn hóa riêng theo seed),Google Trends related queries (Rising) cho seed 'học marketing',index tương đối 0–100 (không phải volume),index nguyên văn trong CSV; biến động: 10%; index tương đối — KHÔNG phải volume tuyệt đối; KHÔNG so sánh liên-seed (mỗi seed chuẩn hóa riêng); KHÔNG quy đổi index thành lượt tìm kiếm,không nêu rõ (Google có thể gộp biến thể truy vấn),university,"mã tổ hợp môn thi tuyển sinh (nhãn chỉ mô tả dấu hiệu trong truy vấn, KHÔNG chứng minh người tìm sẽ mua)",ánh xạ file→seed suy từ nội dung file (tên file chỉ ghi timestamp)
M-K388,M-S301,đại học thủy lợi,Việt Nam,2024-01-01,2026-10-08,Google Trends related-query interest index (Rising),1,,,index 0–100 (chuẩn hóa riêng theo seed),Google Trends related queries (Rising) cho seed 'học marketing',index tương đối 0–100 (không phải volume),index nguyên văn trong CSV; biến động: 10%; index tương đối — KHÔNG phải volume tuyệt đối; KHÔNG so sánh liên-seed (mỗi seed chuẩn hóa riêng); KHÔNG quy đổi index thành lượt tìm kiếm,không nêu rõ (Google có thể gộp biến thể truy vấn),university,"chứa 'đại học' (nhãn chỉ mô tả dấu hiệu trong truy vấn, KHÔNG chứng minh người tìm sẽ mua)",ánh xạ file→seed suy từ nội dung file (tên file chỉ ghi timestamp)
M-K389,M-S301,ngành marketing cần học những môn gì,Việt Nam,2024-01-01,2026-10-08,Google Trends related-query interest index (Rising),1,,,index 0–100 (chuẩn hóa riêng theo seed),Google Trends related queries (Rising) cho seed 'học marketing',index tương đối 0–100 (không phải volume),index nguyên văn trong CSV; biến động: 6%; index tương đối — KHÔNG phải volume tuyệt đối; KHÔNG so sánh liên-seed (mỗi seed chuẩn hóa riêng); KHÔNG quy đổi index thành lượt tìm kiếm,không nêu rõ (Google có thể gộp biến thể truy vấn),university,"chứa 'ngành' (ngành đào tạo) (nhãn chỉ mô tả dấu hiệu trong truy vấn, KHÔNG chứng minh người tìm sẽ mua)",ánh xạ file→seed suy từ nội dung file (tên file chỉ ghi timestamp)
M-K390,M-S301,học marketing ra trường làm gì,Việt Nam,2024-01-01,2026-10-08,Google Trends related-query interest index (Rising),3,,,index 0–100 (chuẩn hóa riêng theo seed),Google Trends related queries (Rising) cho seed 'học marketing',index tương đối 0–100 (không phải volume),index nguyên văn trong CSV; biến động: 6%; index tương đối — KHÔNG phải volume tuyệt đối; KHÔNG so sánh liên-seed (mỗi seed chuẩn hóa riêng); KHÔNG quy đổi index thành lượt tìm kiếm,không nêu rõ (Google có thể gộp biến thể truy vấn),university,"'ra trường' — gắn với đi học chính quy (nhãn chỉ mô tả dấu hiệu trong truy vấn, KHÔNG chứng minh người tìm sẽ mua)",ánh xạ file→seed suy từ nội dung file (tên file chỉ ghi timestamp)
M-K391,M-S301,đại học công đoàn,Việt Nam,2024-01-01,2026-10-08,Google Trends related-query interest index (Rising),1,,,index 0–100 (chuẩn hóa riêng theo seed),Google Trends related queries (Rising) cho seed 'học marketing',index tương đối 0–100 (không phải volume),index nguyên văn trong CSV; biến động: 6%; index tương đối — KHÔNG phải volume tuyệt đối; KHÔNG so sánh liên-seed (mỗi seed chuẩn hóa riêng); KHÔNG quy đổi index thành lượt tìm kiếm,không nêu rõ (Google có thể gộp biến thể truy vấn),university,"chứa 'đại học' (nhãn chỉ mô tả dấu hiệu trong truy vấn, KHÔNG chứng minh người tìm sẽ mua)",ánh xạ file→seed suy từ nội dung file (tên file chỉ ghi timestamp)
M-K392,M-S301,content marketing,Việt Nam,2024-01-01,2026-10-08,Google Trends related-query interest index (Rising),3,,,index 0–100 (chuẩn hóa riêng theo seed),Google Trends related queries (Rising) cho seed 'học marketing',index tương đối 0–100 (không phải volume),index nguyên văn trong CSV; biến động: 5%; index tương đối — KHÔNG phải volume tuyệt đối; KHÔNG so sánh liên-seed (mỗi seed chuẩn hóa riêng); KHÔNG quy đổi index thành lượt tìm kiếm,không nêu rõ (Google có thể gộp biến thể truy vấn),unknown,"chủ đề/kỹ năng (nhãn chỉ mô tả dấu hiệu trong truy vấn, KHÔNG chứng minh người tìm sẽ mua)",ánh xạ file→seed suy từ nội dung file (tên file chỉ ghi timestamp)
M-K393,M-S301,ngành marketing ra trường làm gì,Việt Nam,2024-01-01,2026-10-08,Google Trends related-query interest index (Rising),2,,,index 0–100 (chuẩn hóa riêng theo seed),Google Trends related queries (Rising) cho seed 'học marketing',index tương đối 0–100 (không phải volume),index nguyên văn trong CSV; biến động: 5%; index tương đối — KHÔNG phải volume tuyệt đối; KHÔNG so sánh liên-seed (mỗi seed chuẩn hóa riêng); KHÔNG quy đổi index thành lượt tìm kiếm,không nêu rõ (Google có thể gộp biến thể truy vấn),university,"'ngành' + 'ra trường' (nhãn chỉ mô tả dấu hiệu trong truy vấn, KHÔNG chứng minh người tìm sẽ mua)",ánh xạ file→seed suy từ nội dung file (tên file chỉ ghi timestamp)
M-K394,M-S301,khóa học content marketing,Việt Nam,2024-01-01,2026-10-08,Google Trends related-query interest index (Rising),1,,,index 0–100 (chuẩn hóa riêng theo seed),Google Trends related queries (Rising) cho seed 'học marketing',index tương đối 0–100 (không phải volume),index nguyên văn trong CSV; biến động: 4%; index tương đối — KHÔNG phải volume tuyệt đối; KHÔNG so sánh liên-seed (mỗi seed chuẩn hóa riêng); KHÔNG quy đổi index thành lượt tìm kiếm,không nêu rõ (Google có thể gộp biến thể truy vấn),course_explicit,"chứa 'khóa học' (nhãn chỉ mô tả dấu hiệu trong truy vấn, KHÔNG chứng minh người tìm sẽ mua)",ánh xạ file→seed suy từ nội dung file (tên file chỉ ghi timestamp)
M-K395,M-S301,thương mại điện tử,Việt Nam,2024-01-01,2026-10-08,Google Trends related-query interest index (Rising),2,,,index 0–100 (chuẩn hóa riêng theo seed),Google Trends related queries (Rising) cho seed 'học marketing',index tương đối 0–100 (không phải volume),index nguyên văn trong CSV; biến động: 4%; index tương đối — KHÔNG phải volume tuyệt đối; KHÔNG so sánh liên-seed (mỗi seed chuẩn hóa riêng); KHÔNG quy đổi index thành lượt tìm kiếm,không nêu rõ (Google có thể gộp biến thể truy vấn),unknown,"tên ngành/khái niệm (nhãn chỉ mô tả dấu hiệu trong truy vấn, KHÔNG chứng minh người tìm sẽ mua)",ánh xạ file→seed suy từ nội dung file (tên file chỉ ghi timestamp)
M-K396,M-S301,ueh điểm chuẩn,Việt Nam,2024-01-01,2026-10-08,Google Trends related-query interest index (Rising),3,,,index 0–100 (chuẩn hóa riêng theo seed),Google Trends related queries (Rising) cho seed 'học marketing',index tương đối 0–100 (không phải volume),index nguyên văn trong CSV; biến động: 3%; index tương đối — KHÔNG phải volume tuyệt đối; KHÔNG so sánh liên-seed (mỗi seed chuẩn hóa riêng); KHÔNG quy đổi index thành lượt tìm kiếm,không nêu rõ (Google có thể gộp biến thể truy vấn),university,"viết tắt trường ĐH + 'điểm chuẩn' (nhãn chỉ mô tả dấu hiệu trong truy vấn, KHÔNG chứng minh người tìm sẽ mua)",ánh xạ file→seed suy từ nội dung file (tên file chỉ ghi timestamp)
M-K397,M-S301,điểm chuẩn ueh,Việt Nam,2024-01-01,2026-10-08,Google Trends related-query interest index (Rising),3,,,index 0–100 (chuẩn hóa riêng theo seed),Google Trends related queries (Rising) cho seed 'học marketing',index tương đối 0–100 (không phải volume),index nguyên văn trong CSV; biến động: 2%; index tương đối — KHÔNG phải volume tuyệt đối; KHÔNG so sánh liên-seed (mỗi seed chuẩn hóa riêng); KHÔNG quy đổi index thành lượt tìm kiếm,không nêu rõ (Google có thể gộp biến thể truy vấn),university,"'điểm chuẩn' + viết tắt trường ĐH (nhãn chỉ mô tả dấu hiệu trong truy vấn, KHÔNG chứng minh người tìm sẽ mua)",ánh xạ file→seed suy từ nội dung file (tên file chỉ ghi timestamp)
M-K398,M-S301,khoá học digital marketing,Việt Nam,2024-01-01,2026-10-08,Google Trends related-query interest index (Top),100,,,index 0–100 (chuẩn hóa riêng theo seed),Google Trends related queries (Top) cho seed 'khoá học marketing',index tương đối 0–100 (không phải volume),index nguyên văn trong CSV; biến động: -30%; index tương đối — KHÔNG phải volume tuyệt đối; KHÔNG so sánh liên-seed (mỗi seed chuẩn hóa riêng); KHÔNG quy đổi index thành lượt tìm kiếm,không nêu rõ (Google có thể gộp biến thể truy vấn),course_explicit,"chứa 'khoá học' (nhãn chỉ mô tả dấu hiệu trong truy vấn, KHÔNG chứng minh người tìm sẽ mua)",ánh xạ file→seed suy từ nội dung file (tên file chỉ ghi timestamp)
M-K399,M-S301,học digital marketing,Việt Nam,2024-01-01,2026-10-08,Google Trends related-query interest index (Top),100,,,index 0–100 (chuẩn hóa riêng theo seed),Google Trends related queries (Top) cho seed 'khoá học marketing',index tương đối 0–100 (không phải volume),index nguyên văn trong CSV; biến động: -30%; index tương đối — KHÔNG phải volume tuyệt đối; KHÔNG so sánh liên-seed (mỗi seed chuẩn hóa riêng); KHÔNG quy đổi index thành lượt tìm kiếm,không nêu rõ (Google có thể gộp biến thể truy vấn),unknown,"thiếu từ 'khóa học'/'lớp'/'đào tạo' theo định nghĩa nhãn (nhãn chỉ mô tả dấu hiệu trong truy vấn, KHÔNG chứng minh người tìm sẽ mua)",ánh xạ file→seed suy từ nội dung file (tên file chỉ ghi timestamp)
M-K400,M-S301,digital marketing,Việt Nam,2024-01-01,2026-10-08,Google Trends related-query interest index (Top),100,,,index 0–100 (chuẩn hóa riêng theo seed),Google Trends related queries (Top) cho seed 'khoá học marketing',index tương đối 0–100 (không phải volume),index nguyên văn trong CSV; biến động: -30%; index tương đối — KHÔNG phải volume tuyệt đối; KHÔNG so sánh liên-seed (mỗi seed chuẩn hóa riêng); KHÔNG quy đổi index thành lượt tìm kiếm,không nêu rõ (Google có thể gộp biến thể truy vấn),unknown,"chủ đề chung (nhãn chỉ mô tả dấu hiệu trong truy vấn, KHÔNG chứng minh người tìm sẽ mua)",ánh xạ file→seed suy từ nội dung file (tên file chỉ ghi timestamp)
M-K401,M-S301,khóa học marketing,Việt Nam,2024-01-01,2026-10-08,Google Trends related-query interest index (Top),47,,,index 0–100 (chuẩn hóa riêng theo seed),Google Trends related queries (Top) cho seed 'khoá học marketing',index tương đối 0–100 (không phải volume),index nguyên văn trong CSV; biến động: -30%; index tương đối — KHÔNG phải volume tuyệt đối; KHÔNG so sánh liên-seed (mỗi seed chuẩn hóa riêng); KHÔNG quy đổi index thành lượt tìm kiếm,không nêu rõ (Google có thể gộp biến thể truy vấn),course_explicit,"chứa 'khóa học' (nhãn chỉ mô tả dấu hiệu trong truy vấn, KHÔNG chứng minh người tìm sẽ mua)",ánh xạ file→seed suy từ nội dung file (tên file chỉ ghi timestamp)
M-K402,M-S301,học marketing online,Việt Nam,2024-01-01,2026-10-08,Google Trends related-query interest index (Top),41,,,index 0–100 (chuẩn hóa riêng theo seed),Google Trends related queries (Top) cho seed 'khoá học marketing',index tương đối 0–100 (không phải volume),index nguyên văn trong CSV; biến động: -20%; index tương đối — KHÔNG phải volume tuyệt đối; KHÔNG so sánh liên-seed (mỗi seed chuẩn hóa riêng); KHÔNG quy đổi index thành lượt tìm kiếm,không nêu rõ (Google có thể gộp biến thể truy vấn),unknown,"'online' là hình thức; thiếu từ 'khóa học'/'lớp'/'đào tạo' (nhãn chỉ mô tả dấu hiệu trong truy vấn, KHÔNG chứng minh người tìm sẽ mua)",ánh xạ file→seed suy từ nội dung file (tên file chỉ ghi timestamp)
M-K403,M-S301,marketing là gì,Việt Nam,2024-01-01,2026-10-08,Google Trends related-query interest index (Top),33,,,index 0–100 (chuẩn hóa riêng theo seed),Google Trends related queries (Top) cho seed 'khoá học marketing',index tương đối 0–100 (không phải volume),index nguyên văn trong CSV; biến động: -9%; index tương đối — KHÔNG phải volume tuyệt đối; KHÔNG so sánh liên-seed (mỗi seed chuẩn hóa riêng); KHÔNG quy đổi index thành lượt tìm kiếm,không nêu rõ (Google có thể gộp biến thể truy vấn),unknown,"định nghĩa khái niệm (nhãn chỉ mô tả dấu hiệu trong truy vấn, KHÔNG chứng minh người tìm sẽ mua)",ánh xạ file→seed suy từ nội dung file (tên file chỉ ghi timestamp)
M-K404,M-S301,khóa học digital marketing,Việt Nam,2024-01-01,2026-10-08,Google Trends related-query interest index (Top),100,,,index 0–100 (chuẩn hóa riêng theo seed),Google Trends related queries (Top) cho seed 'marketing thực chiến',index tương đối 0–100 (không phải volume),index nguyên văn trong CSV; biến động: -6%; index tương đối — KHÔNG phải volume tuyệt đối; KHÔNG so sánh liên-seed (mỗi seed chuẩn hóa riêng); KHÔNG quy đổi index thành lượt tìm kiếm,không nêu rõ (Google có thể gộp biến thể truy vấn),course_explicit,"chứa 'khóa học' (nhãn chỉ mô tả dấu hiệu trong truy vấn, KHÔNG chứng minh người tìm sẽ mua)",ánh xạ file→seed suy từ nội dung file (tên file chỉ ghi timestamp)
M-K405,M-S301,ngành digital marketing,Việt Nam,2024-01-01,2026-10-08,Google Trends related-query interest index (Top),100,,,index 0–100 (chuẩn hóa riêng theo seed),Google Trends related queries (Top) cho seed 'học digital marketing',index tương đối 0–100 (không phải volume),index nguyên văn trong CSV; biến động: -6%; index tương đối — KHÔNG phải volume tuyệt đối; KHÔNG so sánh liên-seed (mỗi seed chuẩn hóa riêng); KHÔNG quy đổi index thành lượt tìm kiếm,không nêu rõ (Google có thể gộp biến thể truy vấn),university,"'ngành' — ngành đào tạo (nhãn chỉ mô tả dấu hiệu trong truy vấn, KHÔNG chứng minh người tìm sẽ mua)",ánh xạ file→seed suy từ nội dung file (tên file chỉ ghi timestamp)
M-K406,M-S301,khóa học digital marketing,Việt Nam,2024-01-01,2026-10-08,Google Trends related-query interest index (Top),69,,,index 0–100 (chuẩn hóa riêng theo seed),Google Trends related queries (Top) cho seed 'học digital marketing',index tương đối 0–100 (không phải volume),index nguyên văn trong CSV; biến động: 30%; index tương đối — KHÔNG phải volume tuyệt đối; KHÔNG so sánh liên-seed (mỗi seed chuẩn hóa riêng); KHÔNG quy đổi index thành lượt tìm kiếm,không nêu rõ (Google có thể gộp biến thể truy vấn),course_explicit,"chứa 'khóa học' (nhãn chỉ mô tả dấu hiệu trong truy vấn, KHÔNG chứng minh người tìm sẽ mua)",ánh xạ file→seed suy từ nội dung file (tên file chỉ ghi timestamp)
M-K407,M-S301,marketing digital là gì,Việt Nam,2024-01-01,2026-10-08,Google Trends related-query interest index (Top),69,,,index 0–100 (chuẩn hóa riêng theo seed),Google Trends related queries (Top) cho seed 'học digital marketing',index tương đối 0–100 (không phải volume),index nguyên văn trong CSV; biến động: 5%; index tương đối — KHÔNG phải volume tuyệt đối; KHÔNG so sánh liên-seed (mỗi seed chuẩn hóa riêng); KHÔNG quy đổi index thành lượt tìm kiếm,không nêu rõ (Google có thể gộp biến thể truy vấn),unknown,"định nghĩa khái niệm (nhãn chỉ mô tả dấu hiệu trong truy vấn, KHÔNG chứng minh người tìm sẽ mua)",ánh xạ file→seed suy từ nội dung file (tên file chỉ ghi timestamp)
M-K408,M-S301,khóa học marketing,Việt Nam,2024-01-01,2026-10-08,Google Trends related-query interest index (Top),69,,,index 0–100 (chuẩn hóa riêng theo seed),Google Trends related queries (Top) cho seed 'học digital marketing',index tương đối 0–100 (không phải volume),index nguyên văn trong CSV; biến động: 30%; index tương đối — KHÔNG phải volume tuyệt đối; KHÔNG so sánh liên-seed (mỗi seed chuẩn hóa riêng); KHÔNG quy đổi index thành lượt tìm kiếm,không nêu rõ (Google có thể gộp biến thể truy vấn),course_explicit,"chứa 'khóa học' (nhãn chỉ mô tả dấu hiệu trong truy vấn, KHÔNG chứng minh người tìm sẽ mua)",ánh xạ file→seed suy từ nội dung file (tên file chỉ ghi timestamp)
M-K409,M-S301,digital là gì,Việt Nam,2024-01-01,2026-10-08,Google Trends related-query interest index (Top),68,,,index 0–100 (chuẩn hóa riêng theo seed),Google Trends related queries (Top) cho seed 'học digital marketing',index tương đối 0–100 (không phải volume),index nguyên văn trong CSV; biến động: 4%; index tương đối — KHÔNG phải volume tuyệt đối; KHÔNG so sánh liên-seed (mỗi seed chuẩn hóa riêng); KHÔNG quy đổi index thành lượt tìm kiếm,không nêu rõ (Google có thể gộp biến thể truy vấn),unknown,"định nghĩa khái niệm (nhãn chỉ mô tả dấu hiệu trong truy vấn, KHÔNG chứng minh người tìm sẽ mua)",ánh xạ file→seed suy từ nội dung file (tên file chỉ ghi timestamp)
M-K410,M-S301,digital marketing là gì,Việt Nam,2024-01-01,2026-10-08,Google Trends related-query interest index (Top),68,,,index 0–100 (chuẩn hóa riêng theo seed),Google Trends related queries (Top) cho seed 'học digital marketing',index tương đối 0–100 (không phải volume),index nguyên văn trong CSV; biến động: 4%; index tương đối — KHÔNG phải volume tuyệt đối; KHÔNG so sánh liên-seed (mỗi seed chuẩn hóa riêng); KHÔNG quy đổi index thành lượt tìm kiếm,không nêu rõ (Google có thể gộp biến thể truy vấn),unknown,"định nghĩa khái niệm (nhãn chỉ mô tả dấu hiệu trong truy vấn, KHÔNG chứng minh người tìm sẽ mua)",ánh xạ file→seed suy từ nội dung file (tên file chỉ ghi timestamp)
M-K411,M-S301,marketing là gì,Việt Nam,2024-01-01,2026-10-08,Google Trends related-query interest index (Top),68,,,index 0–100 (chuẩn hóa riêng theo seed),Google Trends related queries (Top) cho seed 'học digital marketing',index tương đối 0–100 (không phải volume),index nguyên văn trong CSV; biến động: 3%; index tương đối — KHÔNG phải volume tuyệt đối; KHÔNG so sánh liên-seed (mỗi seed chuẩn hóa riêng); KHÔNG quy đổi index thành lượt tìm kiếm,không nêu rõ (Google có thể gộp biến thể truy vấn),unknown,"định nghĩa khái niệm (nhãn chỉ mô tả dấu hiệu trong truy vấn, KHÔNG chứng minh người tìm sẽ mua)",ánh xạ file→seed suy từ nội dung file (tên file chỉ ghi timestamp)
M-K412,M-S301,digital marketing điểm chuẩn,Việt Nam,2024-01-01,2026-10-08,Google Trends related-query interest index (Top),42,,,index 0–100 (chuẩn hóa riêng theo seed),Google Trends related queries (Top) cho seed 'học digital marketing',index tương đối 0–100 (không phải volume),index nguyên văn trong CSV; biến động: 5%; index tương đối — KHÔNG phải volume tuyệt đối; KHÔNG so sánh liên-seed (mỗi seed chuẩn hóa riêng); KHÔNG quy đổi index thành lượt tìm kiếm,không nêu rõ (Google có thể gộp biến thể truy vấn),university,"'điểm chuẩn' — tuyển sinh (nhãn chỉ mô tả dấu hiệu trong truy vấn, KHÔNG chứng minh người tìm sẽ mua)",ánh xạ file→seed suy từ nội dung file (tên file chỉ ghi timestamp)
M-K413,M-S301,digital marketing làm gì,Việt Nam,2024-01-01,2026-10-08,Google Trends related-query interest index (Top),35,,,index 0–100 (chuẩn hóa riêng theo seed),Google Trends related queries (Top) cho seed 'học digital marketing',index tương đối 0–100 (không phải volume),index nguyên văn trong CSV; biến động: 9%; index tương đối — KHÔNG phải volume tuyệt đối; KHÔNG so sánh liên-seed (mỗi seed chuẩn hóa riêng); KHÔNG quy đổi index thành lượt tìm kiếm,không nêu rõ (Google có thể gộp biến thể truy vấn),unknown,"hỏi về nghề/công việc; thiếu dấu hiệu (nhãn chỉ mô tả dấu hiệu trong truy vấn, KHÔNG chứng minh người tìm sẽ mua)",ánh xạ file→seed suy từ nội dung file (tên file chỉ ghi timestamp)
M-K414,M-S301,khoá học digital marketing,Việt Nam,2024-01-01,2026-10-08,Google Trends related-query interest index (Top),34,,,index 0–100 (chuẩn hóa riêng theo seed),Google Trends related queries (Top) cho seed 'học digital marketing',index tương đối 0–100 (không phải volume),index nguyên văn trong CSV; biến động: 20%; index tương đối — KHÔNG phải volume tuyệt đối; KHÔNG so sánh liên-seed (mỗi seed chuẩn hóa riêng); KHÔNG quy đổi index thành lượt tìm kiếm,không nêu rõ (Google có thể gộp biến thể truy vấn),course_explicit,"chứa 'khoá học' (nhãn chỉ mô tả dấu hiệu trong truy vấn, KHÔNG chứng minh người tìm sẽ mua)",ánh xạ file→seed suy từ nội dung file (tên file chỉ ghi timestamp)
M-K415,M-S301,ngành digital marketing là gì,Việt Nam,2024-01-01,2026-10-08,Google Trends related-query interest index (Top),33,,,index 0–100 (chuẩn hóa riêng theo seed),Google Trends related queries (Top) cho seed 'học digital marketing',index tương đối 0–100 (không phải volume),index nguyên văn trong CSV; biến động: 5%; index tương đối — KHÔNG phải volume tuyệt đối; KHÔNG so sánh liên-seed (mỗi seed chuẩn hóa riêng); KHÔNG quy đổi index thành lượt tìm kiếm,không nêu rõ (Google có thể gộp biến thể truy vấn),university,"chứa 'ngành' (nhãn chỉ mô tả dấu hiệu trong truy vấn, KHÔNG chứng minh người tìm sẽ mua)",ánh xạ file→seed suy từ nội dung file (tên file chỉ ghi timestamp)
M-K416,M-S301,digital marketing học trường nào,Việt Nam,2024-01-01,2026-10-08,Google Trends related-query interest index (Top),32,,,index 0–100 (chuẩn hóa riêng theo seed),Google Trends related queries (Top) cho seed 'học digital marketing',index tương đối 0–100 (không phải volume),index nguyên văn trong CSV; biến động: -30%; index tương đối — KHÔNG phải volume tuyệt đối; KHÔNG so sánh liên-seed (mỗi seed chuẩn hóa riêng); KHÔNG quy đổi index thành lượt tìm kiếm,không nêu rõ (Google có thể gộp biến thể truy vấn),university,"chứa 'trường' (nhãn chỉ mô tả dấu hiệu trong truy vấn, KHÔNG chứng minh người tìm sẽ mua)",ánh xạ file→seed suy từ nội dung file (tên file chỉ ghi timestamp)
M-K417,M-S301,digital marketing là ngành gì,Việt Nam,2024-01-01,2026-10-08,Google Trends related-query interest index (Top),32,,,index 0–100 (chuẩn hóa riêng theo seed),Google Trends related queries (Top) cho seed 'học digital marketing',index tương đối 0–100 (không phải volume),index nguyên văn trong CSV; biến động: 0%; index tương đối — KHÔNG phải volume tuyệt đối; KHÔNG so sánh liên-seed (mỗi seed chuẩn hóa riêng); KHÔNG quy đổi index thành lượt tìm kiếm,không nêu rõ (Google có thể gộp biến thể truy vấn),university,"'ngành' — ngành đào tạo (nhãn chỉ mô tả dấu hiệu trong truy vấn, KHÔNG chứng minh người tìm sẽ mua)",ánh xạ file→seed suy từ nội dung file (tên file chỉ ghi timestamp)
M-K418,M-S301,fpt,Việt Nam,2024-01-01,2026-10-08,Google Trends related-query interest index (Top),28,,,index 0–100 (chuẩn hóa riêng theo seed),Google Trends related queries (Top) cho seed 'học digital marketing',index tương đối 0–100 (không phải volume),index nguyên văn trong CSV; biến động: -30%; index tương đối — KHÔNG phải volume tuyệt đối; KHÔNG so sánh liên-seed (mỗi seed chuẩn hóa riêng); KHÔNG quy đổi index thành lượt tìm kiếm,không nêu rõ (Google có thể gộp biến thể truy vấn),university,"tên/viết tắt tổ chức giáo dục (FPT) (nhãn chỉ mô tả dấu hiệu trong truy vấn, KHÔNG chứng minh người tìm sẽ mua)",ánh xạ file→seed suy từ nội dung file (tên file chỉ ghi timestamp)
M-K419,M-S301,digital marketing fpt,Việt Nam,2024-01-01,2026-10-08,Google Trends related-query interest index (Top),28,,,index 0–100 (chuẩn hóa riêng theo seed),Google Trends related queries (Top) cho seed 'học digital marketing',index tương đối 0–100 (không phải volume),index nguyên văn trong CSV; biến động: -30%; index tương đối — KHÔNG phải volume tuyệt đối; KHÔNG so sánh liên-seed (mỗi seed chuẩn hóa riêng); KHÔNG quy đổi index thành lượt tìm kiếm,không nêu rõ (Google có thể gộp biến thể truy vấn),university,"chứa tên tổ chức giáo dục FPT (nhãn chỉ mô tả dấu hiệu trong truy vấn, KHÔNG chứng minh người tìm sẽ mua)",ánh xạ file→seed suy từ nội dung file (tên file chỉ ghi timestamp)
M-K420,M-S301,đại học kinh tế,Việt Nam,2024-01-01,2026-10-08,Google Trends related-query interest index (Top),26,,,index 0–100 (chuẩn hóa riêng theo seed),Google Trends related queries (Top) cho seed 'học digital marketing',index tương đối 0–100 (không phải volume),index nguyên văn trong CSV; biến động: -10%; index tương đối — KHÔNG phải volume tuyệt đối; KHÔNG so sánh liên-seed (mỗi seed chuẩn hóa riêng); KHÔNG quy đổi index thành lượt tìm kiếm,không nêu rõ (Google có thể gộp biến thể truy vấn),university,"chứa 'đại học' (nhãn chỉ mô tả dấu hiệu trong truy vấn, KHÔNG chứng minh người tìm sẽ mua)",ánh xạ file→seed suy từ nội dung file (tên file chỉ ghi timestamp)
M-K421,M-S301,tài chính marketing,Việt Nam,2024-01-01,2026-10-08,Google Trends related-query interest index (Top),25,,,index 0–100 (chuẩn hóa riêng theo seed),Google Trends related queries (Top) cho seed 'học digital marketing',index tương đối 0–100 (không phải volume),index nguyên văn trong CSV; biến động: 30%; index tương đối — KHÔNG phải volume tuyệt đối; KHÔNG so sánh liên-seed (mỗi seed chuẩn hóa riêng); KHÔNG quy đổi index thành lượt tìm kiếm,không nêu rõ (Google có thể gộp biến thể truy vấn),university,"tên Trường ĐH Tài chính – Marketing (viết gọn) (nhãn chỉ mô tả dấu hiệu trong truy vấn, KHÔNG chứng minh người tìm sẽ mua)",ánh xạ file→seed suy từ nội dung file (tên file chỉ ghi timestamp)
M-K422,M-S301,học digital marketing online,Việt Nam,2024-01-01,2026-10-08,Google Trends related-query interest index (Top),24,,,index 0–100 (chuẩn hóa riêng theo seed),Google Trends related queries (Top) cho seed 'học digital marketing',index tương đối 0–100 (không phải volume),index nguyên văn trong CSV; biến động: -10%; index tương đối — KHÔNG phải volume tuyệt đối; KHÔNG so sánh liên-seed (mỗi seed chuẩn hóa riêng); KHÔNG quy đổi index thành lượt tìm kiếm,không nêu rõ (Google có thể gộp biến thể truy vấn),unknown,"'online' là hình thức; thiếu từ 'khóa học'/'lớp'/'đào tạo' (nhãn chỉ mô tả dấu hiệu trong truy vấn, KHÔNG chứng minh người tìm sẽ mua)",ánh xạ file→seed suy từ nội dung file (tên file chỉ ghi timestamp)
M-K423,M-S301,google digital marketing,Việt Nam,2024-01-01,2026-10-08,Google Trends related-query interest index (Top),23,,,index 0–100 (chuẩn hóa riêng theo seed),Google Trends related queries (Top) cho seed 'học digital marketing',index tương đối 0–100 (không phải volume),index nguyên văn trong CSV; biến động: 10%; index tương đối — KHÔNG phải volume tuyệt đối; KHÔNG so sánh liên-seed (mỗi seed chuẩn hóa riêng); KHÔNG quy đổi index thành lượt tìm kiếm,không nêu rõ (Google có thể gộp biến thể truy vấn),unknown,"chứa tên thương hiệu Google; không có dấu hiệu khóa/lớp/đại học (nhãn chỉ mô tả dấu hiệu trong truy vấn, KHÔNG chứng minh người tìm sẽ mua)",ánh xạ file→seed suy từ nội dung file (tên file chỉ ghi timestamp)
M-K424,M-S301,ngành digital marketing học trường nào,Việt Nam,2024-01-01,2026-10-08,Google Trends related-query interest index (Top),22,,,index 0–100 (chuẩn hóa riêng theo seed),Google Trends related queries (Top) cho seed 'học digital marketing',index tương đối 0–100 (không phải volume),index nguyên văn trong CSV; biến động: -30%; index tương đối — KHÔNG phải volume tuyệt đối; KHÔNG so sánh liên-seed (mỗi seed chuẩn hóa riêng); KHÔNG quy đổi index thành lượt tìm kiếm,không nêu rõ (Google có thể gộp biến thể truy vấn),university,"chứa 'ngành' + 'trường' (nhãn chỉ mô tả dấu hiệu trong truy vấn, KHÔNG chứng minh người tìm sẽ mua)",ánh xạ file→seed suy từ nội dung file (tên file chỉ ghi timestamp)
M-K425,M-S301,digital marketing là làm gì,Việt Nam,2024-01-01,2026-10-08,Google Trends related-query interest index (Top),18,,,index 0–100 (chuẩn hóa riêng theo seed),Google Trends related queries (Top) cho seed 'học digital marketing',index tương đối 0–100 (không phải volume),index nguyên văn trong CSV; biến động: 10%; index tương đối — KHÔNG phải volume tuyệt đối; KHÔNG so sánh liên-seed (mỗi seed chuẩn hóa riêng); KHÔNG quy đổi index thành lượt tìm kiếm,không nêu rõ (Google có thể gộp biến thể truy vấn),unknown,"hỏi về nghề/công việc (nhãn chỉ mô tả dấu hiệu trong truy vấn, KHÔNG chứng minh người tìm sẽ mua)",ánh xạ file→seed suy từ nội dung file (tên file chỉ ghi timestamp)
M-K426,M-S301,đại học tài chính marketing,Việt Nam,2024-01-01,2026-10-08,Google Trends related-query interest index (Top),17,,,index 0–100 (chuẩn hóa riêng theo seed),Google Trends related queries (Top) cho seed 'học digital marketing',index tương đối 0–100 (không phải volume),index nguyên văn trong CSV; biến động: 10%; index tương đối — KHÔNG phải volume tuyệt đối; KHÔNG so sánh liên-seed (mỗi seed chuẩn hóa riêng); KHÔNG quy đổi index thành lượt tìm kiếm,không nêu rõ (Google có thể gộp biến thể truy vấn),university,"chứa 'đại học' (nhãn chỉ mô tả dấu hiệu trong truy vấn, KHÔNG chứng minh người tìm sẽ mua)",ánh xạ file→seed suy từ nội dung file (tên file chỉ ghi timestamp)
M-K427,M-S301,digital marketing học ở đâu,Việt Nam,2024-01-01,2026-10-08,Google Trends related-query interest index (Top),15,,,index 0–100 (chuẩn hóa riêng theo seed),Google Trends related queries (Top) cho seed 'học digital marketing',index tương đối 0–100 (không phải volume),index nguyên văn trong CSV; biến động: -4%; index tương đối — KHÔNG phải volume tuyệt đối; KHÔNG so sánh liên-seed (mỗi seed chuẩn hóa riêng); KHÔNG quy đổi index thành lượt tìm kiếm,không nêu rõ (Google có thể gộp biến thể truy vấn),unknown,"hỏi địa điểm học; thiếu từ 'khóa học'/'lớp'/'đào tạo' theo định nghĩa nhãn (nhãn chỉ mô tả dấu hiệu trong truy vấn, KHÔNG chứng minh người tìm sẽ mua)",ánh xạ file→seed suy từ nội dung file (tên file chỉ ghi timestamp)
M-K428,M-S301,học digital marketing ở đâu,Việt Nam,2024-01-01,2026-10-08,Google Trends related-query interest index (Top),15,,,index 0–100 (chuẩn hóa riêng theo seed),Google Trends related queries (Top) cho seed 'học digital marketing',index tương đối 0–100 (không phải volume),index nguyên văn trong CSV; biến động: -6%; index tương đối — KHÔNG phải volume tuyệt đối; KHÔNG so sánh liên-seed (mỗi seed chuẩn hóa riêng); KHÔNG quy đổi index thành lượt tìm kiếm,không nêu rõ (Google có thể gộp biến thể truy vấn),unknown,"hỏi địa điểm học; thiếu từ 'khóa học'/'lớp'/'đào tạo' (nhãn chỉ mô tả dấu hiệu trong truy vấn, KHÔNG chứng minh người tìm sẽ mua)",ánh xạ file→seed suy từ nội dung file (tên file chỉ ghi timestamp)
M-K429,M-S301,đại học fpt,Việt Nam,2024-01-01,2026-10-08,Google Trends related-query interest index (Top),15,,,index 0–100 (chuẩn hóa riêng theo seed),Google Trends related queries (Top) cho seed 'học digital marketing',index tương đối 0–100 (không phải volume),index nguyên văn trong CSV; biến động: -20%; index tương đối — KHÔNG phải volume tuyệt đối; KHÔNG so sánh liên-seed (mỗi seed chuẩn hóa riêng); KHÔNG quy đổi index thành lượt tìm kiếm,không nêu rõ (Google có thể gộp biến thể truy vấn),university,"chứa 'đại học' (nhãn chỉ mô tả dấu hiệu trong truy vấn, KHÔNG chứng minh người tìm sẽ mua)",ánh xạ file→seed suy từ nội dung file (tên file chỉ ghi timestamp)
M-K430,M-S301,ueh,Việt Nam,2024-01-01,2026-10-08,Google Trends related-query interest index (Top),14,,,index 0–100 (chuẩn hóa riêng theo seed),Google Trends related queries (Top) cho seed 'học digital marketing',index tương đối 0–100 (không phải volume),index nguyên văn trong CSV; biến động: 60%; index tương đối — KHÔNG phải volume tuyệt đối; KHÔNG so sánh liên-seed (mỗi seed chuẩn hóa riêng); KHÔNG quy đổi index thành lượt tìm kiếm,không nêu rõ (Google có thể gộp biến thể truy vấn),university,"viết tắt tên trường ĐH (nhãn chỉ mô tả dấu hiệu trong truy vấn, KHÔNG chứng minh người tìm sẽ mua)",ánh xạ file→seed suy từ nội dung file (tên file chỉ ghi timestamp)
M-K431,M-S301,học digital marketing ra làm gì,Việt Nam,2024-01-01,2026-10-08,Google Trends related-query interest index (Top),13,,,index 0–100 (chuẩn hóa riêng theo seed),Google Trends related queries (Top) cho seed 'học digital marketing',index tương đối 0–100 (không phải volume),index nguyên văn trong CSV; biến động: -10%; index tương đối — KHÔNG phải volume tuyệt đối; KHÔNG so sánh liên-seed (mỗi seed chuẩn hóa riêng); KHÔNG quy đổi index thành lượt tìm kiếm,không nêu rõ (Google có thể gộp biến thể truy vấn),unknown,"hỏi việc làm sau học; thiếu dấu hiệu khóa/lớp/đại học (nhãn chỉ mô tả dấu hiệu trong truy vấn, KHÔNG chứng minh người tìm sẽ mua)",ánh xạ file→seed suy từ nội dung file (tên file chỉ ghi timestamp)
M-K432,M-S301,đại học thương mại,Việt Nam,2024-01-01,2026-10-08,Google Trends related-query interest index (Top),13,,,index 0–100 (chuẩn hóa riêng theo seed),Google Trends related queries (Top) cho seed 'học digital marketing',index tương đối 0–100 (không phải volume),index nguyên văn trong CSV; biến động: -20%; index tương đối — KHÔNG phải volume tuyệt đối; KHÔNG so sánh liên-seed (mỗi seed chuẩn hóa riêng); KHÔNG quy đổi index thành lượt tìm kiếm,không nêu rõ (Google có thể gộp biến thể truy vấn),university,"chứa 'đại học' (nhãn chỉ mô tả dấu hiệu trong truy vấn, KHÔNG chứng minh người tìm sẽ mua)",ánh xạ file→seed suy từ nội dung file (tên file chỉ ghi timestamp)
M-K433,M-S301,khóa học digital marketing online,Việt Nam,2024-01-01,2026-10-08,Google Trends related-query interest index (Top),12,,,index 0–100 (chuẩn hóa riêng theo seed),Google Trends related queries (Top) cho seed 'học digital marketing',index tương đối 0–100 (không phải volume),index nguyên văn trong CSV; biến động: -10%; index tương đối — KHÔNG phải volume tuyệt đối; KHÔNG so sánh liên-seed (mỗi seed chuẩn hóa riêng); KHÔNG quy đổi index thành lượt tìm kiếm,không nêu rõ (Google có thể gộp biến thể truy vấn),course_explicit,"chứa 'khóa học' (nhãn chỉ mô tả dấu hiệu trong truy vấn, KHÔNG chứng minh người tìm sẽ mua)",ánh xạ file→seed suy từ nội dung file (tên file chỉ ghi timestamp)
M-K434,M-S301,khóa học marketing online,Việt Nam,2024-01-01,2026-10-08,Google Trends related-query interest index (Top),12,,,index 0–100 (chuẩn hóa riêng theo seed),Google Trends related queries (Top) cho seed 'học digital marketing',index tương đối 0–100 (không phải volume),index nguyên văn trong CSV; biến động: -10%; index tương đối — KHÔNG phải volume tuyệt đối; KHÔNG so sánh liên-seed (mỗi seed chuẩn hóa riêng); KHÔNG quy đổi index thành lượt tìm kiếm,không nêu rõ (Google có thể gộp biến thể truy vấn),course_explicit,"chứa 'khóa học' (nhãn chỉ mô tả dấu hiệu trong truy vấn, KHÔNG chứng minh người tìm sẽ mua)",ánh xạ file→seed suy từ nội dung file (tên file chỉ ghi timestamp)
M-K435,M-S301,trường đại học tài chính marketing,Việt Nam,2024-01-01,2026-10-08,Google Trends related-query interest index (Top),12,,,index 0–100 (chuẩn hóa riêng theo seed),Google Trends related queries (Top) cho seed 'học digital marketing',index tương đối 0–100 (không phải volume),index nguyên văn trong CSV; biến động: -6%; index tương đối — KHÔNG phải volume tuyệt đối; KHÔNG so sánh liên-seed (mỗi seed chuẩn hóa riêng); KHÔNG quy đổi index thành lượt tìm kiếm,không nêu rõ (Google có thể gộp biến thể truy vấn),university,"chứa 'trường đại học' (nhãn chỉ mô tả dấu hiệu trong truy vấn, KHÔNG chứng minh người tìm sẽ mua)",ánh xạ file→seed suy từ nội dung file (tên file chỉ ghi timestamp)
M-K436,M-S301,học viện tài chính,Việt Nam,2024-01-01,2026-10-08,Google Trends related-query interest index (Top),11,,,index 0–100 (chuẩn hóa riêng theo seed),Google Trends related queries (Top) cho seed 'học digital marketing',index tương đối 0–100 (không phải volume),index nguyên văn trong CSV; biến động: 100%; index tương đối — KHÔNG phải volume tuyệt đối; KHÔNG so sánh liên-seed (mỗi seed chuẩn hóa riêng); KHÔNG quy đổi index thành lượt tìm kiếm,không nêu rõ (Google có thể gộp biến thể truy vấn),university,"'học viện' — cơ sở đào tạo (nhãn chỉ mô tả dấu hiệu trong truy vấn, KHÔNG chứng minh người tìm sẽ mua)",ánh xạ file→seed suy từ nội dung file (tên file chỉ ghi timestamp)
M-K437,M-S301,neu,Việt Nam,2024-01-01,2026-10-08,Google Trends related-query interest index (Top),10,,,index 0–100 (chuẩn hóa riêng theo seed),Google Trends related queries (Top) cho seed 'học digital marketing',index tương đối 0–100 (không phải volume),index nguyên văn trong CSV; biến động: 150%; index tương đối — KHÔNG phải volume tuyệt đối; KHÔNG so sánh liên-seed (mỗi seed chuẩn hóa riêng); KHÔNG quy đổi index thành lượt tìm kiếm,không nêu rõ (Google có thể gộp biến thể truy vấn),university,"viết tắt tên trường ĐH (nhãn chỉ mô tả dấu hiệu trong truy vấn, KHÔNG chứng minh người tìm sẽ mua)",ánh xạ file→seed suy từ nội dung file (tên file chỉ ghi timestamp)
M-K438,M-S301,các trường đào tạo digital marketing,Việt Nam,2024-01-01,2026-10-08,Google Trends related-query interest index (Top),10,,,index 0–100 (chuẩn hóa riêng theo seed),Google Trends related queries (Top) cho seed 'học digital marketing',index tương đối 0–100 (không phải volume),index nguyên văn trong CSV; biến động: -9%; index tương đối — KHÔNG phải volume tuyệt đối; KHÔNG so sánh liên-seed (mỗi seed chuẩn hóa riêng); KHÔNG quy đổi index thành lượt tìm kiếm,không nêu rõ (Google có thể gộp biến thể truy vấn),mixed,"chứa cả 'trường' (university) và 'đào tạo' (course_explicit) (nhãn chỉ mô tả dấu hiệu trong truy vấn, KHÔNG chứng minh người tìm sẽ mua)",ánh xạ file→seed suy từ nội dung file (tên file chỉ ghi timestamp)
M-K439,M-S301,thương mại điện tử,Việt Nam,2024-01-01,2026-10-08,Google Trends related-query interest index (Top),10,,,index 0–100 (chuẩn hóa riêng theo seed),Google Trends related queries (Top) cho seed 'học digital marketing',index tương đối 0–100 (không phải volume),index nguyên văn trong CSV; biến động: -5%; index tương đối — KHÔNG phải volume tuyệt đối; KHÔNG so sánh liên-seed (mỗi seed chuẩn hóa riêng); KHÔNG quy đổi index thành lượt tìm kiếm,không nêu rõ (Google có thể gộp biến thể truy vấn),unknown,"tên ngành/khái niệm (nhãn chỉ mô tả dấu hiệu trong truy vấn, KHÔNG chứng minh người tìm sẽ mua)",ánh xạ file→seed suy từ nội dung file (tên file chỉ ghi timestamp)
M-K440,M-S301,đại học tài chính marketing điểm chuẩn,Việt Nam,2024-01-01,2026-10-08,Google Trends related-query interest index (Top),9,,,index 0–100 (chuẩn hóa riêng theo seed),Google Trends related queries (Top) cho seed 'học digital marketing',index tương đối 0–100 (không phải volume),index nguyên văn trong CSV; biến động: 20%; index tương đối — KHÔNG phải volume tuyệt đối; KHÔNG so sánh liên-seed (mỗi seed chuẩn hóa riêng); KHÔNG quy đổi index thành lượt tìm kiếm,không nêu rõ (Google có thể gộp biến thể truy vấn),university,"'điểm chuẩn' — tuyển sinh (nhãn chỉ mô tả dấu hiệu trong truy vấn, KHÔNG chứng minh người tìm sẽ mua)",ánh xạ file→seed suy từ nội dung file (tên file chỉ ghi timestamp)
M-K441,M-S301,quản trị kinh doanh,Việt Nam,2024-01-01,2026-10-08,Google Trends related-query interest index (Top),9,,,index 0–100 (chuẩn hóa riêng theo seed),Google Trends related queries (Top) cho seed 'học digital marketing',index tương đối 0–100 (không phải volume),index nguyên văn trong CSV; biến động: -20%; index tương đối — KHÔNG phải volume tuyệt đối; KHÔNG so sánh liên-seed (mỗi seed chuẩn hóa riêng); KHÔNG quy đổi index thành lượt tìm kiếm,không nêu rõ (Google có thể gộp biến thể truy vấn),unknown,"tên ngành/khái niệm; thiếu dấu hiệu rõ ràng (nhãn chỉ mô tả dấu hiệu trong truy vấn, KHÔNG chứng minh người tìm sẽ mua)",ánh xạ file→seed suy từ nội dung file (tên file chỉ ghi timestamp)
M-K442,M-S301,seo,Việt Nam,2024-01-01,2026-10-08,Google Trends related-query interest index (Top),9,,,index 0–100 (chuẩn hóa riêng theo seed),Google Trends related queries (Top) cho seed 'học digital marketing',index tương đối 0–100 (không phải volume),index nguyên văn trong CSV; biến động: -20%; index tương đối — KHÔNG phải volume tuyệt đối; KHÔNG so sánh liên-seed (mỗi seed chuẩn hóa riêng); KHÔNG quy đổi index thành lượt tìm kiếm,không nêu rõ (Google có thể gộp biến thể truy vấn),unknown,"kỹ năng/chủ đề (nhãn chỉ mô tả dấu hiệu trong truy vấn, KHÔNG chứng minh người tìm sẽ mua)",ánh xạ file→seed suy từ nội dung file (tên file chỉ ghi timestamp)
M-K443,M-S301,học digital marketing đà nẵng,Việt Nam,2024-01-01,2026-10-08,Google Trends related-query interest index (Top),9,,,index 0–100 (chuẩn hóa riêng theo seed),Google Trends related queries (Top) cho seed 'học digital marketing',index tương đối 0–100 (không phải volume),index nguyên văn trong CSV; biến động: -10%; index tương đối — KHÔNG phải volume tuyệt đối; KHÔNG so sánh liên-seed (mỗi seed chuẩn hóa riêng); KHÔNG quy đổi index thành lượt tìm kiếm,không nêu rõ (Google có thể gộp biến thể truy vấn),unknown,"địa điểm + 'học'; thiếu từ 'khóa học'/'lớp'/'đào tạo' (nhãn chỉ mô tả dấu hiệu trong truy vấn, KHÔNG chứng minh người tìm sẽ mua)",ánh xạ file→seed suy từ nội dung file (tên file chỉ ghi timestamp)
M-K444,M-S301,logistics,Việt Nam,2024-01-01,2026-10-08,Google Trends related-query interest index (Top),8,,,index 0–100 (chuẩn hóa riêng theo seed),Google Trends related queries (Top) cho seed 'học digital marketing',index tương đối 0–100 (không phải volume),index nguyên văn trong CSV; biến động: 0%; index tương đối — KHÔNG phải volume tuyệt đối; KHÔNG so sánh liên-seed (mỗi seed chuẩn hóa riêng); KHÔNG quy đổi index thành lượt tìm kiếm,không nêu rõ (Google có thể gộp biến thể truy vấn),unknown,"tên ngành/khái niệm (nhãn chỉ mô tả dấu hiệu trong truy vấn, KHÔNG chứng minh người tìm sẽ mua)",ánh xạ file→seed suy từ nội dung file (tên file chỉ ghi timestamp)
M-K445,M-S301,uef,Việt Nam,2024-01-01,2026-10-08,Google Trends related-query interest index (Top),7,,,index 0–100 (chuẩn hóa riêng theo seed),Google Trends related queries (Top) cho seed 'học digital marketing',index tương đối 0–100 (không phải volume),index nguyên văn trong CSV; biến động: 50%; index tương đối — KHÔNG phải volume tuyệt đối; KHÔNG so sánh liên-seed (mỗi seed chuẩn hóa riêng); KHÔNG quy đổi index thành lượt tìm kiếm,không nêu rõ (Google có thể gộp biến thể truy vấn),university,"viết tắt tên trường ĐH (nhãn chỉ mô tả dấu hiệu trong truy vấn, KHÔNG chứng minh người tìm sẽ mua)",ánh xạ file→seed suy từ nội dung file (tên file chỉ ghi timestamp)
M-K446,M-S301,digital marketing cần học những gì,Việt Nam,2024-01-01,2026-10-08,Google Trends related-query interest index (Top),7,,,index 0–100 (chuẩn hóa riêng theo seed),Google Trends related queries (Top) cho seed 'học digital marketing',index tương đối 0–100 (không phải volume),index nguyên văn trong CSV; biến động: -10%; index tương đối — KHÔNG phải volume tuyệt đối; KHÔNG so sánh liên-seed (mỗi seed chuẩn hóa riêng); KHÔNG quy đổi index thành lượt tìm kiếm,không nêu rõ (Google có thể gộp biến thể truy vấn),unknown,"hỏi nội dung học; thiếu dấu hiệu (nhãn chỉ mô tả dấu hiệu trong truy vấn, KHÔNG chứng minh người tìm sẽ mua)",ánh xạ file→seed suy từ nội dung file (tên file chỉ ghi timestamp)
M-K447,M-S301,đại học mở,Việt Nam,2024-01-01,2026-10-08,Google Trends related-query interest index (Top),7,,,index 0–100 (chuẩn hóa riêng theo seed),Google Trends related queries (Top) cho seed 'học digital marketing',index tương đối 0–100 (không phải volume),index nguyên văn trong CSV; biến động: 9%; index tương đối — KHÔNG phải volume tuyệt đối; KHÔNG so sánh liên-seed (mỗi seed chuẩn hóa riêng); KHÔNG quy đổi index thành lượt tìm kiếm,không nêu rõ (Google có thể gộp biến thể truy vấn),university,"chứa 'đại học' (nhãn chỉ mô tả dấu hiệu trong truy vấn, KHÔNG chứng minh người tìm sẽ mua)",ánh xạ file→seed suy từ nội dung file (tên file chỉ ghi timestamp)
M-K448,M-S301,đại học ngoại thương,Việt Nam,2024-01-01,2026-10-08,Google Trends related-query interest index (Top),7,,,index 0–100 (chuẩn hóa riêng theo seed),Google Trends related queries (Top) cho seed 'học digital marketing',index tương đối 0–100 (không phải volume),index nguyên văn trong CSV; biến động: 1%; index tương đối — KHÔNG phải volume tuyệt đối; KHÔNG so sánh liên-seed (mỗi seed chuẩn hóa riêng); KHÔNG quy đổi index thành lượt tìm kiếm,không nêu rõ (Google có thể gộp biến thể truy vấn),university,"chứa 'đại học' (nhãn chỉ mô tả dấu hiệu trong truy vấn, KHÔNG chứng minh người tìm sẽ mua)",ánh xạ file→seed suy từ nội dung file (tên file chỉ ghi timestamp)
M-K449,M-S301,công nghệ thông tin,Việt Nam,2024-01-01,2026-10-08,Google Trends related-query interest index (Top),7,,,index 0–100 (chuẩn hóa riêng theo seed),Google Trends related queries (Top) cho seed 'học digital marketing',index tương đối 0–100 (không phải volume),index nguyên văn trong CSV; biến động: -20%; index tương đối — KHÔNG phải volume tuyệt đối; KHÔNG so sánh liên-seed (mỗi seed chuẩn hóa riêng); KHÔNG quy đổi index thành lượt tìm kiếm,không nêu rõ (Google có thể gộp biến thể truy vấn),unknown,"tên ngành/khái niệm (nhãn chỉ mô tả dấu hiệu trong truy vấn, KHÔNG chứng minh người tìm sẽ mua)",ánh xạ file→seed suy từ nội dung file (tên file chỉ ghi timestamp)
M-K450,M-S301,content marketing,Việt Nam,2024-01-01,2026-10-08,Google Trends related-query interest index (Top),7,,,index 0–100 (chuẩn hóa riêng theo seed),Google Trends related queries (Top) cho seed 'học digital marketing',index tương đối 0–100 (không phải volume),index nguyên văn trong CSV; biến động: 3%; index tương đối — KHÔNG phải volume tuyệt đối; KHÔNG so sánh liên-seed (mỗi seed chuẩn hóa riêng); KHÔNG quy đổi index thành lượt tìm kiếm,không nêu rõ (Google có thể gộp biến thể truy vấn),unknown,"chủ đề/kỹ năng (nhãn chỉ mô tả dấu hiệu trong truy vấn, KHÔNG chứng minh người tìm sẽ mua)",ánh xạ file→seed suy từ nội dung file (tên file chỉ ghi timestamp)
M-K451,M-S301,digital marketing làm nghề gì,Việt Nam,2024-01-01,2026-10-08,Google Trends related-query interest index (Top),7,,,index 0–100 (chuẩn hóa riêng theo seed),Google Trends related queries (Top) cho seed 'học digital marketing',index tương đối 0–100 (không phải volume),index nguyên văn trong CSV; biến động: 20%; index tương đối — KHÔNG phải volume tuyệt đối; KHÔNG so sánh liên-seed (mỗi seed chuẩn hóa riêng); KHÔNG quy đổi index thành lượt tìm kiếm,không nêu rõ (Google có thể gộp biến thể truy vấn),unknown,"hỏi về nghề nghiệp (nhãn chỉ mô tả dấu hiệu trong truy vấn, KHÔNG chứng minh người tìm sẽ mua)",ánh xạ file→seed suy từ nội dung file (tên file chỉ ghi timestamp)
M-K452,M-S301,truyền thông đa phương tiện,Việt Nam,2024-01-01,2026-10-08,Google Trends related-query interest index (Top),7,,,index 0–100 (chuẩn hóa riêng theo seed),Google Trends related queries (Top) cho seed 'học digital marketing',index tương đối 0–100 (không phải volume),index nguyên văn trong CSV; biến động: -10%; index tương đối — KHÔNG phải volume tuyệt đối; KHÔNG so sánh liên-seed (mỗi seed chuẩn hóa riêng); KHÔNG quy đổi index thành lượt tìm kiếm,không nêu rõ (Google có thể gộp biến thể truy vấn),unknown,"tên ngành/khái niệm (nhãn chỉ mô tả dấu hiệu trong truy vấn, KHÔNG chứng minh người tìm sẽ mua)",ánh xạ file→seed suy từ nội dung file (tên file chỉ ghi timestamp)
M-K453,M-S301,uel,Việt Nam,2024-01-01,2026-10-08,Google Trends related-query interest index (Top),6,,,index 0–100 (chuẩn hóa riêng theo seed),Google Trends related queries (Top) cho seed 'học digital marketing',index tương đối 0–100 (không phải volume),index nguyên văn trong CSV; biến động: 150%; index tương đối — KHÔNG phải volume tuyệt đối; KHÔNG so sánh liên-seed (mỗi seed chuẩn hóa riêng); KHÔNG quy đổi index thành lượt tìm kiếm,không nêu rõ (Google có thể gộp biến thể truy vấn),university,"viết tắt tên trường ĐH (nhãn chỉ mô tả dấu hiệu trong truy vấn, KHÔNG chứng minh người tìm sẽ mua)",ánh xạ file→seed suy từ nội dung file (tên file chỉ ghi timestamp)
M-K454,M-S301,hutech,Việt Nam,2024-01-01,2026-10-08,Google Trends related-query interest index (Top),6,,,index 0–100 (chuẩn hóa riêng theo seed),Google Trends related queries (Top) cho seed 'học digital marketing',index tương đối 0–100 (không phải volume),index nguyên văn trong CSV; biến động: -20%; index tương đối — KHÔNG phải volume tuyệt đối; KHÔNG so sánh liên-seed (mỗi seed chuẩn hóa riêng); KHÔNG quy đổi index thành lượt tìm kiếm,không nêu rõ (Google có thể gộp biến thể truy vấn),university,"viết tắt tên trường ĐH (nhãn chỉ mô tả dấu hiệu trong truy vấn, KHÔNG chứng minh người tìm sẽ mua)",ánh xạ file→seed suy từ nội dung file (tên file chỉ ghi timestamp)
M-K455,M-S301,học viện tài chính điểm chuẩn,Việt Nam,2024-01-01,2026-10-08,Google Trends related-query interest index (Rising),5,,,index 0–100 (chuẩn hóa riêng theo seed),Google Trends related queries (Rising) cho seed 'học digital marketing',index tương đối 0–100 (không phải volume),index nguyên văn trong CSV; biến động: 80%; index tương đối — KHÔNG phải volume tuyệt đối; KHÔNG so sánh liên-seed (mỗi seed chuẩn hóa riêng); KHÔNG quy đổi index thành lượt tìm kiếm,không nêu rõ (Google có thể gộp biến thể truy vấn),university,"'học viện' + 'điểm chuẩn' (nhãn chỉ mô tả dấu hiệu trong truy vấn, KHÔNG chứng minh người tìm sẽ mua)",ánh xạ file→seed suy từ nội dung file (tên file chỉ ghi timestamp)
M-K456,M-S301,đại học tài chính marketing điểm chuẩn,Việt Nam,2024-01-01,2026-10-08,Google Trends related-query interest index (Rising),9,,,index 0–100 (chuẩn hóa riêng theo seed),Google Trends related queries (Rising) cho seed 'học digital marketing',index tương đối 0–100 (không phải volume),index nguyên văn trong CSV; biến động: 20%; index tương đối — KHÔNG phải volume tuyệt đối; KHÔNG so sánh liên-seed (mỗi seed chuẩn hóa riêng); KHÔNG quy đổi index thành lượt tìm kiếm,không nêu rõ (Google có thể gộp biến thể truy vấn),university,"'điểm chuẩn' — tuyển sinh (nhãn chỉ mô tả dấu hiệu trong truy vấn, KHÔNG chứng minh người tìm sẽ mua)",ánh xạ file→seed suy từ nội dung file (tên file chỉ ghi timestamp)
M-K457,M-S301,digital marketing làm nghề gì,Việt Nam,2024-01-01,2026-10-08,Google Trends related-query interest index (Rising),7,,,index 0–100 (chuẩn hóa riêng theo seed),Google Trends related queries (Rising) cho seed 'học digital marketing',index tương đối 0–100 (không phải volume),index nguyên văn trong CSV; biến động: 20%; index tương đối — KHÔNG phải volume tuyệt đối; KHÔNG so sánh liên-seed (mỗi seed chuẩn hóa riêng); KHÔNG quy đổi index thành lượt tìm kiếm,không nêu rõ (Google có thể gộp biến thể truy vấn),unknown,"hỏi về nghề nghiệp (nhãn chỉ mô tả dấu hiệu trong truy vấn, KHÔNG chứng minh người tìm sẽ mua)",ánh xạ file→seed suy từ nội dung file (tên file chỉ ghi timestamp)
M-K458,M-S301,digital marketing la gì,Việt Nam,2024-01-01,2026-10-08,Google Trends related-query interest index (Rising),5,,,index 0–100 (chuẩn hóa riêng theo seed),Google Trends related queries (Rising) cho seed 'học digital marketing',index tương đối 0–100 (không phải volume),index nguyên văn trong CSV; biến động: 20%; index tương đối — KHÔNG phải volume tuyệt đối; KHÔNG so sánh liên-seed (mỗi seed chuẩn hóa riêng); KHÔNG quy đổi index thành lượt tìm kiếm,không nêu rõ (Google có thể gộp biến thể truy vấn),unknown,"định nghĩa khái niệm (biến thể thiếu dấu của 'là') (nhãn chỉ mô tả dấu hiệu trong truy vấn, KHÔNG chứng minh người tìm sẽ mua)",ánh xạ file→seed suy từ nội dung file (tên file chỉ ghi timestamp)
M-K459,M-S301,đại học quốc gia hà nội,Việt Nam,2024-01-01,2026-10-08,Google Trends related-query interest index (Rising),4,,,index 0–100 (chuẩn hóa riêng theo seed),Google Trends related queries (Rising) cho seed 'học digital marketing',index tương đối 0–100 (không phải volume),index nguyên văn trong CSV; biến động: 10%; index tương đối — KHÔNG phải volume tuyệt đối; KHÔNG so sánh liên-seed (mỗi seed chuẩn hóa riêng); KHÔNG quy đổi index thành lượt tìm kiếm,không nêu rõ (Google có thể gộp biến thể truy vấn),university,"chứa 'đại học' (nhãn chỉ mô tả dấu hiệu trong truy vấn, KHÔNG chứng minh người tìm sẽ mua)",ánh xạ file→seed suy từ nội dung file (tên file chỉ ghi timestamp)
M-K460,M-S301,google digital garage,Việt Nam,2024-01-01,2026-10-08,Google Trends related-query interest index (Rising),4,,,index 0–100 (chuẩn hóa riêng theo seed),Google Trends related queries (Rising) cho seed 'học digital marketing',index tương đối 0–100 (không phải volume),index nguyên văn trong CSV; biến động: 10%; index tương đối — KHÔNG phải volume tuyệt đối; KHÔNG so sánh liên-seed (mỗi seed chuẩn hóa riêng); KHÔNG quy đổi index thành lượt tìm kiếm,không nêu rõ (Google có thể gộp biến thể truy vấn),unknown,"tên chương trình/thương hiệu Google; suy luận 'là khóa học' nằm ngoài dấu hiệu trong truy vấn (nhãn chỉ mô tả dấu hiệu trong truy vấn, KHÔNG chứng minh người tìm sẽ mua)",ánh xạ file→seed suy từ nội dung file (tên file chỉ ghi timestamp)
M-K461,M-S301,khóa học seo,Việt Nam,2024-01-01,2026-10-08,Google Trends related-query interest index (Rising),4,,,index 0–100 (chuẩn hóa riêng theo seed),Google Trends related queries (Rising) cho seed 'học digital marketing',index tương đối 0–100 (không phải volume),index nguyên văn trong CSV; biến động: -9%; index tương đối — KHÔNG phải volume tuyệt đối; KHÔNG so sánh liên-seed (mỗi seed chuẩn hóa riêng); KHÔNG quy đổi index thành lượt tìm kiếm,không nêu rõ (Google có thể gộp biến thể truy vấn),course_explicit,"chứa 'khóa học' (nhãn chỉ mô tả dấu hiệu trong truy vấn, KHÔNG chứng minh người tìm sẽ mua)",ánh xạ file→seed suy từ nội dung file (tên file chỉ ghi timestamp)
M-K462,M-S301,ai for marketing,Việt Nam,2024-01-01,2026-10-08,Google Trends related-query interest index (Top),100,,,index 0–100 (chuẩn hóa riêng theo seed),Google Trends related queries (Top) cho seed 'ai marketing',index tương đối 0–100 (không phải volume),index nguyên văn trong CSV; biến động: 1.650%; index tương đối — KHÔNG phải volume tuyệt đối; KHÔNG so sánh liên-seed (mỗi seed chuẩn hóa riêng); KHÔNG quy đổi index thành lượt tìm kiếm,không nêu rõ (Google có thể gộp biến thể truy vấn),tool_or_model,"'ai for marketing' — ứng dụng AI trong marketing (nhãn chỉ mô tả dấu hiệu trong truy vấn, KHÔNG chứng minh người tìm sẽ mua)",ánh xạ file→seed suy từ nội dung file (tên file chỉ ghi timestamp)
M-K463,M-S301,ai in marketing,Việt Nam,2024-01-01,2026-10-08,Google Trends related-query interest index (Top),96,,,index 0–100 (chuẩn hóa riêng theo seed),Google Trends related queries (Top) cho seed 'ai marketing',index tương đối 0–100 (không phải volume),index nguyên văn trong CSV; biến động: 800%; index tương đối — KHÔNG phải volume tuyệt đối; KHÔNG so sánh liên-seed (mỗi seed chuẩn hóa riêng); KHÔNG quy đổi index thành lượt tìm kiếm,không nêu rõ (Google có thể gộp biến thể truy vấn),tool_or_model,"'ai in marketing' — ứng dụng AI (nhãn chỉ mô tả dấu hiệu trong truy vấn, KHÔNG chứng minh người tìm sẽ mua)",ánh xạ file→seed suy từ nội dung file (tên file chỉ ghi timestamp)
M-K464,M-S301,ai digital marketing,Việt Nam,2024-01-01,2026-10-08,Google Trends related-query interest index (Top),49,,,index 0–100 (chuẩn hóa riêng theo seed),Google Trends related queries (Top) cho seed 'ai marketing',index tương đối 0–100 (không phải volume),index nguyên văn trong CSV; biến động: 500%; index tương đối — KHÔNG phải volume tuyệt đối; KHÔNG so sánh liên-seed (mỗi seed chuẩn hóa riêng); KHÔNG quy đổi index thành lượt tìm kiếm,không nêu rõ (Google có thể gộp biến thể truy vấn),tool_or_model,"chứa 'ai' + marketing (nhãn chỉ mô tả dấu hiệu trong truy vấn, KHÔNG chứng minh người tìm sẽ mua)",ánh xạ file→seed suy từ nội dung file (tên file chỉ ghi timestamp)
M-K465,M-S301,digital marketing,Việt Nam,2024-01-01,2026-10-08,Google Trends related-query interest index (Top),49,,,index 0–100 (chuẩn hóa riêng theo seed),Google Trends related queries (Top) cho seed 'ai marketing',index tương đối 0–100 (không phải volume),index nguyên văn trong CSV; biến động: 500%; index tương đối — KHÔNG phải volume tuyệt đối; KHÔNG so sánh liên-seed (mỗi seed chuẩn hóa riêng); KHÔNG quy đổi index thành lượt tìm kiếm,không nêu rõ (Google có thể gộp biến thể truy vấn),unknown,"chủ đề chung (nhãn chỉ mô tả dấu hiệu trong truy vấn, KHÔNG chứng minh người tìm sẽ mua)",ánh xạ file→seed suy từ nội dung file (tên file chỉ ghi timestamp)
M-K466,M-S301,ai marketing là gì,Việt Nam,2024-01-01,2026-10-08,Google Trends related-query interest index (Top),42,,,index 0–100 (chuẩn hóa riêng theo seed),Google Trends related queries (Top) cho seed 'ai marketing',index tương đối 0–100 (không phải volume),index nguyên văn trong CSV; biến động: 20%; index tương đối — KHÔNG phải volume tuyệt đối; KHÔNG so sánh liên-seed (mỗi seed chuẩn hóa riêng); KHÔNG quy đổi index thành lượt tìm kiếm,không nêu rõ (Google có thể gộp biến thể truy vấn),unknown,"định nghĩa khái niệm (nhãn chỉ mô tả dấu hiệu trong truy vấn, KHÔNG chứng minh người tìm sẽ mua)",ánh xạ file→seed suy từ nội dung file (tên file chỉ ghi timestamp)
M-K467,M-S301,marketing là gì,Việt Nam,2024-01-01,2026-10-08,Google Trends related-query interest index (Top),42,,,index 0–100 (chuẩn hóa riêng theo seed),Google Trends related queries (Top) cho seed 'ai marketing',index tương đối 0–100 (không phải volume),index nguyên văn trong CSV; biến động: 20%; index tương đối — KHÔNG phải volume tuyệt đối; KHÔNG so sánh liên-seed (mỗi seed chuẩn hóa riêng); KHÔNG quy đổi index thành lượt tìm kiếm,không nêu rõ (Google có thể gộp biến thể truy vấn),unknown,"định nghĩa khái niệm (nhãn chỉ mô tả dấu hiệu trong truy vấn, KHÔNG chứng minh người tìm sẽ mua)",ánh xạ file→seed suy từ nội dung file (tên file chỉ ghi timestamp)
M-K468,M-S301,ai là gì,Việt Nam,2024-01-01,2026-10-08,Google Trends related-query interest index (Top),41,,,index 0–100 (chuẩn hóa riêng theo seed),Google Trends related queries (Top) cho seed 'ai marketing',index tương đối 0–100 (không phải volume),index nguyên văn trong CSV; biến động: 20%; index tương đối — KHÔNG phải volume tuyệt đối; KHÔNG so sánh liên-seed (mỗi seed chuẩn hóa riêng); KHÔNG quy đổi index thành lượt tìm kiếm,không nêu rõ (Google có thể gộp biến thể truy vấn),unknown,"định nghĩa khái niệm (nhãn chỉ mô tả dấu hiệu trong truy vấn, KHÔNG chứng minh người tìm sẽ mua)",ánh xạ file→seed suy từ nội dung file (tên file chỉ ghi timestamp)
M-K469,M-S301,ai marketing news,Việt Nam,2024-01-01,2026-10-08,Google Trends related-query interest index (Top),38,,,index 0–100 (chuẩn hóa riêng theo seed),Google Trends related queries (Top) cho seed 'ai marketing',index tương đối 0–100 (không phải volume),index nguyên văn trong CSV; biến động: Breakout; index tương đối — KHÔNG phải volume tuyệt đối; KHÔNG so sánh liên-seed (mỗi seed chuẩn hóa riêng); KHÔNG quy đổi index thành lượt tìm kiếm,không nêu rõ (Google có thể gộp biến thể truy vấn),news,"chứa 'news' — tin tức (nhãn chỉ mô tả dấu hiệu trong truy vấn, KHÔNG chứng minh người tìm sẽ mua)",ánh xạ file→seed suy từ nội dung file (tên file chỉ ghi timestamp)
M-K470,M-S301,ai content marketing,Việt Nam,2024-01-01,2026-10-08,Google Trends related-query interest index (Top),36,,,index 0–100 (chuẩn hóa riêng theo seed),Google Trends related queries (Top) cho seed 'ai marketing',index tương đối 0–100 (không phải volume),index nguyên văn trong CSV; biến động: 500%; index tương đối — KHÔNG phải volume tuyệt đối; KHÔNG so sánh liên-seed (mỗi seed chuẩn hóa riêng); KHÔNG quy đổi index thành lượt tìm kiếm,không nêu rõ (Google có thể gộp biến thể truy vấn),tool_or_model,"'ai content marketing' — ứng dụng AI (nhãn chỉ mô tả dấu hiệu trong truy vấn, KHÔNG chứng minh người tìm sẽ mua)",ánh xạ file→seed suy từ nội dung file (tên file chỉ ghi timestamp)
M-K471,M-S301,content marketing,Việt Nam,2024-01-01,2026-10-08,Google Trends related-query interest index (Top),36,,,index 0–100 (chuẩn hóa riêng theo seed),Google Trends related queries (Top) cho seed 'ai marketing',index tương đối 0–100 (không phải volume),index nguyên văn trong CSV; biến động: 550%; index tương đối — KHÔNG phải volume tuyệt đối; KHÔNG so sánh liên-seed (mỗi seed chuẩn hóa riêng); KHÔNG quy đổi index thành lượt tìm kiếm,không nêu rõ (Google có thể gộp biến thể truy vấn),unknown,"chủ đề/kỹ năng (nhãn chỉ mô tả dấu hiệu trong truy vấn, KHÔNG chứng minh người tìm sẽ mua)",ánh xạ file→seed suy từ nội dung file (tên file chỉ ghi timestamp)
M-K472,M-S301,google ai,Việt Nam,2024-01-01,2026-10-08,Google Trends related-query interest index (Top),35,,,index 0–100 (chuẩn hóa riêng theo seed),Google Trends related queries (Top) cho seed 'ai marketing',index tương đối 0–100 (không phải volume),index nguyên văn trong CSV; biến động: 350%; index tương đối — KHÔNG phải volume tuyệt đối; KHÔNG so sánh liên-seed (mỗi seed chuẩn hóa riêng); KHÔNG quy đổi index thành lượt tìm kiếm,không nêu rõ (Google có thể gộp biến thể truy vấn),tool_or_model,"tên mô hình/nền tảng AI (Google AI) (nhãn chỉ mô tả dấu hiệu trong truy vấn, KHÔNG chứng minh người tìm sẽ mua)",ánh xạ file→seed suy từ nội dung file (tên file chỉ ghi timestamp)
M-K473,M-S301,ai marketing tools,Việt Nam,2024-01-01,2026-10-08,Google Trends related-query interest index (Top),28,,,index 0–100 (chuẩn hóa riêng theo seed),Google Trends related queries (Top) cho seed 'ai marketing',index tương đối 0–100 (không phải volume),index nguyên văn trong CSV; biến động: 1.100%; index tương đối — KHÔNG phải volume tuyệt đối; KHÔNG so sánh liên-seed (mỗi seed chuẩn hóa riêng); KHÔNG quy đổi index thành lượt tìm kiếm,không nêu rõ (Google có thể gộp biến thể truy vấn),tool_or_model,"chứa 'tools' — công cụ (nhãn chỉ mô tả dấu hiệu trong truy vấn, KHÔNG chứng minh người tìm sẽ mua)",ánh xạ file→seed suy từ nội dung file (tên file chỉ ghi timestamp)
M-K474,M-S301,email marketing,Việt Nam,2024-01-01,2026-10-08,Google Trends related-query interest index (Top),19,,,index 0–100 (chuẩn hóa riêng theo seed),Google Trends related queries (Top) cho seed 'ai marketing',index tương đối 0–100 (không phải volume),index nguyên văn trong CSV; biến động: 750%; index tương đối — KHÔNG phải volume tuyệt đối; KHÔNG so sánh liên-seed (mỗi seed chuẩn hóa riêng); KHÔNG quy đổi index thành lượt tìm kiếm,không nêu rõ (Google có thể gộp biến thể truy vấn),unknown,"chủ đề/kỹ năng (nhãn chỉ mô tả dấu hiệu trong truy vấn, KHÔNG chứng minh người tìm sẽ mua)",ánh xạ file→seed suy từ nội dung file (tên file chỉ ghi timestamp)
M-K475,M-S301,email marketing ai,Việt Nam,2024-01-01,2026-10-08,Google Trends related-query interest index (Top),19,,,index 0–100 (chuẩn hóa riêng theo seed),Google Trends related queries (Top) cho seed 'ai marketing',index tương đối 0–100 (không phải volume),index nguyên văn trong CSV; biến động: 750%; index tương đối — KHÔNG phải volume tuyệt đối; KHÔNG so sánh liên-seed (mỗi seed chuẩn hóa riêng); KHÔNG quy đổi index thành lượt tìm kiếm,không nêu rõ (Google có thể gộp biến thể truy vấn),tool_or_model,"'email marketing' + 'ai' — ứng dụng AI (nhãn chỉ mô tả dấu hiệu trong truy vấn, KHÔNG chứng minh người tìm sẽ mua)",ánh xạ file→seed suy từ nội dung file (tên file chỉ ghi timestamp)
M-K476,M-S301,ai marketing automation,Việt Nam,2024-01-01,2026-10-08,Google Trends related-query interest index (Top),18,,,index 0–100 (chuẩn hóa riêng theo seed),Google Trends related queries (Top) cho seed 'ai marketing',index tương đối 0–100 (không phải volume),index nguyên văn trong CSV; biến động: 2.150%; index tương đối — KHÔNG phải volume tuyệt đối; KHÔNG so sánh liên-seed (mỗi seed chuẩn hóa riêng); KHÔNG quy đổi index thành lượt tìm kiếm,không nêu rõ (Google có thể gộp biến thể truy vấn),tool_or_model,"'automation' — công cụ/tự động hóa AI (nhãn chỉ mô tả dấu hiệu trong truy vấn, KHÔNG chứng minh người tìm sẽ mua)",ánh xạ file→seed suy từ nội dung file (tên file chỉ ghi timestamp)
M-K477,M-S301,social media marketing,Việt Nam,2024-01-01,2026-10-08,Google Trends related-query interest index (Top),18,,,index 0–100 (chuẩn hóa riêng theo seed),Google Trends related queries (Top) cho seed 'ai marketing',index tương đối 0–100 (không phải volume),index nguyên văn trong CSV; biến động: 1.350%; index tương đối — KHÔNG phải volume tuyệt đối; KHÔNG so sánh liên-seed (mỗi seed chuẩn hóa riêng); KHÔNG quy đổi index thành lượt tìm kiếm,không nêu rõ (Google có thể gộp biến thể truy vấn),unknown,"chủ đề/kỹ năng (nhãn chỉ mô tả dấu hiệu trong truy vấn, KHÔNG chứng minh người tìm sẽ mua)",ánh xạ file→seed suy từ nội dung file (tên file chỉ ghi timestamp)
M-K478,M-S301,ai in digital marketing,Việt Nam,2024-01-01,2026-10-08,Google Trends related-query interest index (Top),16,,,index 0–100 (chuẩn hóa riêng theo seed),Google Trends related queries (Top) cho seed 'ai marketing',index tương đối 0–100 (không phải volume),index nguyên văn trong CSV; biến động: 1.250%; index tương đối — KHÔNG phải volume tuyệt đối; KHÔNG so sánh liên-seed (mỗi seed chuẩn hóa riêng); KHÔNG quy đổi index thành lượt tìm kiếm,không nêu rõ (Google có thể gộp biến thể truy vấn),tool_or_model,"'ai in digital marketing' — ứng dụng AI (nhãn chỉ mô tả dấu hiệu trong truy vấn, KHÔNG chứng minh người tìm sẽ mua)",ánh xạ file→seed suy từ nội dung file (tên file chỉ ghi timestamp)
M-K479,M-S301,ai marketing agent,Việt Nam,2024-01-01,2026-10-08,Google Trends related-query interest index (Top),16,,,index 0–100 (chuẩn hóa riêng theo seed),Google Trends related queries (Top) cho seed 'ai marketing',index tương đối 0–100 (không phải volume),index nguyên văn trong CSV; biến động: Breakout; index tương đối — KHÔNG phải volume tuyệt đối; KHÔNG so sánh liên-seed (mỗi seed chuẩn hóa riêng); KHÔNG quy đổi index thành lượt tìm kiếm,không nêu rõ (Google có thể gộp biến thể truy vấn),tool_or_model,"'agent' — tác tử AI (nhãn chỉ mô tả dấu hiệu trong truy vấn, KHÔNG chứng minh người tìm sẽ mua)",ánh xạ file→seed suy từ nội dung file (tên file chỉ ghi timestamp)
M-K480,M-S301,ai tools for marketing,Việt Nam,2024-01-01,2026-10-08,Google Trends related-query interest index (Top),15,,,index 0–100 (chuẩn hóa riêng theo seed),Google Trends related queries (Top) cho seed 'ai marketing',index tương đối 0–100 (không phải volume),index nguyên văn trong CSV; biến động: 1.800%; index tương đối — KHÔNG phải volume tuyệt đối; KHÔNG so sánh liên-seed (mỗi seed chuẩn hóa riêng); KHÔNG quy đổi index thành lượt tìm kiếm,không nêu rõ (Google có thể gộp biến thể truy vấn),tool_or_model,"chứa 'tools' — công cụ (nhãn chỉ mô tả dấu hiệu trong truy vấn, KHÔNG chứng minh người tìm sẽ mua)",ánh xạ file→seed suy từ nội dung file (tên file chỉ ghi timestamp)
M-K481,M-S301,tuyển marketing,Việt Nam,2024-01-01,2026-10-08,Google Trends related-query interest index (Top),15,,,index 0–100 (chuẩn hóa riêng theo seed),Google Trends related queries (Top) cho seed 'ai marketing',index tương đối 0–100 (không phải volume),index nguyên văn trong CSV; biến động: 250%; index tương đối — KHÔNG phải volume tuyệt đối; KHÔNG so sánh liên-seed (mỗi seed chuẩn hóa riêng); KHÔNG quy đổi index thành lượt tìm kiếm,không nêu rõ (Google có thể gộp biến thể truy vấn),unknown,"'tuyển' — tuyển dụng (ngoài 6 nhãn chuyên biệt) (nhãn chỉ mô tả dấu hiệu trong truy vấn, KHÔNG chứng minh người tìm sẽ mua)",ánh xạ file→seed suy từ nội dung file (tên file chỉ ghi timestamp)
M-K482,M-S301,ai marketing agency,Việt Nam,2024-01-01,2026-10-08,Google Trends related-query interest index (Top),14,,,index 0–100 (chuẩn hóa riêng theo seed),Google Trends related queries (Top) cho seed 'ai marketing',index tương đối 0–100 (không phải volume),index nguyên văn trong CSV; biến động: 800%; index tương đối — KHÔNG phải volume tuyệt đối; KHÔNG so sánh liên-seed (mỗi seed chuẩn hóa riêng); KHÔNG quy đổi index thành lượt tìm kiếm,không nêu rõ (Google có thể gộp biến thể truy vấn),unknown,"'agency' — đơn vị dịch vụ (nhãn chỉ mô tả dấu hiệu trong truy vấn, KHÔNG chứng minh người tìm sẽ mua)",ánh xạ file→seed suy từ nội dung file (tên file chỉ ghi timestamp)
M-K483,M-S301,affiliate marketing ai,Việt Nam,2024-01-01,2026-10-08,Google Trends related-query interest index (Top),14,,,index 0–100 (chuẩn hóa riêng theo seed),Google Trends related queries (Top) cho seed 'ai marketing',index tương đối 0–100 (không phải volume),index nguyên văn trong CSV; biến động: 350%; index tương đối — KHÔNG phải volume tuyệt đối; KHÔNG so sánh liên-seed (mỗi seed chuẩn hóa riêng); KHÔNG quy đổi index thành lượt tìm kiếm,không nêu rõ (Google có thể gộp biến thể truy vấn),tool_or_model,"'affiliate marketing' + 'ai' (nhãn chỉ mô tả dấu hiệu trong truy vấn, KHÔNG chứng minh người tìm sẽ mua)",ánh xạ file→seed suy từ nội dung file (tên file chỉ ghi timestamp)
M-K484,M-S301,affiliate marketing,Việt Nam,2024-01-01,2026-10-08,Google Trends related-query interest index (Top),14,,,index 0–100 (chuẩn hóa riêng theo seed),Google Trends related queries (Top) cho seed 'ai marketing',index tương đối 0–100 (không phải volume),index nguyên văn trong CSV; biến động: 350%; index tương đối — KHÔNG phải volume tuyệt đối; KHÔNG so sánh liên-seed (mỗi seed chuẩn hóa riêng); KHÔNG quy đổi index thành lượt tìm kiếm,không nêu rõ (Google có thể gộp biến thể truy vấn),unknown,"chủ đề/kỹ năng (nhãn chỉ mô tả dấu hiệu trong truy vấn, KHÔNG chứng minh người tìm sẽ mua)",ánh xạ file→seed suy từ nội dung file (tên file chỉ ghi timestamp)
M-K485,M-S301,open ai,Việt Nam,2024-01-01,2026-10-08,Google Trends related-query interest index (Top),13,,,index 0–100 (chuẩn hóa riêng theo seed),Google Trends related queries (Top) cho seed 'ai marketing',index tương đối 0–100 (không phải volume),index nguyên văn trong CSV; biến động: 1.750%; index tương đối — KHÔNG phải volume tuyệt đối; KHÔNG so sánh liên-seed (mỗi seed chuẩn hóa riêng); KHÔNG quy đổi index thành lượt tìm kiếm,không nêu rõ (Google có thể gộp biến thể truy vấn),tool_or_model,"tên tổ chức/mô hình AI (OpenAI) (nhãn chỉ mô tả dấu hiệu trong truy vấn, KHÔNG chứng minh người tìm sẽ mua)",ánh xạ file→seed suy từ nội dung file (tên file chỉ ghi timestamp)
M-K486,M-S301,gemini ai,Việt Nam,2024-01-01,2026-10-08,Google Trends related-query interest index (Top),13,,,index 0–100 (chuẩn hóa riêng theo seed),Google Trends related queries (Top) cho seed 'ai marketing',index tương đối 0–100 (không phải volume),index nguyên văn trong CSV; biến động: Breakout; index tương đối — KHÔNG phải volume tuyệt đối; KHÔNG so sánh liên-seed (mỗi seed chuẩn hóa riêng); KHÔNG quy đổi index thành lượt tìm kiếm,không nêu rõ (Google có thể gộp biến thể truy vấn),tool_or_model,"tên mô hình AI (Gemini) (nhãn chỉ mô tả dấu hiệu trong truy vấn, KHÔNG chứng minh người tìm sẽ mua)",ánh xạ file→seed suy từ nội dung file (tên file chỉ ghi timestamp)
M-K487,M-S301,chiến lược marketing,Việt Nam,2024-01-01,2026-10-08,Google Trends related-query interest index (Top),13,,,index 0–100 (chuẩn hóa riêng theo seed),Google Trends related queries (Top) cho seed 'ai marketing',index tương đối 0–100 (không phải volume),index nguyên văn trong CSV; biến động: 60%; index tương đối — KHÔNG phải volume tuyệt đối; KHÔNG so sánh liên-seed (mỗi seed chuẩn hóa riêng); KHÔNG quy đổi index thành lượt tìm kiếm,không nêu rõ (Google có thể gộp biến thể truy vấn),unknown,"chủ đề/khái niệm (nhãn chỉ mô tả dấu hiệu trong truy vấn, KHÔNG chứng minh người tìm sẽ mua)",ánh xạ file→seed suy từ nội dung file (tên file chỉ ghi timestamp)
M-K488,M-S301,ai for digital marketing,Việt Nam,2024-01-01,2026-10-08,Google Trends related-query interest index (Top),13,,,index 0–100 (chuẩn hóa riêng theo seed),Google Trends related queries (Top) cho seed 'ai marketing',index tương đối 0–100 (không phải volume),index nguyên văn trong CSV; biến động: 2.350%; index tương đối — KHÔNG phải volume tuyệt đối; KHÔNG so sánh liên-seed (mỗi seed chuẩn hóa riêng); KHÔNG quy đổi index thành lượt tìm kiếm,không nêu rõ (Google có thể gộp biến thể truy vấn),tool_or_model,"'ai for digital marketing' — ứng dụng AI (nhãn chỉ mô tả dấu hiệu trong truy vấn, KHÔNG chứng minh người tìm sẽ mua)",ánh xạ file→seed suy từ nội dung file (tên file chỉ ghi timestamp)
M-K489,M-S301,chat ai,Việt Nam,2024-01-01,2026-10-08,Google Trends related-query interest index (Top),13,,,index 0–100 (chuẩn hóa riêng theo seed),Google Trends related queries (Top) cho seed 'ai marketing',index tương đối 0–100 (không phải volume),index nguyên văn trong CSV; biến động: 300%; index tương đối — KHÔNG phải volume tuyệt đối; KHÔNG so sánh liên-seed (mỗi seed chuẩn hóa riêng); KHÔNG quy đổi index thành lượt tìm kiếm,không nêu rõ (Google có thể gộp biến thể truy vấn),tool_or_model,"'chat ai' — công cụ AI (nhãn chỉ mô tả dấu hiệu trong truy vấn, KHÔNG chứng minh người tìm sẽ mua)",ánh xạ file→seed suy từ nội dung file (tên file chỉ ghi timestamp)
M-K490,M-S301,ai news today,Việt Nam,2024-01-01,2026-10-08,Google Trends related-query interest index (Top),13,,,index 0–100 (chuẩn hóa riêng theo seed),Google Trends related queries (Top) cho seed 'ai marketing',index tương đối 0–100 (không phải volume),index nguyên văn trong CSV; biến động: Breakout; index tương đối — KHÔNG phải volume tuyệt đối; KHÔNG so sánh liên-seed (mỗi seed chuẩn hóa riêng); KHÔNG quy đổi index thành lượt tìm kiếm,không nêu rõ (Google có thể gộp biến thể truy vấn),news,"chứa 'news' — tin tức (nhãn chỉ mô tả dấu hiệu trong truy vấn, KHÔNG chứng minh người tìm sẽ mua)",ánh xạ file→seed suy từ nội dung file (tên file chỉ ghi timestamp)
M-K491,M-S301,influencer marketing,Việt Nam,2024-01-01,2026-10-08,Google Trends related-query interest index (Top),11,,,index 0–100 (chuẩn hóa riêng theo seed),Google Trends related queries (Top) cho seed 'ai marketing',index tương đối 0–100 (không phải volume),index nguyên văn trong CSV; biến động: 1.050%; index tương đối — KHÔNG phải volume tuyệt đối; KHÔNG so sánh liên-seed (mỗi seed chuẩn hóa riêng); KHÔNG quy đổi index thành lượt tìm kiếm,không nêu rõ (Google có thể gộp biến thể truy vấn),unknown,"chủ đề/kỹ năng (nhãn chỉ mô tả dấu hiệu trong truy vấn, KHÔNG chứng minh người tìm sẽ mua)",ánh xạ file→seed suy từ nội dung file (tên file chỉ ghi timestamp)
M-K492,M-S301,linkedin,Việt Nam,2024-01-01,2026-10-08,Google Trends related-query interest index (Top),11,,,index 0–100 (chuẩn hóa riêng theo seed),Google Trends related queries (Top) cho seed 'ai marketing',index tương đối 0–100 (không phải volume),index nguyên văn trong CSV; biến động: 2.350%; index tương đối — KHÔNG phải volume tuyệt đối; KHÔNG so sánh liên-seed (mỗi seed chuẩn hóa riêng); KHÔNG quy đổi index thành lượt tìm kiếm,không nêu rõ (Google có thể gộp biến thể truy vấn),unknown,"tên nền tảng; thiếu dấu hiệu (nhãn chỉ mô tả dấu hiệu trong truy vấn, KHÔNG chứng minh người tìm sẽ mua)",ánh xạ file→seed suy từ nội dung file (tên file chỉ ghi timestamp)
M-K493,M-S301,docs,Việt Nam,2024-01-01,2026-10-08,Google Trends related-query interest index (Top),10,,,index 0–100 (chuẩn hóa riêng theo seed),Google Trends related queries (Top) cho seed 'ai marketing',index tương đối 0–100 (không phải volume),index nguyên văn trong CSV; biến động: 4.850%; index tương đối — KHÔNG phải volume tuyệt đối; KHÔNG so sánh liên-seed (mỗi seed chuẩn hóa riêng); KHÔNG quy đổi index thành lượt tìm kiếm,không nêu rõ (Google có thể gộp biến thể truy vấn),unknown,"thiếu dấu hiệu (có thể là tài liệu) (nhãn chỉ mô tả dấu hiệu trong truy vấn, KHÔNG chứng minh người tìm sẽ mua)",ánh xạ file→seed suy từ nội dung file (tên file chỉ ghi timestamp)
M-K494,M-S301,ai hay,Việt Nam,2024-01-01,2026-10-08,Google Trends related-query interest index (Top),10,,,index 0–100 (chuẩn hóa riêng theo seed),Google Trends related queries (Top) cho seed 'ai marketing',index tương đối 0–100 (không phải volume),index nguyên văn trong CSV; biến động: 70%; index tương đối — KHÔNG phải volume tuyệt đối; KHÔNG so sánh liên-seed (mỗi seed chuẩn hóa riêng); KHÔNG quy đổi index thành lượt tìm kiếm,không nêu rõ (Google có thể gộp biến thể truy vấn),unknown,"'ai hay' (AI nào hay) — thiếu dấu hiệu (nhãn chỉ mô tả dấu hiệu trong truy vấn, KHÔNG chứng minh người tìm sẽ mua)",ánh xạ file→seed suy từ nội dung file (tên file chỉ ghi timestamp)
M-K495,M-S301,meta ai,Việt Nam,2024-01-01,2026-10-08,Google Trends related-query interest index (Top),9,,,index 0–100 (chuẩn hóa riêng theo seed),Google Trends related queries (Top) cho seed 'ai marketing',index tương đối 0–100 (không phải volume),index nguyên văn trong CSV; biến động: Breakout; index tương đối — KHÔNG phải volume tuyệt đối; KHÔNG so sánh liên-seed (mỗi seed chuẩn hóa riêng); KHÔNG quy đổi index thành lượt tìm kiếm,không nêu rõ (Google có thể gộp biến thể truy vấn),tool_or_model,"tên mô hình AI (Meta AI) (nhãn chỉ mô tả dấu hiệu trong truy vấn, KHÔNG chứng minh người tìm sẽ mua)",ánh xạ file→seed suy từ nội dung file (tên file chỉ ghi timestamp)
M-K496,M-S301,gg ai,Việt Nam,2024-01-01,2026-10-08,Google Trends related-query interest index (Top),9,,,index 0–100 (chuẩn hóa riêng theo seed),Google Trends related queries (Top) cho seed 'ai marketing',index tương đối 0–100 (không phải volume),index nguyên văn trong CSV; biến động: 110%; index tương đối — KHÔNG phải volume tuyệt đối; KHÔNG so sánh liên-seed (mỗi seed chuẩn hóa riêng); KHÔNG quy đổi index thành lượt tìm kiếm,không nêu rõ (Google có thể gộp biến thể truy vấn),tool_or_model,"'gg ai' — viết gọn Google AI (nhãn chỉ mô tả dấu hiệu trong truy vấn, KHÔNG chứng minh người tìm sẽ mua)",ánh xạ file→seed suy từ nội dung file (tên file chỉ ghi timestamp)
M-K497,M-S301,claude,Việt Nam,2024-01-01,2026-10-08,Google Trends related-query interest index (Top),9,,,index 0–100 (chuẩn hóa riêng theo seed),Google Trends related queries (Top) cho seed 'ai marketing',index tương đối 0–100 (không phải volume),index nguyên văn trong CSV; biến động: 4.300%; index tương đối — KHÔNG phải volume tuyệt đối; KHÔNG so sánh liên-seed (mỗi seed chuẩn hóa riêng); KHÔNG quy đổi index thành lượt tìm kiếm,không nêu rõ (Google có thể gộp biến thể truy vấn),tool_or_model,"tên mô hình AI (Claude) (nhãn chỉ mô tả dấu hiệu trong truy vấn, KHÔNG chứng minh người tìm sẽ mua)",ánh xạ file→seed suy từ nội dung file (tên file chỉ ghi timestamp)
M-K498,M-S301,claude ai,Việt Nam,2024-01-01,2026-10-08,Google Trends related-query interest index (Top),9,,,index 0–100 (chuẩn hóa riêng theo seed),Google Trends related queries (Top) cho seed 'ai marketing',index tương đối 0–100 (không phải volume),index nguyên văn trong CSV; biến động: 3.600%; index tương đối — KHÔNG phải volume tuyệt đối; KHÔNG so sánh liên-seed (mỗi seed chuẩn hóa riêng); KHÔNG quy đổi index thành lượt tìm kiếm,không nêu rõ (Google có thể gộp biến thể truy vấn),tool_or_model,"tên mô hình AI (Claude) (nhãn chỉ mô tả dấu hiệu trong truy vấn, KHÔNG chứng minh người tìm sẽ mua)",ánh xạ file→seed suy từ nội dung file (tên file chỉ ghi timestamp)
M-K499,M-S301,ai check,Việt Nam,2024-01-01,2026-10-08,Google Trends related-query interest index (Top),7,,,index 0–100 (chuẩn hóa riêng theo seed),Google Trends related queries (Top) cho seed 'ai marketing',index tương đối 0–100 (không phải volume),index nguyên văn trong CSV; biến động: 1.900%; index tương đối — KHÔNG phải volume tuyệt đối; KHÔNG so sánh liên-seed (mỗi seed chuẩn hóa riêng); KHÔNG quy đổi index thành lượt tìm kiếm,không nêu rõ (Google có thể gộp biến thể truy vấn),tool_or_model,"'ai check' — công cụ kiểm tra AI (nhãn chỉ mô tả dấu hiệu trong truy vấn, KHÔNG chứng minh người tìm sẽ mua)",ánh xạ file→seed suy từ nội dung file (tên file chỉ ghi timestamp)
M-K500,M-S301,check ai,Việt Nam,2024-01-01,2026-10-08,Google Trends related-query interest index (Top),7,,,index 0–100 (chuẩn hóa riêng theo seed),Google Trends related queries (Top) cho seed 'ai marketing',index tương đối 0–100 (không phải volume),index nguyên văn trong CSV; biến động: 1.550%; index tương đối — KHÔNG phải volume tuyệt đối; KHÔNG so sánh liên-seed (mỗi seed chuẩn hóa riêng); KHÔNG quy đổi index thành lượt tìm kiếm,không nêu rõ (Google có thể gộp biến thể truy vấn),tool_or_model,"'check ai' — công cụ kiểm tra AI (nhãn chỉ mô tả dấu hiệu trong truy vấn, KHÔNG chứng minh người tìm sẽ mua)",ánh xạ file→seed suy từ nội dung file (tên file chỉ ghi timestamp)
M-K501,M-S301,ai marketing solutions,Việt Nam,2024-01-01,2026-10-08,Google Trends related-query interest index (Top),6,,,index 0–100 (chuẩn hóa riêng theo seed),Google Trends related queries (Top) cho seed 'ai marketing',index tương đối 0–100 (không phải volume),index nguyên văn trong CSV; biến động: 900%; index tương đối — KHÔNG phải volume tuyệt đối; KHÔNG so sánh liên-seed (mỗi seed chuẩn hóa riêng); KHÔNG quy đổi index thành lượt tìm kiếm,không nêu rõ (Google có thể gộp biến thể truy vấn),tool_or_model,"'solutions' — giải pháp/công cụ AI (nhãn chỉ mô tả dấu hiệu trong truy vấn, KHÔNG chứng minh người tìm sẽ mua)",ánh xạ file→seed suy từ nội dung file (tên file chỉ ghi timestamp)
M-K502,M-S301,đại học tài chính marketing,Việt Nam,2024-01-01,2026-10-08,Google Trends related-query interest index (Top),6,,,index 0–100 (chuẩn hóa riêng theo seed),Google Trends related queries (Top) cho seed 'ai marketing',index tương đối 0–100 (không phải volume),index nguyên văn trong CSV; biến động: 20%; index tương đối — KHÔNG phải volume tuyệt đối; KHÔNG so sánh liên-seed (mỗi seed chuẩn hóa riêng); KHÔNG quy đổi index thành lượt tìm kiếm,không nêu rõ (Google có thể gộp biến thể truy vấn),university,"chứa 'đại học' (nhãn chỉ mô tả dấu hiệu trong truy vấn, KHÔNG chứng minh người tìm sẽ mua)",ánh xạ file→seed suy từ nội dung file (tên file chỉ ghi timestamp)
M-K503,M-S301,generative ai for marketing,Việt Nam,2024-01-01,2026-10-08,Google Trends related-query interest index (Top),6,,,index 0–100 (chuẩn hóa riêng theo seed),Google Trends related queries (Top) cho seed 'ai marketing',index tương đối 0–100 (không phải volume),index nguyên văn trong CSV; biến động: Breakout; index tương đối — KHÔNG phải volume tuyệt đối; KHÔNG so sánh liên-seed (mỗi seed chuẩn hóa riêng); KHÔNG quy đổi index thành lượt tìm kiếm,không nêu rõ (Google có thể gộp biến thể truy vấn),tool_or_model,"'generative ai' — mô hình AI tạo sinh (nhãn chỉ mô tả dấu hiệu trong truy vấn, KHÔNG chứng minh người tìm sẽ mua)",ánh xạ file→seed suy từ nội dung file (tên file chỉ ghi timestamp)
M-K504,M-S301,digital marketing là gì,Việt Nam,2024-01-01,2026-10-08,Google Trends related-query interest index (Top),4,,,index 0–100 (chuẩn hóa riêng theo seed),Google Trends related queries (Top) cho seed 'ai marketing',index tương đối 0–100 (không phải volume),index nguyên văn trong CSV; biến động: 110%; index tương đối — KHÔNG phải volume tuyệt đối; KHÔNG so sánh liên-seed (mỗi seed chuẩn hóa riêng); KHÔNG quy đổi index thành lượt tìm kiếm,không nêu rõ (Google có thể gộp biến thể truy vấn),unknown,"định nghĩa khái niệm (nhãn chỉ mô tả dấu hiệu trong truy vấn, KHÔNG chứng minh người tìm sẽ mua)",ánh xạ file→seed suy từ nội dung file (tên file chỉ ghi timestamp)
M-K505,M-S301,gemini google ai,Việt Nam,2024-01-01,2026-10-08,Google Trends related-query interest index (Top),4,,,index 0–100 (chuẩn hóa riêng theo seed),Google Trends related queries (Top) cho seed 'ai marketing',index tương đối 0–100 (không phải volume),index nguyên văn trong CSV; biến động: Breakout; index tương đối — KHÔNG phải volume tuyệt đối; KHÔNG so sánh liên-seed (mỗi seed chuẩn hóa riêng); KHÔNG quy đổi index thành lượt tìm kiếm,không nêu rõ (Google có thể gộp biến thể truy vấn),tool_or_model,"tên mô hình AI (Gemini) (nhãn chỉ mô tả dấu hiệu trong truy vấn, KHÔNG chứng minh người tìm sẽ mua)",ánh xạ file→seed suy từ nội dung file (tên file chỉ ghi timestamp)
M-K506,M-S301,perplexity ai,Việt Nam,2024-01-01,2026-10-08,Google Trends related-query interest index (Top),4,,,index 0–100 (chuẩn hóa riêng theo seed),Google Trends related queries (Top) cho seed 'ai marketing',index tương đối 0–100 (không phải volume),index nguyên văn trong CSV; biến động: Breakout; index tương đối — KHÔNG phải volume tuyệt đối; KHÔNG so sánh liên-seed (mỗi seed chuẩn hóa riêng); KHÔNG quy đổi index thành lượt tìm kiếm,không nêu rõ (Google có thể gộp biến thể truy vấn),tool_or_model,"tên công cụ AI (Perplexity) (nhãn chỉ mô tả dấu hiệu trong truy vấn, KHÔNG chứng minh người tìm sẽ mua)",ánh xạ file→seed suy từ nội dung file (tên file chỉ ghi timestamp)
M-K507,M-S301,canva ai,Việt Nam,2024-01-01,2026-10-08,Google Trends related-query interest index (Top),3,,,index 0–100 (chuẩn hóa riêng theo seed),Google Trends related queries (Top) cho seed 'ai marketing',index tương đối 0–100 (không phải volume),index nguyên văn trong CSV; biến động: 550%; index tương đối — KHÔNG phải volume tuyệt đối; KHÔNG so sánh liên-seed (mỗi seed chuẩn hóa riêng); KHÔNG quy đổi index thành lượt tìm kiếm,không nêu rõ (Google có thể gộp biến thể truy vấn),tool_or_model,"tên công cụ AI (Canva AI) (nhãn chỉ mô tả dấu hiệu trong truy vấn, KHÔNG chứng minh người tìm sẽ mua)",ánh xạ file→seed suy từ nội dung file (tên file chỉ ghi timestamp)
M-K508,M-S301,copilot ai,Việt Nam,2024-01-01,2026-10-08,Google Trends related-query interest index (Top),3,,,index 0–100 (chuẩn hóa riêng theo seed),Google Trends related queries (Top) cho seed 'ai marketing',index tương đối 0–100 (không phải volume),index nguyên văn trong CSV; biến động: Breakout; index tương đối — KHÔNG phải volume tuyệt đối; KHÔNG so sánh liên-seed (mỗi seed chuẩn hóa riêng); KHÔNG quy đổi index thành lượt tìm kiếm,không nêu rõ (Google có thể gộp biến thể truy vấn),tool_or_model,"tên công cụ AI (Copilot) (nhãn chỉ mô tả dấu hiệu trong truy vấn, KHÔNG chứng minh người tìm sẽ mua)",ánh xạ file→seed suy từ nội dung file (tên file chỉ ghi timestamp)
M-K509,M-S301,ai digital marketing agency,Việt Nam,2024-01-01,2026-10-08,Google Trends related-query interest index (Top),3,,,index 0–100 (chuẩn hóa riêng theo seed),Google Trends related queries (Top) cho seed 'ai marketing',index tương đối 0–100 (không phải volume),index nguyên văn trong CSV; biến động: 650%; index tương đối — KHÔNG phải volume tuyệt đối; KHÔNG so sánh liên-seed (mỗi seed chuẩn hóa riêng); KHÔNG quy đổi index thành lượt tìm kiếm,không nêu rõ (Google có thể gộp biến thể truy vấn),unknown,"'agency' — đơn vị dịch vụ (nhãn chỉ mô tả dấu hiệu trong truy vấn, KHÔNG chứng minh người tìm sẽ mua)",ánh xạ file→seed suy từ nội dung file (tên file chỉ ghi timestamp)
M-K510,M-S301,deepseek,Việt Nam,2024-01-01,2026-10-08,Google Trends related-query interest index (Top),2,,,index 0–100 (chuẩn hóa riêng theo seed),Google Trends related queries (Top) cho seed 'ai marketing',index tương đối 0–100 (không phải volume),index nguyên văn trong CSV; biến động: Breakout; index tương đối — KHÔNG phải volume tuyệt đối; KHÔNG so sánh liên-seed (mỗi seed chuẩn hóa riêng); KHÔNG quy đổi index thành lượt tìm kiếm,không nêu rõ (Google có thể gộp biến thể truy vấn),tool_or_model,"tên mô hình AI (DeepSeek) (nhãn chỉ mô tả dấu hiệu trong truy vấn, KHÔNG chứng minh người tìm sẽ mua)",ánh xạ file→seed suy từ nội dung file (tên file chỉ ghi timestamp)
M-K511,M-S301,google ai studio,Việt Nam,2024-01-01,2026-10-08,Google Trends related-query interest index (Top),2,,,index 0–100 (chuẩn hóa riêng theo seed),Google Trends related queries (Top) cho seed 'ai marketing',index tương đối 0–100 (không phải volume),index nguyên văn trong CSV; biến động: Breakout; index tương đối — KHÔNG phải volume tuyệt đối; KHÔNG so sánh liên-seed (mỗi seed chuẩn hóa riêng); KHÔNG quy đổi index thành lượt tìm kiếm,không nêu rõ (Google có thể gộp biến thể truy vấn),tool_or_model,"tên nền tảng AI (Google AI Studio) (nhãn chỉ mô tả dấu hiệu trong truy vấn, KHÔNG chứng minh người tìm sẽ mua)",ánh xạ file→seed suy từ nội dung file (tên file chỉ ghi timestamp)
M-K512,M-S301,deepseek ai,Việt Nam,2024-01-01,2026-10-08,Google Trends related-query interest index (Rising),2,,,index 0–100 (chuẩn hóa riêng theo seed),Google Trends related queries (Rising) cho seed 'ai marketing',index tương đối 0–100 (không phải volume),index nguyên văn trong CSV; biến động: Breakout; index tương đối — KHÔNG phải volume tuyệt đối; KHÔNG so sánh liên-seed (mỗi seed chuẩn hóa riêng); KHÔNG quy đổi index thành lượt tìm kiếm,không nêu rõ (Google có thể gộp biến thể truy vấn),tool_or_model,"tên mô hình AI (DeepSeek) (nhãn chỉ mô tả dấu hiệu trong truy vấn, KHÔNG chứng minh người tìm sẽ mua)",ánh xạ file→seed suy từ nội dung file (tên file chỉ ghi timestamp)
M-K513,M-S301,content marketing strategies,Việt Nam,2024-01-01,2026-10-08,Google Trends related-query interest index (Rising),2,,,index 0–100 (chuẩn hóa riêng theo seed),Google Trends related queries (Rising) cho seed 'ai marketing',index tương đối 0–100 (không phải volume),index nguyên văn trong CSV; biến động: Breakout; index tương đối — KHÔNG phải volume tuyệt đối; KHÔNG so sánh liên-seed (mỗi seed chuẩn hóa riêng); KHÔNG quy đổi index thành lượt tìm kiếm,không nêu rõ (Google có thể gộp biến thể truy vấn),unknown,"chủ đề/chiến lược (nhãn chỉ mô tả dấu hiệu trong truy vấn, KHÔNG chứng minh người tìm sẽ mua)",ánh xạ file→seed suy từ nội dung file (tên file chỉ ghi timestamp)
M-K514,M-S301,blackbox ai,Việt Nam,2024-01-01,2026-10-08,Google Trends related-query interest index (Rising),2,,,index 0–100 (chuẩn hóa riêng theo seed),Google Trends related queries (Rising) cho seed 'ai marketing',index tương đối 0–100 (không phải volume),index nguyên văn trong CSV; biến động: Breakout; index tương đối — KHÔNG phải volume tuyệt đối; KHÔNG so sánh liên-seed (mỗi seed chuẩn hóa riêng); KHÔNG quy đổi index thành lượt tìm kiếm,không nêu rõ (Google có thể gộp biến thể truy vấn),tool_or_model,"tên công cụ AI (Blackbox) (nhãn chỉ mô tả dấu hiệu trong truy vấn, KHÔNG chứng minh người tìm sẽ mua)",ánh xạ file→seed suy từ nội dung file (tên file chỉ ghi timestamp)
M-K515,M-S301,grok,Việt Nam,2024-01-01,2026-10-08,Google Trends related-query interest index (Rising),2,,,index 0–100 (chuẩn hóa riêng theo seed),Google Trends related queries (Rising) cho seed 'ai marketing',index tương đối 0–100 (không phải volume),index nguyên văn trong CSV; biến động: Breakout; index tương đối — KHÔNG phải volume tuyệt đối; KHÔNG so sánh liên-seed (mỗi seed chuẩn hóa riêng); KHÔNG quy đổi index thành lượt tìm kiếm,không nêu rõ (Google có thể gộp biến thể truy vấn),tool_or_model,"tên mô hình AI (Grok) (nhãn chỉ mô tả dấu hiệu trong truy vấn, KHÔNG chứng minh người tìm sẽ mua)",ánh xạ file→seed suy từ nội dung file (tên file chỉ ghi timestamp)
M-K516,M-S301,gamma ai,Việt Nam,2024-01-01,2026-10-08,Google Trends related-query interest index (Rising),2,,,index 0–100 (chuẩn hóa riêng theo seed),Google Trends related queries (Rising) cho seed 'ai marketing',index tương đối 0–100 (không phải volume),index nguyên văn trong CSV; biến động: Breakout; index tương đối — KHÔNG phải volume tuyệt đối; KHÔNG so sánh liên-seed (mỗi seed chuẩn hóa riêng); KHÔNG quy đổi index thành lượt tìm kiếm,không nêu rõ (Google có thể gộp biến thể truy vấn),tool_or_model,"tên công cụ AI (Gamma) (nhãn chỉ mô tả dấu hiệu trong truy vấn, KHÔNG chứng minh người tìm sẽ mua)",ánh xạ file→seed suy từ nội dung file (tên file chỉ ghi timestamp)
M-K517,M-S301,ai detector,Việt Nam,2024-01-01,2026-10-08,Google Trends related-query interest index (Rising),2,,,index 0–100 (chuẩn hóa riêng theo seed),Google Trends related queries (Rising) cho seed 'ai marketing',index tương đối 0–100 (không phải volume),index nguyên văn trong CSV; biến động: Breakout; index tương đối — KHÔNG phải volume tuyệt đối; KHÔNG so sánh liên-seed (mỗi seed chuẩn hóa riêng); KHÔNG quy đổi index thành lượt tìm kiếm,không nêu rõ (Google có thể gộp biến thể truy vấn),tool_or_model,"'detector' — công cụ phát hiện AI (nhãn chỉ mô tả dấu hiệu trong truy vấn, KHÔNG chứng minh người tìm sẽ mua)",ánh xạ file→seed suy từ nội dung file (tên file chỉ ghi timestamp)
M-K518,M-S301,email marketing campaigns,Việt Nam,2024-01-01,2026-10-08,Google Trends related-query interest index (Rising),1,,,index 0–100 (chuẩn hóa riêng theo seed),Google Trends related queries (Rising) cho seed 'ai marketing',index tương đối 0–100 (không phải volume),index nguyên văn trong CSV; biến động: Breakout; index tương đối — KHÔNG phải volume tuyệt đối; KHÔNG so sánh liên-seed (mỗi seed chuẩn hóa riêng); KHÔNG quy đổi index thành lượt tìm kiếm,không nêu rõ (Google có thể gộp biến thể truy vấn),unknown,"chủ đề/chiến dịch (nhãn chỉ mô tả dấu hiệu trong truy vấn, KHÔNG chứng minh người tìm sẽ mua)",ánh xạ file→seed suy từ nội dung file (tên file chỉ ghi timestamp)
M-K519,M-S301,notebooklm,Việt Nam,2024-01-01,2026-10-08,Google Trends related-query interest index (Rising),1,,,index 0–100 (chuẩn hóa riêng theo seed),Google Trends related queries (Rising) cho seed 'ai marketing',index tương đối 0–100 (không phải volume),index nguyên văn trong CSV; biến động: Breakout; index tương đối — KHÔNG phải volume tuyệt đối; KHÔNG so sánh liên-seed (mỗi seed chuẩn hóa riêng); KHÔNG quy đổi index thành lượt tìm kiếm,không nêu rõ (Google có thể gộp biến thể truy vấn),tool_or_model,"tên công cụ AI (NotebookLM) (nhãn chỉ mô tả dấu hiệu trong truy vấn, KHÔNG chứng minh người tìm sẽ mua)",ánh xạ file→seed suy từ nội dung file (tên file chỉ ghi timestamp)
M-K520,M-S301,máy photocopy,Việt Nam,2024-01-01,2026-10-08,Google Trends related-query interest index (Rising),1,,,index 0–100 (chuẩn hóa riêng theo seed),Google Trends related queries (Rising) cho seed 'ai marketing',index tương đối 0–100 (không phải volume),index nguyên văn trong CSV; biến động: Breakout; index tương đối — KHÔNG phải volume tuyệt đối; KHÔNG so sánh liên-seed (mỗi seed chuẩn hóa riêng); KHÔNG quy đổi index thành lượt tìm kiếm,không nêu rõ (Google có thể gộp biến thể truy vấn),unknown,"không liên quan (nhiễu) (nhãn chỉ mô tả dấu hiệu trong truy vấn, KHÔNG chứng minh người tìm sẽ mua)",ánh xạ file→seed suy từ nội dung file (tên file chỉ ghi timestamp)
M-K521,M-S301,walmart near me,Việt Nam,2024-01-01,2026-10-08,Google Trends related-query interest index (Rising),1,,,index 0–100 (chuẩn hóa riêng theo seed),Google Trends related queries (Rising) cho seed 'ai marketing',index tương đối 0–100 (không phải volume),index nguyên văn trong CSV; biến động: Breakout; index tương đối — KHÔNG phải volume tuyệt đối; KHÔNG so sánh liên-seed (mỗi seed chuẩn hóa riêng); KHÔNG quy đổi index thành lượt tìm kiếm,không nêu rõ (Google có thể gộp biến thể truy vấn),unknown,"không liên quan (nhiễu) (nhãn chỉ mô tả dấu hiệu trong truy vấn, KHÔNG chứng minh người tìm sẽ mua)",ánh xạ file→seed suy từ nội dung file (tên file chỉ ghi timestamp)
M-K522,M-S301,viral marketing strategies,Việt Nam,2024-01-01,2026-10-08,Google Trends related-query interest index (Rising),1,,,index 0–100 (chuẩn hóa riêng theo seed),Google Trends related queries (Rising) cho seed 'ai marketing',index tương đối 0–100 (không phải volume),index nguyên văn trong CSV; biến động: Breakout; index tương đối — KHÔNG phải volume tuyệt đối; KHÔNG so sánh liên-seed (mỗi seed chuẩn hóa riêng); KHÔNG quy đổi index thành lượt tìm kiếm,không nêu rõ (Google có thể gộp biến thể truy vấn),unknown,"chủ đề/chiến lược (nhãn chỉ mô tả dấu hiệu trong truy vấn, KHÔNG chứng minh người tìm sẽ mua)",ánh xạ file→seed suy từ nội dung file (tên file chỉ ghi timestamp)
M-K523,M-S301,tuyển nhân viên it,Việt Nam,2024-01-01,2026-10-08,Google Trends related-query interest index (Rising),1,,,index 0–100 (chuẩn hóa riêng theo seed),Google Trends related queries (Rising) cho seed 'ai marketing',index tương đối 0–100 (không phải volume),index nguyên văn trong CSV; biến động: Breakout; index tương đối — KHÔNG phải volume tuyệt đối; KHÔNG so sánh liên-seed (mỗi seed chuẩn hóa riêng); KHÔNG quy đổi index thành lượt tìm kiếm,không nêu rõ (Google có thể gộp biến thể truy vấn),unknown,"'tuyển' — tuyển dụng (nhãn chỉ mô tả dấu hiệu trong truy vấn, KHÔNG chứng minh người tìm sẽ mua)",ánh xạ file→seed suy từ nội dung file (tên file chỉ ghi timestamp)
M-K524,M-S301,nickvui,Việt Nam,2024-01-01,2026-10-08,Google Trends related-query interest index (Rising),1,,,index 0–100 (chuẩn hóa riêng theo seed),Google Trends related queries (Rising) cho seed 'ai marketing',index tương đối 0–100 (không phải volume),index nguyên văn trong CSV; biến động: Breakout; index tương đối — KHÔNG phải volume tuyệt đối; KHÔNG so sánh liên-seed (mỗi seed chuẩn hóa riêng); KHÔNG quy đổi index thành lượt tìm kiếm,không nêu rõ (Google có thể gộp biến thể truy vấn),unknown,"tên thương hiệu; thiếu dấu hiệu (nhãn chỉ mô tả dấu hiệu trong truy vấn, KHÔNG chứng minh người tìm sẽ mua)",ánh xạ file→seed suy từ nội dung file (tên file chỉ ghi timestamp)
M-K525,M-S301,natural language processing,Việt Nam,2024-01-01,2026-10-08,Google Trends related-query interest index (Rising),1,,,index 0–100 (chuẩn hóa riêng theo seed),Google Trends related queries (Rising) cho seed 'ai marketing',index tương đối 0–100 (không phải volume),index nguyên văn trong CSV; biến động: Breakout; index tương đối — KHÔNG phải volume tuyệt đối; KHÔNG so sánh liên-seed (mỗi seed chuẩn hóa riêng); KHÔNG quy đổi index thành lượt tìm kiếm,không nêu rõ (Google có thể gộp biến thể truy vấn),unknown,"thuật ngữ chuyên môn (nhãn chỉ mô tả dấu hiệu trong truy vấn, KHÔNG chứng minh người tìm sẽ mua)",ánh xạ file→seed suy từ nội dung file (tên file chỉ ghi timestamp)
M-K526,M-S301,humanize ai,Việt Nam,2024-01-01,2026-10-08,Google Trends related-query interest index (Rising),1,,,index 0–100 (chuẩn hóa riêng theo seed),Google Trends related queries (Rising) cho seed 'ai marketing',index tương đối 0–100 (không phải volume),index nguyên văn trong CSV; biến động: Breakout; index tương đối — KHÔNG phải volume tuyệt đối; KHÔNG so sánh liên-seed (mỗi seed chuẩn hóa riêng); KHÔNG quy đổi index thành lượt tìm kiếm,không nêu rõ (Google có thể gộp biến thể truy vấn),tool_or_model,"'humanize ai' — công cụ AI (nhãn chỉ mô tả dấu hiệu trong truy vấn, KHÔNG chứng minh người tìm sẽ mua)",ánh xạ file→seed suy từ nội dung file (tên file chỉ ghi timestamp)
M-K527,M-S301,leonardo ai,Việt Nam,2024-01-01,2026-10-08,Google Trends related-query interest index (Rising),1,,,index 0–100 (chuẩn hóa riêng theo seed),Google Trends related queries (Rising) cho seed 'ai marketing',index tương đối 0–100 (không phải volume),index nguyên văn trong CSV; biến động: Breakout; index tương đối — KHÔNG phải volume tuyệt đối; KHÔNG so sánh liên-seed (mỗi seed chuẩn hóa riêng); KHÔNG quy đổi index thành lượt tìm kiếm,không nêu rõ (Google có thể gộp biến thể truy vấn),tool_or_model,"tên công cụ AI (Leonardo) (nhãn chỉ mô tả dấu hiệu trong truy vấn, KHÔNG chứng minh người tìm sẽ mua)",ánh xạ file→seed suy từ nội dung file (tên file chỉ ghi timestamp)
M-K528,M-S301,tuyển kế toán trưởng,Việt Nam,2024-01-01,2026-10-08,Google Trends related-query interest index (Rising),1,,,index 0–100 (chuẩn hóa riêng theo seed),Google Trends related queries (Rising) cho seed 'ai marketing',index tương đối 0–100 (không phải volume),index nguyên văn trong CSV; biến động: Breakout; index tương đối — KHÔNG phải volume tuyệt đối; KHÔNG so sánh liên-seed (mỗi seed chuẩn hóa riêng); KHÔNG quy đổi index thành lượt tìm kiếm,không nêu rõ (Google có thể gộp biến thể truy vấn),unknown,"'tuyển' — tuyển dụng (nhãn chỉ mô tả dấu hiệu trong truy vấn, KHÔNG chứng minh người tìm sẽ mua)",ánh xạ file→seed suy từ nội dung file (tên file chỉ ghi timestamp)
M-K529,M-S301,napkin ai,Việt Nam,2024-01-01,2026-10-08,Google Trends related-query interest index (Rising),0,,,index 0–100 (chuẩn hóa riêng theo seed),Google Trends related queries (Rising) cho seed 'ai marketing',index tương đối 0–100 (không phải volume),index nguyên văn trong CSV; biến động: Breakout; index tương đối — KHÔNG phải volume tuyệt đối; KHÔNG so sánh liên-seed (mỗi seed chuẩn hóa riêng); KHÔNG quy đổi index thành lượt tìm kiếm,không nêu rõ (Google có thể gộp biến thể truy vấn),tool_or_model,"tên công cụ AI (Napkin) (nhãn chỉ mô tả dấu hiệu trong truy vấn, KHÔNG chứng minh người tìm sẽ mua)",ánh xạ file→seed suy từ nội dung file (tên file chỉ ghi timestamp)
M-K530,M-S301,老虎,Việt Nam,2024-01-01,2026-10-08,Google Trends related-query interest index (Rising),0,,,index 0–100 (chuẩn hóa riêng theo seed),Google Trends related queries (Rising) cho seed 'ai marketing',index tương đối 0–100 (không phải volume),index nguyên văn trong CSV; biến động: Breakout; index tương đối — KHÔNG phải volume tuyệt đối; KHÔNG so sánh liên-seed (mỗi seed chuẩn hóa riêng); KHÔNG quy đổi index thành lượt tìm kiếm,không nêu rõ (Google có thể gộp biến thể truy vấn),unknown,"ký tự tiếng Trung ('hổ'); không liên quan rõ ràng (nhãn chỉ mô tả dấu hiệu trong truy vấn, KHÔNG chứng minh người tìm sẽ mua)",ánh xạ file→seed suy từ nội dung file (tên file chỉ ghi timestamp)
M-K531,M-S301,iphone 14 pro max cũ,Việt Nam,2024-01-01,2026-10-08,Google Trends related-query interest index (Rising),0,,,index 0–100 (chuẩn hóa riêng theo seed),Google Trends related queries (Rising) cho seed 'ai marketing',index tương đối 0–100 (không phải volume),index nguyên văn trong CSV; biến động: Breakout; index tương đối — KHÔNG phải volume tuyệt đối; KHÔNG so sánh liên-seed (mỗi seed chuẩn hóa riêng); KHÔNG quy đổi index thành lượt tìm kiếm,không nêu rõ (Google có thể gộp biến thể truy vấn),unknown,"không liên quan (nhiễu) (nhãn chỉ mô tả dấu hiệu trong truy vấn, KHÔNG chứng minh người tìm sẽ mua)",ánh xạ file→seed suy từ nội dung file (tên file chỉ ghi timestamp)
M-K532,M-S301,bing ai chat,Việt Nam,2024-01-01,2026-10-08,Google Trends related-query interest index (Rising),0,,,index 0–100 (chuẩn hóa riêng theo seed),Google Trends related queries (Rising) cho seed 'ai marketing',index tương đối 0–100 (không phải volume),index nguyên văn trong CSV; biến động: 4.100%; index tương đối — KHÔNG phải volume tuyệt đối; KHÔNG so sánh liên-seed (mỗi seed chuẩn hóa riêng); KHÔNG quy đổi index thành lượt tìm kiếm,không nêu rõ (Google có thể gộp biến thể truy vấn),tool_or_model,"'bing ai chat' — công cụ AI (nhãn chỉ mô tả dấu hiệu trong truy vấn, KHÔNG chứng minh người tìm sẽ mua)",ánh xạ file→seed suy từ nội dung file (tên file chỉ ghi timestamp)
M-K533,M-S301,deep learning tutorials,Việt Nam,2024-01-01,2026-10-08,Google Trends related-query interest index (Rising),0,,,index 0–100 (chuẩn hóa riêng theo seed),Google Trends related queries (Rising) cho seed 'ai marketing',index tương đối 0–100 (không phải volume),index nguyên văn trong CSV; biến động: 3.850%; index tương đối — KHÔNG phải volume tuyệt đối; KHÔNG so sánh liên-seed (mỗi seed chuẩn hóa riêng); KHÔNG quy đổi index thành lượt tìm kiếm,không nêu rõ (Google có thể gộp biến thể truy vấn),unknown,"'tutorials' — tài liệu học; thiếu từ 'khóa học'/'lớp'/'đào tạo' (nhãn chỉ mô tả dấu hiệu trong truy vấn, KHÔNG chứng minh người tìm sẽ mua)",ánh xạ file→seed suy từ nội dung file (tên file chỉ ghi timestamp)
M-K534,M-S303,khóa học digital marketing online,không nêu rõ (bài viết tiếng Việt),,,truy vấn ví dụ minh họa trong bài viết,,,,,"tác giả nêu ví dụ ('Google có thể gợi ý…', 'sử dụng Ahrefs có thể giúp bạn tìm ra…'); không kèm số liệu đo",không có số liệu (ví dụ minh họa),minh họa — không phải dữ liệu đo,,course_explicit,"ví dụ từ khóa ngữ nghĩa qua Ahrefs do tác giả nêu (minh họa, không kèm số liệu); chứa 'khóa học' (nhãn chỉ mô tả dấu hiệu trong truy vấn, KHÔNG chứng minh người tìm sẽ mua)",không có giá trị số; địa lý và thời kỳ không nêu
M-K535,M-S303,nguyên tắc digital marketing cơ bản,không nêu rõ (bài viết tiếng Việt),,,truy vấn ví dụ minh họa trong bài viết,,,,,"tác giả nêu ví dụ ('Google có thể gợi ý…', 'sử dụng Ahrefs có thể giúp bạn tìm ra…'); không kèm số liệu đo",không có số liệu (ví dụ minh họa),minh họa — không phải dữ liệu đo,,unknown,"ví dụ minh họa; chủ đề/khái niệm (nhãn chỉ mô tả dấu hiệu trong truy vấn, KHÔNG chứng minh người tìm sẽ mua)",không có giá trị số; địa lý và thời kỳ không nêu
M-K536,M-S303,chiến lược marketing trực tuyến,không nêu rõ (bài viết tiếng Việt),,,truy vấn ví dụ minh họa trong bài viết,,,,,"tác giả nêu ví dụ ('Google có thể gợi ý…', 'sử dụng Ahrefs có thể giúp bạn tìm ra…'); không kèm số liệu đo",không có số liệu (ví dụ minh họa),minh họa — không phải dữ liệu đo,,unknown,"ví dụ minh họa; chủ đề (nhãn chỉ mô tả dấu hiệu trong truy vấn, KHÔNG chứng minh người tìm sẽ mua)",không có giá trị số; địa lý và thời kỳ không nêu
M-K537,M-S303,học SEO trong digital marketing,không nêu rõ (bài viết tiếng Việt),,,truy vấn ví dụ minh họa trong bài viết,,,,,"tác giả nêu ví dụ ('Google có thể gợi ý…', 'sử dụng Ahrefs có thể giúp bạn tìm ra…'); không kèm số liệu đo",không có số liệu (ví dụ minh họa),minh họa — không phải dữ liệu đo,,unknown,"ví dụ minh họa; 'học SEO' thiếu từ 'khóa học'/'lớp'/'đào tạo' theo định nghĩa nhãn (nhãn chỉ mô tả dấu hiệu trong truy vấn, KHÔNG chứng minh người tìm sẽ mua)",không có giá trị số; địa lý và thời kỳ không nêu
M-K538,M-S303,học digital marketing miễn phí,không nêu rõ (bài viết tiếng Việt),,,truy vấn ví dụ minh họa trong bài viết,,,,,"tác giả nêu ví dụ ('Google có thể gợi ý…', 'sử dụng Ahrefs có thể giúp bạn tìm ra…'); không kèm số liệu đo",không có số liệu (ví dụ minh họa),minh họa — không phải dữ liệu đo,,unknown,"ví dụ Google Suggest minh họa; 'miễn phí' là thuộc tính, thiếu từ 'khóa học'/'lớp'/'đào tạo' (nhãn chỉ mô tả dấu hiệu trong truy vấn, KHÔNG chứng minh người tìm sẽ mua)",không có giá trị số; địa lý và thời kỳ không nêu
M-K539,M-S303,khóa học digital marketing tốt nhất,không nêu rõ (bài viết tiếng Việt),,,truy vấn ví dụ minh họa trong bài viết,,,,,"tác giả nêu ví dụ ('Google có thể gợi ý…', 'sử dụng Ahrefs có thể giúp bạn tìm ra…'); không kèm số liệu đo",không có số liệu (ví dụ minh họa),minh họa — không phải dữ liệu đo,,course_explicit,"ví dụ Google Suggest minh họa; chứa 'khóa học' (nhãn chỉ mô tả dấu hiệu trong truy vấn, KHÔNG chứng minh người tìm sẽ mua)",không có giá trị số; địa lý và thời kỳ không nêu
M-K540,M-S303,học digital marketing EQVN,không nêu rõ (bài viết tiếng Việt),,,truy vấn ví dụ minh họa trong bài viết,,,,,"tác giả nêu ví dụ ('Google có thể gợi ý…', 'sử dụng Ahrefs có thể giúp bạn tìm ra…'); không kèm số liệu đo",không có số liệu (ví dụ minh họa),minh họa — không phải dữ liệu đo,,unknown,"ví dụ Google Suggest minh họa; chứa tên thương hiệu EQVN (nhãn chỉ mô tả dấu hiệu trong truy vấn, KHÔNG chứng minh người tìm sẽ mua)",không có giá trị số; địa lý và thời kỳ không nêu
